사고번호,사고일시,요일,시군구,사고내용,사망자수,중상자수,경상자수,부상신고자수,사고유형,법규위반,노면상태,기상상태,도로형태,가해운전자 차종,가해운전자 성별,가해운전자 연령,가해운전자 상해정도,피해운전자 차종,피해운전자 성별,피해운전자 연령,피해운전자 상해정도
2022011500100518,2022년 1월 15일 21시,토요일,대전광역시 서구 둔산동,중상사고,0,1,0,0,차대차 - 측면충돌,안전운전불이행,건조,맑음,단일로 - 기타,승용,남,65세,상해없음,이륜,남,25세,중상
2022011500100519,2022년 1월 15일 21시,토요일,대전광역시 서구 둔산동,경상사고,0,0,4,0,차대차 - 추돌,안전운전불이행,건조,맑음,교차로 - 교차로부근,승용,여,32세,상해없음,승용,남,26세,경상
2022011500100543,2022년 1월 15일 22시,토요일,대전광역시 동구 용전동,경상사고,0,0,2,0,차대차 - 후진중충돌,안전운전불이행,건조,맑음,교차로 - 교차로부근,승용,남,29세,상해없음,승용,남,27세,경상
2022011500100544,2022년 1월 15일 22시,토요일,대전광역시 대덕구 덕암동,경상사고,0,0,2,0,차대차 - 측면충돌,안전운전불이행,건조,맑음,단일로 - 기타,화물,남,53세,상해없음,승용,여,25세,경상
2022011600100046,2022년 1월 16일 08시,일요일,대전광역시 서구 갈마동,경상사고,0,0,2,0,차대차 - 추돌,안전운전불이행,건조,맑음,단일로 - 기타,승합,남,56세,상해없음,승용,남,46세,경상
2022011600100125,2022년 1월 16일 12시,일요일,대전광역시 중구 안영동,중상사고,0,1,2,0,차량단독 - 공작물충돌,안전운전불이행,건조,맑음,단일로 - 기타,승용,남,63세,경상,,,,
2022011600100126,2022년 1월 16일 12시,일요일,대전광역시 서구 탄방동,경상사고,0,0,1,0,차대사람 - 기타,안전운전불이행,건조,맑음,교차로 - 교차로부근,승용,남,48세,상해없음,보행자,여,71세,경상
2022011600100182,2022년 1월 16일 14시,일요일,대전광역시 서구 도안동,경상사고,0,0,1,0,차대차 - 측면충돌,안전운전불이행,건조,맑음,단일로 - 기타,승용,남,63세,상해없음,승용,남,28세,경상
2022011600100205,2022년 1월 16일 15시,일요일,대전광역시 서구 용문동,경상사고,0,0,2,0,차대차 - 추돌,안전거리미확보,건조,맑음,교차로 - 교차로부근,승합,남,63세,상해없음,승용,남,47세,경상
2022011600100248,2022년 1월 16일 17시,일요일,대전광역시 중구 석교동,중상사고,0,1,2,0,차대차 - 측면충돌,안전거리미확보,건조,맑음,단일로 - 기타,이륜,남,20세 이하,중상,승용,여,36세,경상
2022011600100278,2022년 1월 16일 18시,일요일,대전광역시 서구 둔산동,중상사고,0,1,0,0,차대사람 - 기타,안전운전불이행,건조,맑음,교차로 - 교차로부근,승합,남,61세,상해없음,보행자,여,81세 이상,상해없음
2022011600100312,2022년 1월 16일 19시,일요일,대전광역시 유성구 관평동,경상사고,0,0,2,0,차대차 - 추돌,안전거리미확보,건조,맑음,교차로 - 교차로안,승용,남,32세,기타불명,승용,여,46세,경상
2022011700100053,2022년 1월 17일 07시,월요일,대전광역시 서구 둔산동,경상사고,0,0,1,0,차대차 - 측면충돌,안전거리미확보,건조,맑음,교차로 - 교차로부근,승용,남,51세,상해없음,승용,여,40세,경상
2022011700100088,2022년 1월 17일 08시,월요일,대전광역시 중구 대흥동,경상사고,0,0,2,0,차대차 - 추돌,안전운전불이행,건조,맑음,단일로 - 기타,승용,남,53세,상해없음,승용,남,30세,경상
2022011700100132,2022년 1월 17일 10시,월요일,대전광역시 중구 산성동,경상사고,0,0,1,0,차대사람 - 기타,보행자보호의무위반,건조,맑음,교차로 - 교차로횡단보도내,승용,남,20세 이하,상해없음,보행자,여,74세,경상
2022011700100133,2022년 1월 17일 10시,월요일,대전광역시 대덕구 오정동,경상사고,0,0,1,0,차량단독 - 기타,안전운전불이행,건조,맑음,단일로 - 기타,승합,남,56세,상해없음,,,,
2022011700100248,2022년 1월 17일 14시,월요일,대전광역시 중구 사정동,경상사고,0,0,1,0,차대사람 - 횡단중,보행자보호의무위반,건조,맑음,교차로 - 교차로횡단보도내,승용,남,49세,상해없음,보행자,여,78세,경상
2022011700100249,2022년 1월 17일 14시,월요일,대전광역시 대덕구 오정동,경상사고,0,0,1,0,차량단독 - 기타,기타,건조,맑음,기타 - 기타,승합,남,67세,상해없음,,,,
2022011700100297,2022년 1월 17일 15시,월요일,대전광역시 유성구 봉명동,경상사고,0,0,1,0,차대차 - 측면충돌,신호위반,건조,맑음,교차로 - 교차로안,승용,남,30세,상해없음,승용,남,41세,경상
2022011700100323,2022년 1월 17일 16시,월요일,대전광역시 서구 정림동,경상사고,0,0,1,0,차대차 - 기타,안전운전불이행,젖음/습기,맑음,단일로 - 기타,승용,남,56세,상해없음,이륜,남,41세,경상
2022011700100352,2022년 1월 17일 17시,월요일,대전광역시 중구 사정동,경상사고,0,0,1,0,차대차 - 기타,안전운전불이행,젖음/습기,맑음,기타 - 기타,승용,남,61세,기타불명,승용,남,43세,경상
2022011700100353,2022년 1월 17일 17시,월요일,대전광역시 유성구 원내동,경상사고,0,0,3,0,차대차 - 측면충돌,안전거리미확보,젖음/습기,눈,교차로 - 교차로안,이륜,남,40세,경상,승용,여,40세,경상
2022011700100354,2022년 1월 17일 17시,월요일,대전광역시 유성구 봉명동,경상사고,0,0,2,0,차대차 - 기타,교차로운행방법위반,젖음/습기,눈,교차로 - 교차로부근,승용,남,32세,상해없음,승용,남,64세,상해없음
2022011700100355,2022년 1월 17일 17시,월요일,대전광역시 유성구 원내동,경상사고,0,0,1,0,차대차 - 기타,안전운전불이행,젖음/습기,기타,단일로 - 기타,승용,여,22세,상해없음,승용,여,50세,경상
2022011700100356,2022년 1월 17일 17시,월요일,대전광역시 유성구 탑립동,경상사고,0,0,1,0,차대차 - 측면충돌,안전거리미확보,젖음/습기,비,단일로 - 기타,승용,남,68세,상해없음,승용,남,38세,경상
2022011700100398,2022년 1월 17일 18시,월요일,대전광역시 대덕구 중리동,경상사고,0,0,1,0,차대차 - 기타,안전운전불이행,건조,맑음,교차로 - 교차로안,승용,여,32세,상해없음,승용,여,42세,경상
2022011700100429,2022년 1월 17일 19시,월요일,대전광역시 동구 용전동,경상사고,0,0,1,0,차대사람 - 횡단중,신호위반,건조,맑음,단일로 - 기타,이륜,남,20세 이하,상해없음,보행자,여,33세,경상
2022011700100452,2022년 1월 17일 20시,월요일,대전광역시 서구 도안동,경상사고,0,0,1,0,차대차 - 추돌,안전운전불이행,건조,맑음,단일로 - 기타,이륜,남,31세,상해없음,이륜,남,19세,경상
2022011700100453,2022년 1월 17일 20시,월요일,대전광역시 유성구 구암동,중상사고,0,1,0,0,차대사람 - 횡단중,안전운전불이행,건조,흐림,교차로 - 교차로부근,승용,남,41세,상해없음,보행자,남,59세,중상
2022011700100487,2022년 1월 17일 21시,월요일,대전광역시 중구 은행동,경상사고,0,0,1,0,차대차 - 측면충돌,안전거리미확보,건조,맑음,단일로 - 기타,승합,남,68세,상해없음,승용,남,19세,상해없음
2022011700100488,2022년 1월 17일 21시,월요일,대전광역시 동구 가양동,경상사고,0,0,2,0,차대차 - 추돌,안전운전불이행,건조,맑음,교차로 - 교차로안,승용,남,32세,상해없음,승용,남,65세,경상
2022011700100489,2022년 1월 17일 21시,월요일,대전광역시 동구 용운동,경상사고,0,0,1,0,차대사람 - 기타,안전운전불이행,건조,맑음,교차로 - 교차로횡단보도내,승용,남,60세,기타불명,보행자,남,55세,경상
2022011700100490,2022년 1월 17일 21시,월요일,대전광역시 서구 내동,중상사고,0,1,1,0,차대차 - 추돌,안전운전불이행,건조,맑음,단일로 - 기타,승용,여,23세,상해없음,승용,남,46세,중상
2022011700100509,2022년 1월 17일 22시,월요일,대전광역시 중구 태평동,중상사고,0,1,0,0,차대차 - 측면충돌,안전운전불이행,건조,맑음,기타 - 기타,이륜,남,44세,상해없음,자전거,남,47세,중상
2022011800100004,2022년 1월 18일 00시,화요일,대전광역시 서구 괴정동,경상사고,0,0,2,0,차대차 - 기타,안전운전불이행,건조,맑음,단일로 - 기타,승용,남,33세,기타불명,승용,남,64세,경상
2022011800100067,2022년 1월 18일 07시,화요일,대전광역시 대덕구 문평동,경상사고,0,0,1,0,차대차 - 측면충돌,신호위반,젖음/습기,기타,단일로 - 고가도로위,화물,남,52세,상해없음,승용,남,37세,경상
2022011800100134,2022년 1월 18일 09시,화요일,대전광역시 동구 신흥동,경상사고,0,0,2,0,차대차 - 측면충돌,교차로운행방법위반,건조,맑음,교차로 - 교차로부근,승용,여,35세,상해없음,승용,여,42세,경상
2022011800100158,2022년 1월 18일 10시,화요일,대전광역시 동구 인동,경상사고,0,0,1,0,차대차 - 기타,신호위반,건조,맑음,교차로 - 교차로안,화물,남,54세,상해없음,승용,남,72세,경상
2022011800100193,2022년 1월 18일 11시,화요일,대전광역시 중구 선화동,경상사고,0,0,3,0,차대차 - 측면충돌,안전운전불이행,서리/결빙,맑음,단일로 - 기타,승용,남,61세,경상,승용,남,31세,경상
2022011800100267,2022년 1월 18일 13시,화요일,대전광역시 대덕구 중리동,경상사고,0,0,1,0,차대차 - 추돌,안전운전불이행,건조,맑음,단일로 - 기타,화물,남,67세,상해없음,승용,남,53세,경상
2022011800100268,2022년 1월 18일 13시,화요일,대전광역시 유성구 노은동,경상사고,0,0,1,0,차대차 - 추돌,안전운전불이행,건조,맑음,단일로 - 기타,승용,여,63세,상해없음,승용,남,53세,경상
2022011800100306,2022년 1월 18일 14시,화요일,대전광역시 서구 관저동,중상사고,0,1,0,0,차대사람 - 보도통행중,안전운전불이행,건조,맑음,기타 - 기타,자전거,남,20세 이하,상해없음,보행자,여,62세,중상
2022011800100307,2022년 1월 18일 14시,화요일,대전광역시 유성구 장대동,경상사고,0,0,1,0,차대차 - 기타,안전운전불이행,건조,맑음,단일로 - 기타,화물,남,52세,상해없음,승용,남,81세 이상,경상
2022011800100393,2022년 1월 18일 16시,화요일,대전광역시 중구 대흥동,경상사고,0,0,1,0,차대차 - 기타,교차로운행방법위반,건조,맑음,교차로 - 교차로안,승용,남,27세,상해없음,승합,남,46세,상해없음
2022011800100394,2022년 1월 18일 16시,화요일,대전광역시 대덕구 중리동,사망사고,1,0,0,0,차대차 - 기타,안전운전불이행,건조,맑음,교차로 - 교차로안,화물,남,48세,상해없음,이륜,남,23세,사망
2022011800100395,2022년 1월 18일 16시,화요일,대전광역시 서구 둔산동,중상사고,0,1,0,0,차대사람 - 기타,안전운전불이행,건조,맑음,단일로 - 기타,승용,여,31세,상해없음,보행자,남,74세,중상
2022011800100494,2022년 1월 18일 18시,화요일,대전광역시 중구 대흥동,경상사고,0,0,2,0,차대차 - 측면충돌,신호위반,건조,맑음,교차로 - 교차로안,이륜,남,23세,상해없음,승용,남,28세,경상
2022011800100495,2022년 1월 18일 18시,화요일,대전광역시 서구 용문동,경상사고,0,0,1,0,차대차 - 측면충돌,안전거리미확보,건조,맑음,교차로 - 교차로안,승용,남,32세,기타불명,승용,여,69세,경상
2022011800100496,2022년 1월 18일 18시,화요일,대전광역시 서구 둔산동,경상사고,0,0,1,0,차대차 - 기타,안전운전불이행,건조,맑음,단일로 - 기타,승용,남,33세,상해없음,승용,남,47세,경상
2022011800100497,2022년 1월 18일 18시,화요일,대전광역시 서구 둔산동,경상사고,0,0,1,0,차대차 - 후진중충돌,안전운전불이행,건조,맑음,단일로 - 기타,승용,남,39세,기타불명,승용,남,24세,경상
2022011800100579,2022년 1월 18일 20시,화요일,대전광역시 서구 내동,중상사고,0,1,0,0,차대사람 - 기타,신호위반,건조,맑음,교차로 - 교차로안,승용,남,42세,상해없음,보행자,여,57세,중상
2022011800100620,2022년 1월 18일 21시,화요일,대전광역시 서구 괴정동,경상사고,0,0,3,0,차대차 - 측면충돌,안전운전불이행,건조,기타,단일로 - 기타,승용,남,20세 이하,상해없음,승용,남,66세,경상
2022011800100621,2022년 1월 18일 21시,화요일,대전광역시 서구 둔산동,경상사고,0,0,1,0,차대차 - 측면충돌,안전운전불이행,건조,맑음,교차로 - 교차로부근,승용,남,40세,기타불명,승용,남,34세,경상
2022011800100622,2022년 1월 18일 21시,화요일,대전광역시 서구 월평동,경상사고,0,0,5,0,차대차 - 측면충돌,안전운전불이행,건조,맑음,기타 - 기타,승용,남,53세,상해없음,승용,여,43세,경상
2022011800100623,2022년 1월 18일 21시,화요일,대전광역시 유성구 지족동,경상사고,0,0,1,0,차대차 - 기타,안전운전불이행,건조,맑음,교차로 - 교차로안,승용,여,60세,기타불명,승용,남,27세,경상
2022011800100641,2022년 1월 18일 22시,화요일,대전광역시 대덕구 오정동,중상사고,0,2,0,0,차대차 - 측면충돌,신호위반,건조,맑음,교차로 - 교차로안,승용,남,26세,상해없음,승용,여,44세,중상
2022011800100642,2022년 1월 18일 22시,화요일,대전광역시 대덕구 상서동,경상사고,0,0,1,0,차대차 - 기타,안전운전불이행,기타,흐림,교차로 - 교차로부근,승용,남,76세,상해없음,이륜,남,26세,경상
2022011900100027,2022년 1월 19일 05시,수요일,대전광역시 대덕구 석봉동,경상사고,0,0,1,0,차대차 - 측면충돌,안전운전불이행,건조,맑음,단일로 - 기타,화물,남,69세,상해없음,승용,남,47세,경상
2022011900100098,2022년 1월 19일 08시,수요일,대전광역시 유성구 원내동,중상사고,0,1,0,0,차대차 - 기타,신호위반,건조,맑음,교차로 - 교차로안,승합,남,49세,상해없음,승용,남,28세,중상
2022011900100122,2022년 1월 19일 09시,수요일,대전광역시 동구 가양동,경상사고,0,0,2,0,차대차 - 기타,안전운전불이행,건조,맑음,단일로 - 기타,승용,남,70세,상해없음,승합,남,59세,경상
2022011900100145,2022년 1월 19일 10시,수요일,대전광역시 유성구 장대동,경상사고,0,0,1,0,차대차 - 추돌,안전운전불이행,건조,맑음,기타 - 기타,승용,여,20세 이하,상해없음,승용,여,29세,경상
2022011900100162,2022년 1월 19일 10시,수요일,대전광역시 서구 둔산동,부상신고사고,0,0,0,1,차대차 - 측면충돌,안전거리미확보,건조,맑음,교차로 - 교차로부근,승용,남,60세,상해없음,승용,남,70세,상해없음
2022011900100194,2022년 1월 19일 11시,수요일,대전광역시 서구 둔산동,중상사고,0,1,0,0,차대차 - 측면충돌,안전운전불이행,건조,맑음,교차로 - 교차로부근,승용,남,50세,상해없음,자전거,여,81세 이상,중상
2022011900100258,2022년 1월 19일 14시,수요일,대전광역시 중구 석교동,경상사고,0,0,2,0,차대차 - 기타,안전운전불이행,건조,흐림,교차로 - 교차로안,승용,여,36세,경상,승용,남,40세,경상
2022011900100259,2022년 1월 19일 14시,수요일,대전광역시 중구 태평동,경상사고,0,0,1,0,차대사람 - 횡단중,안전운전불이행,건조,맑음,교차로 - 교차로안,승용,남,64세,상해없음,보행자,남,79세,경상
2022011900100302,2022년 1월 19일 16시,수요일,대전광역시 서구 도마동,중상사고,0,1,0,0,차대사람 - 횡단중,안전운전불이행,젖음/습기,눈,단일로 - 기타,화물,남,56세,상해없음,보행자,남,58세,중상
2022011900100340,2022년 1월 19일 17시,수요일,대전광역시 중구 유천동,경상사고,0,0,1,0,차대차 - 측면충돌,안전운전불이행,건조,맑음,단일로 - 기타,승용,여,62세,상해없음,승용,여,38세,경상
2022011900100388,2022년 1월 19일 18시,수요일,대전광역시 대덕구 목상동,경상사고,0,0,1,0,차대차 - 기타,신호위반,건조,맑음,교차로 - 교차로안,승용,남,58세,상해없음,이륜,남,39세,경상
2022011900100389,2022년 1월 19일 18시,수요일,대전광역시 대덕구 오정동,경상사고,0,0,2,0,차대차 - 측면충돌,안전운전불이행,건조,맑음,교차로 - 교차로부근,승용,남,20세 이하,상해없음,승용,여,53세,경상
2022011900100411,2022년 1월 19일 19시,수요일,대전광역시 동구 성남동,경상사고,0,0,1,0,차대차 - 추돌,안전운전불이행,건조,맑음,교차로 - 교차로부근,승용,남,25세,상해없음,승용,남,63세,경상
2022011900100412,2022년 1월 19일 19시,수요일,대전광역시 유성구 봉명동,중상사고,0,1,0,0,차대사람 - 기타,안전운전불이행,건조,맑음,교차로 - 교차로부근,승용,남,58세,상해없음,보행자,여,56세,중상
2022011900100434,2022년 1월 19일 20시,수요일,대전광역시 중구 문화동,중상사고,0,1,0,0,차대차 - 정면충돌,직진우회전진행방해,건조,맑음,교차로 - 교차로부근,승용,남,20세 이하,상해없음,이륜,남,28세,중상
2022011900100458,2022년 1월 19일 21시,수요일,대전광역시 유성구 신성동,경상사고,0,0,1,0,차대차 - 기타,안전운전불이행,적설,비,교차로 - 교차로부근,이륜,남,26세,경상,승용,남,49세,상해없음
2022011900100459,2022년 1월 19일 21시,수요일,대전광역시 유성구 신성동,경상사고,0,0,2,0,차대차 - 기타,신호위반,젖음/습기,눈,교차로 - 교차로안,승용,남,31세,상해없음,승용,남,67세,경상
2022011900100480,2022년 1월 19일 22시,수요일,대전광역시 대덕구 중리동,경상사고,0,0,1,0,차대차 - 추돌,안전운전불이행,건조,맑음,교차로 - 교차로부근,승용,남,31세,상해없음,이륜,남,20세,경상
2022011900100481,2022년 1월 19일 22시,수요일,대전광역시 서구 월평동,경상사고,0,0,1,0,차대차 - 측면충돌,신호위반,젖음/습기,눈,교차로 - 교차로안,승용,여,29세,상해없음,화물,남,22세,경상
2022011900100494,2022년 1월 19일 23시,수요일,대전광역시 대덕구 석봉동,경상사고,0,0,1,0,차대차 - 기타,직진우회전진행방해,건조,맑음,교차로 - 교차로안,승용,남,55세,상해없음,승용,여,64세,경상
2022012000100078,2022년 1월 20일 08시,목요일,대전광역시 동구 가오동,경상사고,0,0,2,0,차대차 - 추돌,안전운전불이행,건조,맑음,교차로 - 교차로부근,승용,남,65세,상해없음,승용,여,38세,경상
2022012000100293,2022년 1월 20일 15시,목요일,대전광역시 동구 용전동,경상사고,0,0,1,0,차대차 - 측면충돌,신호위반,건조,맑음,교차로 - 교차로안,승용,여,59세,상해없음,이륜,남,24세,경상
2022012000100294,2022년 1월 20일 15시,목요일,대전광역시 서구 둔산동,경상사고,0,0,1,0,차대사람 - 횡단중,보행자보호의무위반,건조,맑음,교차로 - 교차로횡단보도내,화물,남,57세,상해없음,보행자,여,18세,경상
2022012000100330,2022년 1월 20일 16시,목요일,대전광역시 중구 유천동,경상사고,0,0,1,0,차대차 - 기타,안전운전불이행,건조,맑음,교차로 - 교차로부근,승용,남,73세,상해없음,승용,여,54세,경상
2022012000100331,2022년 1월 20일 16시,목요일,대전광역시 서구 관저동,중상사고,0,1,0,0,차대차 - 추돌,안전거리미확보,건조,맑음,단일로 - 기타,승합,남,52세,상해없음,승용,남,58세,상해없음
2022012000100332,2022년 1월 20일 16시,목요일,대전광역시 대덕구 대화동,경상사고,0,0,1,0,차대차 - 기타,교차로운행방법위반,건조,맑음,교차로 - 교차로부근,승용,여,71세,상해없음,화물,남,50세,경상
2022012000100366,2022년 1월 20일 17시,목요일,대전광역시 서구 탄방동,경상사고,0,0,2,0,차대차 - 기타,안전거리미확보,건조,맑음,교차로 - 교차로부근,승용,여,22세,상해없음,승용,남,34세,경상
2022012000100422,2022년 1월 20일 18시,목요일,대전광역시 유성구 장대동,경상사고,0,0,1,0,차대차 - 측면충돌,신호위반,건조,맑음,교차로 - 교차로안,승용,남,52세,상해없음,승용,남,24세,경상
2022012000100473,2022년 1월 20일 19시,목요일,대전광역시 중구 유천동,경상사고,0,0,1,0,차대사람 - 기타,안전운전불이행,건조,맑음,단일로 - 기타,승용,남,30세,상해없음,보행자,남,63세,경상
2022012000100474,2022년 1월 20일 19시,목요일,대전광역시 서구 용문동,경상사고,0,0,1,0,차대차 - 기타,안전운전불이행,건조,맑음,단일로 - 기타,승용,남,28세,상해없음,승용,여,37세,경상
2022012000100503,2022년 1월 20일 20시,목요일,대전광역시 유성구 장대동,경상사고,0,0,1,0,차대차 - 추돌,안전운전불이행,건조,맑음,교차로 - 교차로부근,승합,남,66세,상해없음,이륜,남,35세,경상
2022012000100542,2022년 1월 20일 21시,목요일,대전광역시 서구 괴정동,중상사고,0,1,0,0,차대사람 - 기타,안전운전불이행,건조,맑음,교차로 - 교차로부근,승용,남,63세,상해없음,보행자,남,65세,중상
2022012000100543,2022년 1월 20일 21시,목요일,대전광역시 유성구 관평동,경상사고,0,0,1,0,차대차 - 추돌,안전운전불이행,건조,맑음,단일로 - 기타,승용,남,30세,상해없음,승용,여,51세,경상
2022012000100571,2022년 1월 20일 22시,목요일,대전광역시 서구 둔산동,경상사고,0,0,5,0,차대차 - 기타,안전운전불이행,건조,맑음,교차로 - 교차로부근,승용,여,33세,상해없음,승용,여,47세,경상
2022012000100590,2022년 1월 20일 23시,목요일,대전광역시 중구 용두동,경상사고,0,0,2,0,차대차 - 추돌,안전거리미확보,건조,맑음,교차로 - 교차로부근,이륜,남,22세,상해없음,승용,남,61세,경상
2022012000100591,2022년 1월 20일 23시,목요일,대전광역시 대덕구 오정동,경상사고,0,0,1,0,차대차 - 추돌,안전운전불이행,건조,맑음,교차로 - 교차로부근,승용,남,25세,상해없음,승용,남,62세,경상
2022012100100162,2022년 1월 21일 09시,금요일,대전광역시 동구 중동,중상사고,0,1,1,0,차대차 - 기타,직진우회전진행방해,건조,맑음,교차로 - 교차로안,이륜,남,63세,중상,화물,남,74세,경상
2022012100100163,2022년 1월 21일 09시,금요일,대전광역시 동구 삼성동,경상사고,0,0,3,0,차대차 - 기타,안전거리미확보,건조,맑음,교차로 - 교차로안,승용,남,65세,상해없음,승합,남,63세,경상
2022012100100197,2022년 1월 21일 10시,금요일,대전광역시 대덕구 중리동,부상신고사고,0,0,0,1,차대사람 - 횡단중,안전운전불이행,건조,맑음,교차로 - 교차로부근,승용,여,65세,상해없음,보행자,남,58세,부상신고
2022012100100233,2022년 1월 21일 11시,금요일,대전광역시 서구 도마동,중상사고,0,1,5,1,차대차 - 측면충돌,안전운전불이행,건조,맑음,단일로 - 기타,승용,여,73세,상해없음,승합,남,39세,경상
2022012100100234,2022년 1월 21일 11시,금요일,대전광역시 대덕구 평촌동,경상사고,0,0,1,0,차대차 - 측면충돌,교차로운행방법위반,건조,맑음,교차로 - 교차로안,승용,여,64세,상해없음,승용,남,47세,경상
2022012100100235,2022년 1월 21일 11시,금요일,대전광역시 유성구 전민동,경상사고,0,0,2,0,차대차 - 기타,안전운전불이행,건조,맑음,교차로 - 교차로안,승용,남,32세,상해없음,승용,남,38세,경상
2022012100100344,2022년 1월 21일 14시,금요일,대전광역시 동구 용전동,중상사고,0,1,0,0,차대사람 - 기타,안전운전불이행,건조,맑음,단일로 - 기타,승합,남,56세,상해없음,보행자,남,69세,중상
2022012100100388,2022년 1월 21일 15시,금요일,대전광역시 대덕구 목상동,중상사고,0,1,0,0,차대차 - 기타,안전운전불이행,건조,맑음,단일로 - 기타,승용,여,55세,상해없음,승합,남,59세,상해없음
2022012100100389,2022년 1월 21일 15시,금요일,대전광역시 서구 둔산동,경상사고,0,0,1,0,차대차 - 기타,안전거리미확보,건조,맑음,교차로 - 교차로부근,승용,여,29세,상해없음,승용,남,28세,경상
2022012100100390,2022년 1월 21일 15시,금요일,대전광역시 유성구 원신흥동,경상사고,0,0,1,0,차대차 - 기타,신호위반,건조,맑음,교차로 - 교차로안,승용,남,79세,상해없음,승용,남,28세,경상
2022012100100442,2022년 1월 21일 16시,금요일,대전광역시 중구 대사동,경상사고,0,0,1,0,차대차 - 측면충돌,안전운전불이행,건조,맑음,단일로 - 기타,승합,남,61세,상해없음,화물,남,54세,경상
2022012100100443,2022년 1월 21일 16시,금요일,대전광역시 중구 오류동,경상사고,0,0,1,0,차대차 - 기타,안전운전불이행,건조,맑음,단일로 - 기타,자전거,남,79세,경상,승용,남,48세,상해없음
2022012100100444,2022년 1월 21일 16시,금요일,대전광역시 대덕구 신대동,경상사고,0,0,3,0,차대차 - 추돌,안전거리미확보,건조,맑음,단일로 - 기타,화물,남,45세,상해없음,화물,남,65세,경상
2022012100100445,2022년 1월 21일 16시,금요일,대전광역시 유성구 도룡동,경상사고,0,0,3,0,차대차 - 기타,안전거리미확보,건조,맑음,단일로 - 기타,화물,남,51세,상해없음,승용,남,64세,경상
2022012100100485,2022년 1월 21일 17시,금요일,대전광역시 유성구 반석동,경상사고,0,0,3,0,차대차 - 추돌,안전운전불이행,건조,맑음,단일로 - 기타,승용,남,20세 이하,상해없음,승용,여,59세,경상
2022012100100545,2022년 1월 21일 18시,금요일,대전광역시 중구 오류동,경상사고,0,0,1,0,차대차 - 기타,안전운전불이행,건조,맑음,단일로 - 기타,승용,남,78세,상해없음,승용,남,65세,경상
2022012100100546,2022년 1월 21일 18시,금요일,대전광역시 동구 가오동,경상사고,0,0,3,0,차대차 - 측면충돌,안전운전불이행,건조,맑음,교차로 - 교차로안,승용,여,50세,경상,승합,남,50세,경상
2022012100100547,2022년 1월 21일 18시,금요일,대전광역시 유성구 봉산동,경상사고,0,0,1,0,차대사람 - 기타,안전운전불이행,건조,맑음,교차로 - 교차로안,승용,남,65세,상해없음,보행자,여,72세,경상
2022012100100548,2022년 1월 21일 18시,금요일,대전광역시 유성구 상대동,경상사고,0,0,1,0,차대차 - 후진중충돌,안전운전불이행,건조,맑음,단일로 - 기타,승용,남,42세,상해없음,승용,남,43세,경상
2022012100100549,2022년 1월 21일 18시,금요일,대전광역시 유성구 도룡동,경상사고,0,0,1,0,차대차 - 추돌,안전운전불이행,건조,맑음,교차로 - 교차로부근,승용,여,60세,상해없음,승용,여,23세,경상
2022012100100600,2022년 1월 21일 19시,금요일,대전광역시 중구 은행동,경상사고,0,0,1,0,차대사람 - 기타,보행자보호의무위반,건조,기타,단일로 - 기타,기타불명,기타불명,미분류,기타불명,보행자,여,28세,경상
2022012100100601,2022년 1월 21일 19시,금요일,대전광역시 동구 가오동,경상사고,0,0,1,0,차대차 - 측면충돌,안전운전불이행,건조,맑음,단일로 - 기타,승용,여,50세,상해없음,승용,여,52세,경상
2022012100100632,2022년 1월 21일 20시,금요일,대전광역시 서구 둔산동,경상사고,0,0,1,0,차대차 - 기타,안전거리미확보,건조,맑음,단일로 - 기타,승용,남,62세,상해없음,이륜,남,50세,경상
2022012100100633,2022년 1월 21일 20시,금요일,대전광역시 서구 탄방동,경상사고,0,0,1,0,차대차 - 기타,교차로운행방법위반,건조,맑음,교차로 - 교차로안,승용,남,50세,상해없음,승용,남,55세,경상
2022012100100685,2022년 1월 21일 21시,금요일,대전광역시 중구 유천동,경상사고,0,0,1,0,차대차 - 추돌,안전운전불이행,건조,맑음,교차로 - 교차로안,승용,남,71세,상해없음,승합,남,53세,경상
2022012200100118,2022년 1월 22일 10시,토요일,대전광역시 유성구 원내동,경상사고,0,0,1,0,차대차 - 측면충돌,신호위반,건조,맑음,단일로 - 기타,승용,여,57세,상해없음,화물,남,52세,경상
2022012200100184,2022년 1월 22일 12시,토요일,대전광역시 동구 정동,경상사고,0,0,1,0,차대차 - 측면충돌,안전거리미확보,건조,맑음,단일로 - 기타,승용,여,66세,상해없음,승용,남,54세,경상
2022012200100185,2022년 1월 22일 12시,토요일,대전광역시 유성구 자운동,중상사고,0,1,0,0,차대차 - 측면충돌,안전거리미확보,건조,맑음,기타 - 기타,승용,남,40세,기타불명,이륜,남,20세,중상
2022012200100186,2022년 1월 22일 12시,토요일,대전광역시 유성구 관평동,경상사고,0,0,3,0,차대차 - 측면충돌,안전거리미확보,건조,맑음,교차로 - 교차로안,승용,남,24세,기타불명,승용,여,26세,경상
2022012200100228,2022년 1월 22일 13시,토요일,대전광역시 중구 유천동,경상사고,0,0,2,0,차대차 - 추돌,안전운전불이행,건조,맑음,단일로 - 기타,승용,여,64세,경상,승용,남,68세,경상