사고번호,사고일시,요일,시군구,사고내용,사망자수,중상자수,경상자수,부상신고자수,사고유형,법규위반,노면상태,기상상태,도로형태,가해운전자 차종,가해운전자 성별,가해운전자 연령,가해운전자 상해정도,피해운전자 차종,피해운전자 성별,피해운전자 연령,피해운전자 상해정도
2022030300100212,2022년 3월 3일 12시,목요일,대전광역시 서구 흑석동,경상사고,0,0,1,0,차대차 - 측면충돌,중앙선침범,건조,맑음,단일로 - 기타,승용,남,77세,기타불명,승용,남,49세,경상
2022030300100213,2022년 3월 3일 12시,목요일,대전광역시 대덕구 상서동,경상사고,0,0,2,0,차대차 - 기타,안전거리미확보,건조,맑음,기타 - 기타,화물,남,50세,상해없음,승용,여,50세,경상
2022030300100214,2022년 3월 3일 12시,목요일,대전광역시 유성구 화암동,경상사고,0,0,1,0,차대차 - 기타,신호위반,건조,맑음,교차로 - 교차로횡단보도내,승용,남,48세,상해없음,자전거,남,18세,경상
2022030300100269,2022년 3월 3일 14시,목요일,대전광역시 동구 홍도동,경상사고,0,0,1,0,차대차 - 기타,안전운전불이행,건조,맑음,교차로 - 교차로부근,승용,남,26세,상해없음,이륜,남,19세,경상
2022030300100270,2022년 3월 3일 14시,목요일,대전광역시 서구 가장동,경상사고,0,0,1,0,차대차 - 기타,안전운전불이행,건조,맑음,기타 - 기타,승용,남,67세,상해없음,승용,남,73세,상해없음
2022030300100337,2022년 3월 3일 16시,목요일,대전광역시 대덕구 석봉동,중상사고,0,1,0,0,차대차 - 기타,안전운전불이행,젖음/습기,흐림,교차로 - 교차로안,승용,여,51세,상해없음,이륜,남,44세,중상
2022030300100412,2022년 3월 3일 18시,목요일,대전광역시 동구 가양동,중상사고,0,1,0,0,차대사람 - 횡단중,보행자보호의무위반,건조,맑음,교차로 - 교차로횡단보도내,승용,남,33세,상해없음,보행자,여,29세,중상
2022030300100438,2022년 3월 3일 19시,목요일,대전광역시 서구 관저동,경상사고,0,0,1,0,차대차 - 기타,신호위반,건조,맑음,교차로 - 교차로안,이륜,남,44세,기타불명,승용,여,45세,경상
2022030300100486,2022년 3월 3일 21시,목요일,대전광역시 중구 은행동,경상사고,0,0,1,0,차대사람 - 횡단중,보행자보호의무위반,건조,맑음,교차로 - 교차로횡단보도내,승용,남,46세,상해없음,보행자,남,52세,경상
2022030300100498,2022년 3월 3일 22시,목요일,대전광역시 서구 도마동,경상사고,0,0,1,0,차대차 - 기타,안전운전불이행,건조,맑음,단일로 - 기타,승용,남,30세,상해없음,승용,남,26세,경상
2022030300100499,2022년 3월 3일 22시,목요일,대전광역시 서구 갈마동,경상사고,0,0,1,0,차대차 - 측면충돌,기타,건조,맑음,교차로 - 교차로부근,자전거,남,46세,경상,승용,남,34세,상해없음
2022030300100500,2022년 3월 3일 22시,목요일,대전광역시 서구 둔산동,경상사고,0,0,1,0,차대사람 - 기타,안전운전불이행,건조,맑음,단일로 - 기타,승용,남,23세,상해없음,보행자,남,23세,경상
2022030400100011,2022년 3월 4일 03시,금요일,대전광역시 서구 만년동,경상사고,0,0,2,0,차대차 - 측면충돌,안전운전불이행,건조,맑음,교차로 - 교차로횡단보도내,화물,남,31세,상해없음,승용,남,56세,경상
2022030400100034,2022년 3월 4일 07시,금요일,대전광역시 동구 용운동,경상사고,0,0,2,0,차대차 - 기타,기타,건조,맑음,교차로 - 교차로안,승용,남,38세,경상,승용,남,30세,경상
2022030400100121,2022년 3월 4일 11시,금요일,대전광역시 유성구 전민동,경상사고,0,0,1,0,차대사람 - 기타,안전운전불이행,건조,맑음,단일로 - 기타,승용,여,50세,상해없음,보행자,남,49세,경상
2022030400100154,2022년 3월 4일 12시,금요일,대전광역시 동구 성남동,중상사고,0,1,1,0,차대차 - 측면충돌,신호위반,건조,맑음,교차로 - 교차로안,이륜,남,52세,중상,승용,남,34세,경상
2022030400100155,2022년 3월 4일 12시,금요일,대전광역시 서구 탄방동,경상사고,0,0,1,0,차대차 - 기타,안전운전불이행,건조,맑음,단일로 - 기타,이륜,남,33세,기타불명,승용,남,30세,경상
2022030400100156,2022년 3월 4일 12시,금요일,대전광역시 유성구 봉명동,경상사고,0,0,1,0,차대사람 - 기타,안전운전불이행,건조,맑음,기타 - 기타,승용,여,50세,상해없음,보행자,남,21세,경상
2022030400100178,2022년 3월 4일 13시,금요일,대전광역시 서구 가수원동,경상사고,0,0,1,0,차대차 - 측면충돌,신호위반,건조,맑음,교차로 - 교차로부근,이륜,남,30세,상해없음,승용,여,62세,경상
2022030400100179,2022년 3월 4일 13시,금요일,대전광역시 서구 탄방동,경상사고,0,0,1,0,차대차 - 측면충돌,안전운전불이행,건조,맑음,단일로 - 기타,승용,남,58세,기타불명,승용,여,46세,경상
2022030400100180,2022년 3월 4일 13시,금요일,대전광역시 유성구 장대동,경상사고,0,0,1,0,차대차 - 기타,신호위반,건조,맑음,교차로 - 교차로안,승용,남,52세,상해없음,화물,남,33세,경상
2022030400100181,2022년 3월 4일 13시,금요일,대전광역시 유성구 구암동,중상사고,0,1,0,0,차대차 - 기타,안전거리미확보,건조,맑음,단일로 - 기타,건설기계,남,77세,상해없음,승용,여,46세,중상
2022030400100209,2022년 3월 4일 14시,금요일,대전광역시 서구 둔산동,중상사고,0,1,1,0,차대차 - 측면충돌,안전거리미확보,건조,맑음,단일로 - 기타,승용,여,45세,경상,이륜,남,28세,중상
2022030400100239,2022년 3월 4일 15시,금요일,대전광역시 동구 정동,경상사고,0,0,1,0,차량단독 - 기타,안전거리미확보,건조,맑음,단일로 - 기타,승합,남,54세,상해없음,,,,
2022030400100270,2022년 3월 4일 16시,금요일,대전광역시 서구 용문동,경상사고,0,0,1,0,차대차 - 측면충돌,신호위반,건조,맑음,교차로 - 교차로부근,승용,남,20세 이하,상해없음,승용,여,64세,경상
2022030400100305,2022년 3월 4일 17시,금요일,대전광역시 동구 자양동,경상사고,0,0,1,0,차대차 - 후진중충돌,안전운전불이행,건조,맑음,단일로 - 기타,승용,남,69세,상해없음,승용,여,42세,경상
2022030400100339,2022년 3월 4일 18시,금요일,대전광역시 중구 대사동,경상사고,0,0,8,0,차대차 - 측면충돌,신호위반,건조,맑음,교차로 - 교차로안,승용,남,29세,상해없음,승합,남,40세,경상
2022030400100340,2022년 3월 4일 18시,금요일,대전광역시 대덕구 법동,경상사고,0,0,1,0,차대차 - 측면충돌,신호위반,건조,맑음,교차로 - 교차로안,이륜,남,20세 이하,상해없음,승용,남,36세,경상
2022030400100374,2022년 3월 4일 19시,금요일,대전광역시 서구 용문동,경상사고,0,0,3,0,차대차 - 측면충돌,안전운전불이행,건조,맑음,교차로 - 교차로부근,승용,여,70세,상해없음,승용,남,64세,경상
2022030400100375,2022년 3월 4일 19시,금요일,대전광역시 유성구 봉명동,경상사고,0,0,1,0,차대사람 - 차도통행중,안전운전불이행,건조,맑음,단일로 - 기타,승용,남,44세,상해없음,보행자,여,12세 이하,경상
2022030400100404,2022년 3월 4일 20시,금요일,대전광역시 대덕구 읍내동,사망사고,1,0,0,0,차대차 - 기타,신호위반,건조,맑음,교차로 - 교차로안,승용,남,20세 이하,상해없음,이륜,남,37세,사망
2022030400100405,2022년 3월 4일 20시,금요일,대전광역시 대덕구 석봉동,경상사고,0,0,1,0,차대사람 - 기타,안전운전불이행,건조,맑음,기타 - 기타,이륜,남,24세,상해없음,보행자,여,19세,경상
2022030400100406,2022년 3월 4일 20시,금요일,대전광역시 유성구 도룡동,경상사고,0,0,1,0,차대차 - 측면충돌,신호위반,건조,맑음,교차로 - 교차로안,승용,여,51세,상해없음,승용,남,66세,경상
2022030400100436,2022년 3월 4일 21시,금요일,대전광역시 서구 가수원동,경상사고,0,0,5,0,차대차 - 기타,신호위반,건조,맑음,교차로 - 교차로부근,승용,남,33세,경상,승용,남,27세,경상
2022030500100012,2022년 3월 5일 00시,토요일,대전광역시 중구 오류동,부상신고사고,0,0,0,1,차대차 - 기타,신호위반,건조,맑음,교차로 - 교차로안,승용,남,43세,상해없음,승용,남,64세,상해없음
2022030500100064,2022년 3월 5일 08시,토요일,대전광역시 대덕구 상서동,중상사고,0,1,2,0,차대차 - 기타,안전거리미확보,건조,맑음,단일로 - 기타,건설기계,남,53세,상해없음,승용,여,44세,경상
2022030500100078,2022년 3월 5일 09시,토요일,대전광역시 서구 갈마동,경상사고,0,0,1,0,차대차 - 기타,차로위반,건조,맑음,단일로 - 기타,승용,남,79세,상해없음,승용,남,39세,경상
2022030500100111,2022년 3월 5일 10시,토요일,대전광역시 중구 오류동,경상사고,0,0,2,0,차대차 - 측면충돌,교차로운행방법위반,건조,맑음,교차로 - 교차로부근,승용,남,71세,상해없음,승용,남,52세,경상
2022030500100112,2022년 3월 5일 10시,토요일,대전광역시 대덕구 중리동,중상사고,0,1,0,0,차대차 - 기타,교차로운행방법위반,건조,맑음,교차로 - 교차로부근,화물,남,72세,상해없음,이륜,남,19세,중상
2022030500100181,2022년 3월 5일 12시,토요일,대전광역시 유성구 관평동,중상사고,0,1,0,0,차대사람 - 횡단중,보행자보호의무위반,건조,맑음,교차로 - 교차로횡단보도내,승용,남,64세,상해없음,보행자,남,65세,중상
2022030500100221,2022년 3월 5일 13시,토요일,대전광역시 유성구 봉명동,경상사고,0,0,1,1,차대차 - 기타,안전운전불이행,건조,맑음,교차로 - 교차로부근,승용,남,54세,상해없음,승용,여,69세,경상
2022030500100275,2022년 3월 5일 15시,토요일,대전광역시 중구 용두동,경상사고,0,0,1,0,차대차 - 측면충돌,신호위반,건조,맑음,교차로 - 교차로부근,승용,남,45세,상해없음,이륜,남,21세,경상
2022030500100276,2022년 3월 5일 15시,토요일,대전광역시 유성구 문지동,경상사고,0,0,2,0,차대차 - 추돌,안전운전불이행,건조,맑음,교차로 - 교차로부근,승용,남,74세,상해없음,승용,남,25세,경상
2022030500100307,2022년 3월 5일 16시,토요일,대전광역시 유성구 궁동,경상사고,0,0,1,0,차대차 - 측면충돌,신호위반,건조,맑음,교차로 - 교차로안,승용,남,69세,상해없음,이륜,남,55세,경상
2022030500100308,2022년 3월 5일 16시,토요일,대전광역시 유성구 교촌동,경상사고,0,0,2,0,차대차 - 측면충돌,안전운전불이행,건조,맑음,단일로 - 기타,승용,남,68세,상해없음,승용,남,28세,경상
2022030500100359,2022년 3월 5일 18시,토요일,대전광역시 서구 갈마동,경상사고,0,0,1,0,차대차 - 기타,안전운전불이행,건조,맑음,교차로 - 교차로안,승용,여,63세,상해없음,승용,여,28세,경상
2022030500100360,2022년 3월 5일 18시,토요일,대전광역시 유성구 신성동,중상사고,0,1,0,0,차대차 - 기타,안전운전불이행,건조,맑음,단일로 - 기타,승용,남,54세,상해없음,승용,남,29세,중상
2022030500100386,2022년 3월 5일 19시,토요일,대전광역시 중구 문창동,경상사고,0,0,1,0,차대사람 - 기타,안전운전불이행,건조,맑음,단일로 - 교량,기타불명,기타불명,미분류,기타불명,보행자,남,53세,경상
2022030500100406,2022년 3월 5일 20시,토요일,대전광역시 동구 자양동,중상사고,0,1,0,0,차대사람 - 기타,안전운전불이행,건조,맑음,교차로 - 교차로안,승용,여,48세,상해없음,보행자,남,62세,중상
2022030500100407,2022년 3월 5일 20시,토요일,대전광역시 유성구 금고동,경상사고,0,0,1,0,차대차 - 기타,안전운전불이행,건조,맑음,단일로 - 기타,승용,남,38세,상해없음,승용,남,52세,경상
2022030600100054,2022년 3월 6일 09시,일요일,대전광역시 서구 탄방동,경상사고,0,0,1,0,차대차 - 기타,기타,건조,맑음,단일로 - 기타,승용,남,50세,상해없음,승용,남,48세,상해없음
2022030600100055,2022년 3월 6일 09시,일요일,대전광역시 유성구 구성동,경상사고,0,0,1,0,차대차 - 측면충돌,안전거리미확보,건조,맑음,단일로 - 기타,승용,여,74세,상해없음,승용,남,67세,경상
2022030600100067,2022년 3월 6일 10시,일요일,대전광역시 유성구 구암동,경상사고,0,0,1,0,차대차 - 측면충돌,교차로운행방법위반,건조,맑음,교차로 - 교차로안,승용,남,40세,상해없음,승용,남,56세,경상
2022030600100085,2022년 3월 6일 11시,일요일,대전광역시 동구 소제동,중상사고,0,1,0,0,차대차 - 측면충돌,신호위반,건조,맑음,교차로 - 교차로안,승용,남,31세,상해없음,사륜오토바이(ATV),남,55세,중상
2022030600100126,2022년 3월 6일 13시,일요일,대전광역시 동구 판암동,경상사고,0,0,2,0,차대차 - 측면충돌,중앙선침범,건조,맑음,단일로 - 기타,승용,여,35세,경상,화물,남,53세,경상
2022030600100149,2022년 3월 6일 14시,일요일,대전광역시 중구 산성동,중상사고,0,1,0,0,차대차 - 기타,안전운전불이행,건조,맑음,단일로 - 기타,기타불명,기타불명,미분류,기타불명,자전거,여,64세,중상
2022030600100218,2022년 3월 6일 16시,일요일,대전광역시 중구 문화동,경상사고,0,0,1,0,차대차 - 기타,안전운전불이행,건조,맑음,기타 - 기타,승용,남,58세,기타불명,승용,남,46세,기타불명
2022030600100219,2022년 3월 6일 16시,일요일,대전광역시 동구 인동,경상사고,0,0,1,0,차대사람 - 횡단중,안전운전불이행,건조,맑음,단일로 - 기타,승용,남,54세,상해없음,보행자,남,54세,경상
2022030600100242,2022년 3월 6일 17시,일요일,대전광역시 서구 갈마동,중상사고,0,1,0,0,차대차 - 기타,안전운전불이행,건조,맑음,단일로 - 기타,승용,남,69세,상해없음,이륜,남,28세,중상
2022030600100243,2022년 3월 6일 17시,일요일,대전광역시 서구 둔산동,중상사고,0,1,0,0,차대사람 - 횡단중,신호위반,건조,맑음,교차로 - 교차로횡단보도내,승용,남,65세,상해없음,보행자,여,13세,중상
2022030600100286,2022년 3월 6일 19시,일요일,대전광역시 동구 자양동,경상사고,0,0,1,0,차대차 - 기타,안전운전불이행,건조,맑음,교차로 - 교차로안,이륜,남,20세 이하,상해없음,승용,남,29세,경상
2022030600100287,2022년 3월 6일 19시,일요일,대전광역시 유성구 장대동,중상사고,0,1,0,0,차대사람 - 횡단중,신호위반,건조,맑음,교차로 - 교차로횡단보도내,이륜,남,37세,상해없음,보행자,여,60세,중상
2022030600100312,2022년 3월 6일 21시,일요일,대전광역시 대덕구 오정동,경상사고,0,0,3,0,차대차 - 기타,안전거리미확보,건조,맑음,단일로 - 기타,승합,남,61세,기타불명,승용,여,21세,경상
2022030600100337,2022년 3월 6일 23시,일요일,대전광역시 동구 용운동,경상사고,0,0,2,0,차대차 - 기타,안전운전불이행,건조,맑음,단일로 - 기타,승용,남,22세,상해없음,승용,남,61세,경상
2022030700100020,2022년 3월 7일 05시,월요일,대전광역시 유성구 안산동,경상사고,0,0,4,0,차대차 - 추돌,안전운전불이행,건조,맑음,단일로 - 기타,승용,남,69세,경상,승용,남,38세,경상
2022030700100046,2022년 3월 7일 07시,월요일,대전광역시 서구 관저동,경상사고,0,0,1,0,차대차 - 추돌,안전거리미확보,건조,맑음,단일로 - 기타,승용,남,29세,상해없음,승용,여,59세,경상
2022030700100087,2022년 3월 7일 08시,월요일,대전광역시 서구 갈마동,경상사고,0,0,2,0,차대차 - 추돌,안전운전불이행,건조,맑음,단일로 - 기타,승용,남,20세 이하,상해없음,화물,남,54세,경상
2022030700100088,2022년 3월 7일 08시,월요일,대전광역시 유성구 탑립동,경상사고,0,0,2,0,차대차 - 기타,안전운전불이행,건조,맑음,교차로 - 교차로부근,승용,남,41세,경상,승용,남,43세,경상
2022030700100123,2022년 3월 7일 09시,월요일,대전광역시 동구 자양동,경상사고,0,0,2,0,차대차 - 측면충돌,안전운전불이행,건조,맑음,교차로 - 교차로안,승용,남,27세,상해없음,승용,남,58세,경상
2022030700100193,2022년 3월 7일 12시,월요일,대전광역시 중구 대사동,부상신고사고,0,0,0,1,차대차 - 측면충돌,불법유턴,건조,맑음,단일로 - 기타,자전거,남,61세,부상신고,화물,남,73세,상해없음
2022030700100194,2022년 3월 7일 12시,월요일,대전광역시 동구 삼성동,경상사고,0,0,1,0,차대차 - 기타,불법유턴,건조,맑음,단일로 - 기타,자전거,남,81세 이상,경상,이륜,남,49세,상해없음
2022030700100195,2022년 3월 7일 12시,월요일,대전광역시 서구 갈마동,경상사고,0,0,1,0,차대사람 - 차도통행중,안전운전불이행,건조,맑음,단일로 - 기타,승합,남,47세,상해없음,보행자,여,35세,경상
2022030700100196,2022년 3월 7일 12시,월요일,대전광역시 유성구 노은동,중상사고,0,1,0,0,차대사람 - 횡단중,기타,건조,맑음,교차로 - 교차로횡단보도내,이륜,남,46세,상해없음,보행자,여,81세 이상,중상
2022030700100234,2022년 3월 7일 14시,월요일,대전광역시 유성구 상대동,경상사고,0,0,1,0,차대차 - 후진중충돌,안전운전불이행,건조,맑음,단일로 - 기타,승용,남,51세,기타불명,승용,여,42세,경상
2022030700100256,2022년 3월 7일 15시,월요일,대전광역시 동구 성남동,경상사고,0,0,1,0,차대차 - 측면충돌,안전운전불이행,건조,맑음,단일로 - 기타,이륜,여,20세 이하,경상,화물,남,45세,상해없음
2022030700100257,2022년 3월 7일 15시,월요일,대전광역시 유성구 봉명동,경상사고,0,0,1,0,차대사람 - 횡단중,안전운전불이행,건조,맑음,교차로 - 교차로안,승용,여,36세,상해없음,보행자,남,67세,경상
2022030700100281,2022년 3월 7일 16시,월요일,대전광역시 동구 판암동,경상사고,0,0,2,0,차대차 - 측면충돌,안전거리미확보,건조,맑음,교차로 - 교차로부근,승용,남,57세,상해없음,승용,여,35세,경상
2022030700100304,2022년 3월 7일 17시,월요일,대전광역시 서구 도마동,경상사고,0,0,1,0,차량단독 - 기타,안전운전불이행,건조,맑음,교차로 - 교차로안,승합,남,48세,상해없음,,,,
2022030700100334,2022년 3월 7일 18시,월요일,대전광역시 동구 삼성동,경상사고,0,0,1,0,차대사람 - 횡단중,보행자보호의무위반,건조,맑음,교차로 - 교차로안,승용,남,28세,상해없음,보행자,남,69세,경상
2022030700100335,2022년 3월 7일 18시,월요일,대전광역시 서구 둔산동,경상사고,0,0,1,0,차대차 - 추돌,안전운전불이행,건조,맑음,교차로 - 교차로부근,이륜,남,20세 이하,상해없음,승합,남,45세,경상
2022030700100336,2022년 3월 7일 18시,월요일,대전광역시 서구 갈마동,경상사고,0,0,1,0,차대사람 - 길가장자리구역통행중,안전운전불이행,건조,맑음,단일로 - 기타,기타불명,기타불명,미분류,기타불명,보행자,여,24세,경상
2022030700100362,2022년 3월 7일 19시,월요일,대전광역시 서구 만년동,경상사고,0,0,3,0,차대차 - 기타,안전운전불이행,건조,맑음,교차로 - 교차로안,승용,여,73세,상해없음,승합,남,51세,상해없음
2022030700100389,2022년 3월 7일 21시,월요일,대전광역시 서구 가수원동,경상사고,0,0,1,0,차대사람 - 길가장자리구역통행중,안전운전불이행,건조,맑음,교차로 - 교차로부근,승용,여,36세,상해없음,보행자,남,44세,경상
2022030700100390,2022년 3월 7일 21시,월요일,대전광역시 서구 괴정동,경상사고,0,0,1,0,차대사람 - 기타,안전운전불이행,건조,맑음,단일로 - 기타,승용,남,29세,상해없음,보행자,남,35세,경상
2022030700100391,2022년 3월 7일 21시,월요일,대전광역시 서구 갈마동,경상사고,0,0,1,0,차대차 - 측면충돌,안전운전불이행,건조,맑음,단일로 - 기타,승용,남,53세,상해없음,승용,여,34세,경상
2022030700100411,2022년 3월 7일 22시,월요일,대전광역시 동구 가양동,경상사고,0,0,1,0,차대차 - 추돌,안전운전불이행,건조,맑음,교차로 - 교차로부근,승용,남,35세,상해없음,이륜,남,33세,경상
2022030700100412,2022년 3월 7일 22시,월요일,대전광역시 유성구 궁동,경상사고,0,0,1,0,차대차 - 기타,안전거리미확보,건조,맑음,단일로 - 기타,이륜,남,38세,상해없음,이륜,남,35세,경상
2022030800100038,2022년 3월 8일 07시,화요일,대전광역시 서구 변동,경상사고,0,0,1,0,차대사람 - 기타,안전운전불이행,건조,맑음,교차로 - 교차로부근,화물,남,28세,상해없음,보행자,남,81세 이상,경상
2022030800100074,2022년 3월 8일 08시,화요일,대전광역시 유성구 외삼동,경상사고,0,0,3,0,차대차 - 기타,안전운전불이행,건조,맑음,기타 - 기타,승용,여,61세,상해없음,승용,남,27세,경상
2022030800100097,2022년 3월 8일 09시,화요일,대전광역시 동구 용전동,경상사고,0,0,1,0,차대차 - 추돌,안전거리미확보,건조,맑음,단일로 - 기타,승용,남,27세,상해없음,승용,여,54세,경상
2022030800100201,2022년 3월 8일 13시,화요일,대전광역시 서구 괴정동,경상사고,0,0,1,0,차대사람 - 차도통행중,안전운전불이행,건조,맑음,교차로 - 교차로안,승용,여,62세,상해없음,보행자,남,50세,경상
2022030800100202,2022년 3월 8일 13시,화요일,대전광역시 서구 만년동,경상사고,0,0,2,0,차대차 - 기타,신호위반,건조,맑음,교차로 - 교차로안,승용,남,32세,기타불명,승용,여,48세,경상
2022030800100203,2022년 3월 8일 13시,화요일,대전광역시 유성구 지족동,경상사고,0,0,1,0,차대차 - 기타,안전운전불이행,건조,맑음,단일로 - 기타,승용,여,60세,상해없음,승용,여,43세,경상
2022030800100231,2022년 3월 8일 14시,화요일,대전광역시 중구 문화동,경상사고,0,0,1,0,차대사람 - 기타,보행자보호의무위반,건조,맑음,교차로 - 교차로안,승용,여,36세,상해없음,보행자,남,63세,경상
2022030800100232,2022년 3월 8일 14시,화요일,대전광역시 유성구 상대동,경상사고,0,0,1,0,차대차 - 측면충돌,안전거리미확보,건조,맑음,단일로 - 기타,승용,여,46세,상해없음,승용,여,27세,경상
2022030800100261,2022년 3월 8일 15시,화요일,대전광역시 유성구 구암동,부상신고사고,0,0,0,1,차대차 - 측면충돌,신호위반,건조,맑음,단일로 - 기타,승용,남,72세,상해없음,승용,남,61세,부상신고
2022030800100262,2022년 3월 8일 15시,화요일,대전광역시 유성구 관평동,경상사고,0,0,1,0,차대차 - 측면충돌,신호위반,건조,맑음,교차로 - 교차로안,승용,남,51세,상해없음,화물,여,54세,경상
2022030800100263,2022년 3월 8일 15시,화요일,대전광역시 유성구 복용동,경상사고,0,0,2,0,차대차 - 측면충돌,안전거리미확보,건조,맑음,단일로 - 기타,승용,남,49세,상해없음,화물,남,41세,경상
2022030800100425,2022년 3월 8일 20시,화요일,대전광역시 대덕구 오정동,경상사고,0,0,1,0,차대사람 - 기타,안전운전불이행,건조,맑음,단일로 - 기타,승용,남,66세,상해없음,보행자,남,55세,경상
2022030800100441,2022년 3월 8일 21시,화요일,대전광역시 대덕구 덕암동,경상사고,0,0,1,0,차대차 - 기타,교차로운행방법위반,건조,맑음,교차로 - 교차로안,승용,남,68세,상해없음,화물,남,41세,경상
2022030800100462,2022년 3월 8일 22시,화요일,대전광역시 대덕구 신탄진동,부상신고사고,0,0,0,1,차대사람 - 보도통행중,안전운전불이행,건조,맑음,단일로 - 기타,이륜,남,23세,상해없음,보행자,남,36세,부상신고
2022030800100463,2022년 3월 8일 22시,화요일,대전광역시 대덕구 오정동,경상사고,0,0,1,0,차대차 - 기타,안전거리미확보,건조,맑음,단일로 - 교량,승용,남,20세 이하,상해없음,승용,여,55세,경상
2022030800100496,2022년 3월 8일 23시,화요일,대전광역시 서구 둔산동,경상사고,0,0,1,0,차대사람 - 차도통행중,안전운전불이행,건조,맑음,단일로 - 기타,승용,남,62세,상해없음,보행자,여,24세,경상
2022030900100020,2022년 3월 9일 00시,수요일,대전광역시 대덕구 대화동,부상신고사고,0,0,0,1,차량단독 - 공작물충돌,안전운전불이행,건조,맑음,단일로 - 기타,승용,남,34세,부상신고,,,,
2022030900100038,2022년 3월 9일 04시,수요일,대전광역시 서구 도마동,중상사고,0,1,1,0,차대차 - 기타,신호위반,건조,맑음,교차로 - 교차로안,이륜,남,20세 이하,중상,화물,남,65세,상해없음
2022030900100101,2022년 3월 9일 10시,수요일,대전광역시 동구 가오동,경상사고,0,0,1,0,차대차 - 기타,안전운전불이행,건조,맑음,교차로 - 교차로횡단보도내,화물,여,55세,상해없음,이륜,남,41세,경상
2022030900100130,2022년 3월 9일 11시,수요일,대전광역시 중구 대흥동,경상사고,0,0,1,0,차대차 - 기타,안전운전불이행,건조,맑음,단일로 - 기타,이륜,남,64세,기타불명,이륜,남,19세,경상
2022030900100188,2022년 3월 9일 13시,수요일,대전광역시 중구 문화동,중상사고,0,1,0,0,차량단독 - 기타,안전운전불이행,건조,맑음,단일로 - 기타,승합,남,50세,기타불명,,,,
2022030900100189,2022년 3월 9일 13시,수요일,대전광역시 서구 둔산동,경상사고,0,0,2,0,차대차 - 기타,직진우회전진행방해,건조,맑음,교차로 - 교차로안,이륜,남,24세,상해없음,승용,남,27세,상해없음
2022030900100229,2022년 3월 9일 14시,수요일,대전광역시 서구 갈마동,경상사고,0,0,1,0,차대차 - 측면충돌,직진우회전진행방해,건조,맑음,교차로 - 교차로안,승용,여,57세,상해없음,이륜,남,46세,경상
2022030900100294,2022년 3월 9일 17시,수요일,대전광역시 서구 가수원동,경상사고,0,0,2,0,차대차 - 후진중충돌,안전운전불이행,건조,맑음,교차로 - 교차로안,승용,남,67세,상해없음,승용,여,34세,경상
2022030900100319,2022년 3월 9일 18시,수요일,대전광역시 중구 부사동,경상사고,0,0,1,0,차대차 - 측면충돌,안전운전불이행,건조,맑음,교차로 - 교차로부근,승용,남,59세,상해없음,승용,여,67세,경상
2022030900100345,2022년 3월 9일 19시,수요일,대전광역시 동구 판암동,경상사고,0,0,3,0,차대차 - 측면충돌,교차로운행방법위반,건조,맑음,교차로 - 교차로부근,승용,여,39세,경상,승용,남,41세,경상
2022030900100346,2022년 3월 9일 19시,수요일,대전광역시 서구 갈마동,중상사고,0,1,0,0,차대차 - 기타,안전운전불이행,건조,맑음,단일로 - 고가도로위,화물,남,35세,상해없음,이륜,남,78세,중상
2022030900100347,2022년 3월 9일 19시,수요일,대전광역시 서구 둔산동,경상사고,0,0,1,0,차대차 - 측면충돌,안전거리미확보,건조,맑음,단일로 - 기타,승용,남,76세,상해없음,승용,남,29세,경상
2022030900100371,2022년 3월 9일 20시,수요일,대전광역시 유성구 봉명동,경상사고,0,0,1,0,차대차 - 측면충돌,안전운전불이행,건조,맑음,단일로 - 기타,승용,여,40세,상해없음,자전거,남,26세,경상
2022030900100384,2022년 3월 9일 21시,수요일,대전광역시 서구 관저동,경상사고,0,0,3,0,차대차 - 추돌,안전운전불이행,건조,맑음,교차로 - 교차로부근,승용,남,39세,상해없음,이륜,남,35세,경상
2022030900100412,2022년 3월 9일 23시,수요일,대전광역시 서구 둔산동,경상사고,0,0,1,0,차대사람 - 기타,안전운전불이행,건조,맑음,단일로 - 기타,승용,남,25세,상해없음,보행자,여,18세,경상
2022031000100006,2022년 3월 10일 00시,목요일,대전광역시 유성구 상대동,경상사고,0,0,1,0,차량단독 - 기타,안전운전불이행,건조,맑음,교차로 - 교차로부근,승용,남,59세,상해없음,,,,
2022031000100010,2022년 3월 10일 01시,목요일,대전광역시 유성구 원신흥동,중상사고,0,1,0,0,차대차 - 추돌,안전운전불이행,건조,맑음,교차로 - 교차로부근,승용,여,46세,상해없음,이륜,남,31세,중상
2022031000100043,2022년 3월 10일 06시,목요일,대전광역시 서구 괴정동,중상사고,0,1,0,0,차대차 - 측면충돌,교차로운행방법위반,건조,맑음,교차로 - 교차로안,승용,남,63세,기타불명,이륜,남,62세,중상
2022031000100057,2022년 3월 10일 07시,목요일,대전광역시 서구 괴정동,경상사고,0,0,2,0,차대차 - 기타,안전거리미확보,건조,맑음,단일로 - 기타,승용,여,43세,경상,승용,남,36세,경상
2022031000100091,2022년 3월 10일 08시,목요일,대전광역시 유성구 도룡동,경상사고,0,0,1,0,차대차 - 기타,안전운전불이행,건조,맑음,단일로 - 기타,승용,남,29세,상해없음,승용,여,38세,경상
2022031000100183,2022년 3월 10일 12시,목요일,대전광역시 서구 탄방동,중상사고,0,1,0,0,차대차 - 추돌,안전운전불이행,건조,맑음,교차로 - 교차로부근,이륜,여,41세,중상,승용,남,49세,상해없음