사고번호,사고일시,요일,시군구,사고내용,사망자수,중상자수,경상자수,부상신고자수,사고유형,법규위반,노면상태,기상상태,도로형태,가해운전자 차종,가해운전자 성별,가해운전자 연령,가해운전자 상해정도,피해운전자 차종,피해운전자 성별,피해운전자 연령,피해운전자 상해정도
2022052200100110,2022년 5월 22일 10시,일요일,대전광역시 중구 태평동,경상사고,0,0,2,0,차대차 - 측면충돌,안전거리미확보,건조,맑음,교차로 - 교차로안,승용,남,60세,경상,화물,남,35세,경상
2022052200100111,2022년 5월 22일 10시,일요일,대전광역시 유성구 봉명동,경상사고,0,0,1,0,차대사람 - 기타,안전운전불이행,건조,맑음,단일로 - 기타,승용,여,42세,상해없음,보행자,여,65세,경상
2022052200100214,2022년 5월 22일 13시,일요일,대전광역시 중구 중촌동,경상사고,0,0,1,0,차대차 - 기타,신호위반,건조,맑음,교차로 - 교차로안,승용,여,30세,상해없음,원동기,남,20세,경상
2022052200100276,2022년 5월 22일 15시,일요일,대전광역시 동구 신흥동,경상사고,0,0,2,0,차대차 - 측면충돌,안전거리미확보,건조,맑음,단일로 - 기타,승용,여,22세,경상,승용,남,42세,경상
2022052200100277,2022년 5월 22일 15시,일요일,대전광역시 대덕구 삼정동,경상사고,0,0,4,0,차대차 - 기타,안전운전불이행,건조,맑음,교차로 - 교차로안,승용,남,53세,상해없음,승용,남,37세,경상
2022052200100320,2022년 5월 22일 16시,일요일,대전광역시 중구 문화동,경상사고,0,0,4,0,차대차 - 측면충돌,중앙선침범,건조,맑음,단일로 - 기타,승용,여,77세,상해없음,승용,남,48세,경상
2022052200100362,2022년 5월 22일 17시,일요일,대전광역시 동구 자양동,중상사고,0,1,2,0,차대차 - 측면충돌,직진우회전진행방해,건조,맑음,교차로 - 교차로안,승용,여,52세,경상,이륜,남,28세,중상
2022052200100363,2022년 5월 22일 17시,일요일,대전광역시 유성구 봉명동,경상사고,0,0,2,0,차대차 - 기타,안전거리미확보,건조,맑음,단일로 - 기타,승용,여,43세,상해없음,승용,남,30세,경상
2022052200100392,2022년 5월 22일 18시,일요일,대전광역시 중구 용두동,경상사고,0,0,1,0,차대차 - 기타,신호위반,건조,맑음,교차로 - 교차로부근,승용,남,65세,상해없음,승용,여,30세,상해없음
2022052200100393,2022년 5월 22일 18시,일요일,대전광역시 동구 삼성동,경상사고,0,0,1,0,차대차 - 측면충돌,안전운전불이행,건조,맑음,교차로 - 교차로부근,이륜,남,20세 이하,기타불명,승용,남,31세,경상
2022052200100413,2022년 5월 22일 19시,일요일,대전광역시 서구 도마동,경상사고,0,0,1,0,차량단독 - 공작물충돌,안전운전불이행,건조,기타,단일로 - 기타,승용,남,20세 이하,상해없음,,,,
2022052200100414,2022년 5월 22일 19시,일요일,대전광역시 유성구 원신흥동,경상사고,0,0,1,0,차대차 - 기타,안전운전불이행,건조,맑음,교차로 - 교차로안,승용,남,61세,상해없음,이륜,남,30세,경상
2022052200100441,2022년 5월 22일 20시,일요일,대전광역시 중구 대흥동,경상사고,0,0,1,0,차대차 - 기타,안전운전불이행,건조,맑음,교차로 - 교차로안,승용,남,57세,상해없음,이륜,남,39세,상해없음
2022052200100459,2022년 5월 22일 21시,일요일,대전광역시 대덕구 오정동,경상사고,0,0,1,0,차대차 - 기타,신호위반,건조,맑음,교차로 - 교차로안,승용,남,48세,상해없음,승용,여,32세,경상
2022052300100050,2022년 5월 23일 06시,월요일,대전광역시 유성구 도룡동,경상사고,0,0,1,0,차대차 - 기타,안전운전불이행,건조,맑음,교차로 - 교차로안,승용,남,34세,기타불명,승용,여,57세,경상
2022052300100076,2022년 5월 23일 07시,월요일,대전광역시 대덕구 와동,경상사고,0,0,1,0,차대차 - 추돌,안전운전불이행,건조,맑음,단일로 - 기타,화물,남,28세,기타불명,승용,여,57세,기타불명
2022052300100077,2022년 5월 23일 07시,월요일,대전광역시 유성구 원신흥동,중상사고,0,1,1,0,차대차 - 기타,신호위반,건조,맑음,교차로 - 교차로안,승용,남,50세,중상,승합,남,54세,경상
2022052300100125,2022년 5월 23일 08시,월요일,대전광역시 중구 대흥동,경상사고,0,0,1,0,차대차 - 기타,교차로운행방법위반,건조,맑음,교차로 - 교차로안,승용,여,52세,상해없음,승용,남,66세,상해없음
2022052300100158,2022년 5월 23일 09시,월요일,대전광역시 동구 판암동,경상사고,0,0,1,0,차대차 - 기타,신호위반,건조,맑음,교차로 - 교차로안,승용,남,81세 이상,상해없음,승용,남,81세 이상,경상
2022052300100196,2022년 5월 23일 10시,월요일,대전광역시 중구 대흥동,경상사고,0,0,3,0,차대차 - 기타,안전운전불이행,건조,맑음,단일로 - 기타,승용,남,56세,상해없음,승용,남,49세,경상
2022052300100229,2022년 5월 23일 11시,월요일,대전광역시 중구 유천동,중상사고,0,1,0,0,차대차 - 기타,안전운전불이행,건조,맑음,교차로 - 교차로안,화물,남,65세,상해없음,자전거,여,53세,중상
2022052300100230,2022년 5월 23일 11시,월요일,대전광역시 서구 도마동,중상사고,0,1,0,0,차대차 - 정면충돌,기타,건조,맑음,교차로 - 교차로안,승용,남,20세 이하,상해없음,화물,남,57세,중상
2022052300100295,2022년 5월 23일 13시,월요일,대전광역시 중구 사정동,경상사고,0,0,2,0,차대차 - 기타,안전거리미확보,건조,맑음,단일로 - 기타,건설기계,남,59세,상해없음,승용,남,68세,경상
2022052300100296,2022년 5월 23일 13시,월요일,대전광역시 중구 은행동,경상사고,0,0,2,2,차대차 - 기타,안전운전불이행,건조,맑음,단일로 - 기타,승용,남,81세 이상,상해없음,승합,남,59세,경상
2022052300100372,2022년 5월 23일 15시,월요일,대전광역시 중구 선화동,경상사고,0,0,1,0,차대차 - 기타,안전운전불이행,건조,맑음,단일로 - 기타,승용,남,54세,상해없음,이륜,남,25세,경상
2022052300100421,2022년 5월 23일 16시,월요일,대전광역시 대덕구 덕암동,경상사고,0,0,2,0,차대차 - 측면충돌,안전운전불이행,건조,맑음,교차로 - 교차로안,승용,남,63세,상해없음,승용,여,34세,경상
2022052300100609,2022년 5월 23일 22시,월요일,대전광역시 유성구 구암동,경상사고,0,0,2,0,차대차 - 기타,안전운전불이행,건조,맑음,교차로 - 교차로부근,승용,여,42세,상해없음,승용,여,45세,경상
2022052300100610,2022년 5월 23일 22시,월요일,대전광역시 유성구 도룡동,중상사고,0,1,0,0,차대차 - 기타,신호위반,건조,맑음,교차로 - 교차로안,승용,여,47세,상해없음,이륜,남,37세,중상
2022052300100611,2022년 5월 23일 22시,월요일,대전광역시 유성구 문지동,중상사고,0,1,0,0,차대차 - 정면충돌,안전운전불이행,건조,맑음,교차로 - 교차로안,자전거,남,20세 이하,중상,승용,남,60세,상해없음
2022052300100623,2022년 5월 23일 23시,월요일,대전광역시 유성구 원신흥동,경상사고,0,0,1,0,차대차 - 기타,안전거리미확보,건조,맑음,교차로 - 교차로부근,승용,남,37세,상해없음,승용,남,58세,경상
2022052400100021,2022년 5월 24일 02시,화요일,대전광역시 유성구 관평동,경상사고,0,0,1,0,차대차 - 기타,중앙선침범,건조,맑음,단일로 - 기타,승용,남,23세,상해없음,화물,남,53세,경상
2022052400100063,2022년 5월 24일 07시,화요일,대전광역시 서구 용문동,경상사고,0,0,1,0,차대차 - 측면충돌,안전운전불이행,건조,맑음,교차로 - 교차로부근,화물,남,41세,상해없음,승용,남,25세,경상
2022052400100191,2022년 5월 24일 10시,화요일,대전광역시 대덕구 신탄진동,중상사고,0,1,1,0,차대차 - 추돌,직진우회전진행방해,건조,맑음,교차로 - 교차로부근,이륜,남,39세,중상,승용,남,61세,상해없음
2022052400100192,2022년 5월 24일 10시,화요일,대전광역시 대덕구 석봉동,경상사고,0,0,1,0,차대차 - 기타,안전운전불이행,건조,맑음,교차로 - 교차로안,승용,여,65세,상해없음,승용,남,76세,경상
2022052400100229,2022년 5월 24일 11시,화요일,대전광역시 동구 성남동,경상사고,0,0,1,0,차대차 - 측면충돌,안전거리미확보,건조,맑음,단일로 - 기타,승용,남,36세,상해없음,승용,남,65세,경상
2022052400100261,2022년 5월 24일 12시,화요일,대전광역시 유성구 봉명동,중상사고,0,1,0,0,차대사람 - 횡단중,보행자보호의무위반,건조,맑음,단일로 - 기타,승용,여,67세,상해없음,보행자,여,36세,중상
2022052400100405,2022년 5월 24일 16시,화요일,대전광역시 대덕구 오정동,경상사고,0,0,3,0,차대차 - 기타,신호위반,건조,맑음,교차로 - 교차로안,승합,남,56세,상해없음,승용,남,24세,경상
2022052400100450,2022년 5월 24일 17시,화요일,대전광역시 서구 탄방동,경상사고,0,0,1,0,차대차 - 추돌,안전운전불이행,건조,맑음,단일로 - 교량,승용,남,62세,상해없음,승용,남,54세,경상
2022052400100451,2022년 5월 24일 17시,화요일,대전광역시 유성구 지족동,경상사고,0,0,1,0,차대차 - 기타,안전운전불이행,건조,맑음,단일로 - 기타,승용,여,49세,상해없음,개인형이동수단(PM),남,15세,경상
2022052400100520,2022년 5월 24일 19시,화요일,대전광역시 서구 갈마동,경상사고,0,0,1,0,차대차 - 기타,안전운전불이행,건조,맑음,교차로 - 교차로안,승용,남,33세,기타불명,승용,남,63세,경상
2022052400100548,2022년 5월 24일 20시,화요일,대전광역시 동구 신흥동,중상사고,0,1,0,0,차대차 - 측면충돌,신호위반,건조,맑음,교차로 - 교차로횡단보도내,승용,여,57세,상해없음,자전거,남,75세,중상
2022052400100577,2022년 5월 24일 21시,화요일,대전광역시 서구 도안동,경상사고,0,0,1,0,차대차 - 측면충돌,안전운전불이행,건조,맑음,교차로 - 교차로부근,승용,남,62세,상해없음,승용,남,57세,경상
2022052400100578,2022년 5월 24일 21시,화요일,대전광역시 대덕구 중리동,중상사고,0,1,0,0,차대차 - 측면충돌,안전운전불이행,건조,맑음,단일로 - 기타,승용,남,22세,상해없음,이륜,남,32세,중상
2022052500100188,2022년 5월 25일 10시,수요일,대전광역시 유성구 구성동,중상사고,0,1,0,0,차대차 - 측면충돌,중앙선침범,건조,맑음,단일로 - 기타,승용,남,66세,상해없음,승용,남,41세,중상
2022052500100223,2022년 5월 25일 11시,수요일,대전광역시 중구 대사동,경상사고,0,0,1,0,차대차 - 측면충돌,신호위반,건조,맑음,교차로 - 교차로안,승합,남,79세,상해없음,이륜,남,40세,경상
2022052500100261,2022년 5월 25일 12시,수요일,대전광역시 동구 원동,경상사고,0,0,1,0,차대차 - 후진중충돌,안전운전불이행,건조,맑음,교차로 - 교차로부근,승용,남,42세,상해없음,승용,남,68세,경상
2022052500100262,2022년 5월 25일 12시,수요일,대전광역시 대덕구 읍내동,경상사고,0,0,1,0,차대사람 - 기타,안전운전불이행,건조,맑음,단일로 - 기타,승용,여,68세,상해없음,보행자,남,62세,경상
2022052500100263,2022년 5월 25일 12시,수요일,대전광역시 유성구 관평동,경상사고,0,0,1,0,차대차 - 후진중충돌,안전운전불이행,건조,맑음,기타 - 기타,화물,남,44세,상해없음,이륜,남,32세,경상
2022052500100299,2022년 5월 25일 13시,수요일,대전광역시 서구 가장동,경상사고,0,0,1,0,차대차 - 추돌,안전운전불이행,건조,맑음,교차로 - 교차로부근,건설기계,남,50세,상해없음,승용,여,53세,경상
2022052500100341,2022년 5월 25일 14시,수요일,대전광역시 중구 문화동,경상사고,0,0,2,0,차대차 - 측면충돌,안전거리미확보,건조,맑음,단일로 - 기타,승용,여,44세,기타불명,승용,남,68세,경상
2022052500100342,2022년 5월 25일 14시,수요일,대전광역시 서구 둔산동,중상사고,0,1,1,0,차대차 - 측면충돌,안전운전불이행,건조,맑음,교차로 - 교차로안,이륜,남,25세,중상,승용,남,32세,경상
2022052500100422,2022년 5월 25일 16시,수요일,대전광역시 서구 둔산동,경상사고,0,0,1,0,차대차 - 기타,안전운전불이행,건조,맑음,단일로 - 기타,승용,남,34세,상해없음,승용,여,37세,경상
2022052500100511,2022년 5월 25일 18시,수요일,대전광역시 중구 대흥동,중상사고,0,1,0,0,차대사람 - 기타,기타,건조,맑음,기타 - 기타,자전거,남,20세 이하,상해없음,보행자,여,12세 이하,중상
2022052500100512,2022년 5월 25일 18시,수요일,대전광역시 서구 변동,경상사고,0,0,1,0,차대차 - 측면충돌,안전운전불이행,건조,맑음,단일로 - 기타,이륜,남,46세,상해없음,승용,여,50세,경상
2022052500100513,2022년 5월 25일 18시,수요일,대전광역시 서구 갈마동,경상사고,0,0,1,0,차대차 - 추돌,안전운전불이행,건조,맑음,교차로 - 교차로부근,승용,남,60세,상해없음,승용,남,41세,경상
2022052500100649,2022년 5월 25일 22시,수요일,대전광역시 서구 갈마동,경상사고,0,0,1,0,차대차 - 기타,안전운전불이행,건조,맑음,단일로 - 기타,승용,남,62세,상해없음,이륜,남,29세,경상
2022052500100669,2022년 5월 25일 23시,수요일,대전광역시 서구 둔산동,중상사고,0,1,0,0,차대차 - 기타,안전거리미확보,건조,맑음,단일로 - 기타,기타불명,기타불명,미분류,기타불명,승용,남,65세,상해없음
2022052600100019,2022년 5월 26일 00시,목요일,대전광역시 서구 변동,경상사고,0,0,4,0,차대차 - 기타,안전운전불이행,건조,맑음,단일로 - 기타,승용,남,45세,상해없음,승용,남,75세,경상
2022052600100020,2022년 5월 26일 00시,목요일,대전광역시 유성구 봉명동,중상사고,0,1,0,0,차대사람 - 횡단중,안전운전불이행,건조,맑음,교차로 - 교차로부근,승합,남,45세,상해없음,보행자,남,57세,중상
2022052600100030,2022년 5월 26일 01시,목요일,대전광역시 중구 부사동,경상사고,0,0,1,0,차대차 - 측면충돌,안전거리미확보,젖음/습기,비,단일로 - 기타,승용,남,56세,상해없음,화물,남,56세,경상
2022052600100031,2022년 5월 26일 01시,목요일,대전광역시 서구 갈마동,경상사고,0,0,1,0,차대사람 - 횡단중,안전운전불이행,젖음/습기,비,교차로 - 교차로부근,승용,남,20세 이하,상해없음,보행자,남,31세,경상
2022052600100059,2022년 5월 26일 05시,목요일,대전광역시 대덕구 오정동,중상사고,0,1,0,0,차대차 - 측면충돌,신호위반,건조,맑음,교차로 - 교차로안,화물,남,57세,상해없음,자전거,남,79세,중상
2022052600100097,2022년 5월 26일 07시,목요일,대전광역시 유성구 봉명동,경상사고,0,0,2,0,차대차 - 추돌,안전운전불이행,건조,맑음,단일로 - 기타,승용,남,24세,상해없음,승용,여,43세,경상
2022052600100145,2022년 5월 26일 08시,목요일,대전광역시 서구 도안동,중상사고,0,1,0,0,차대차 - 기타,안전운전불이행,건조,맑음,교차로 - 교차로안,승용,여,33세,상해없음,이륜,남,37세,중상
2022052600100146,2022년 5월 26일 08시,목요일,대전광역시 대덕구 오정동,중상사고,0,1,0,0,차대차 - 기타,신호위반,건조,맑음,교차로 - 교차로안,승용,여,32세,상해없음,이륜,남,51세,중상
2022052600100147,2022년 5월 26일 08시,목요일,대전광역시 유성구 노은동,경상사고,0,0,1,0,차대차 - 측면충돌,안전운전불이행,건조,맑음,단일로 - 기타,승용,여,63세,기타불명,승용,남,63세,경상
2022052600100180,2022년 5월 26일 09시,목요일,대전광역시 유성구 장대동,경상사고,0,0,2,0,차대차 - 추돌,안전운전불이행,건조,맑음,교차로 - 교차로안,승용,남,59세,상해없음,승용,여,41세,경상
2022052600100206,2022년 5월 26일 10시,목요일,대전광역시 서구 둔산동,중상사고,0,1,0,0,차대사람 - 차도통행중,안전운전불이행,건조,맑음,단일로 - 기타,승용,남,51세,상해없음,보행자,여,55세,중상
2022052600100237,2022년 5월 26일 11시,목요일,대전광역시 유성구 궁동,경상사고,0,0,2,0,차대차 - 측면충돌,안전거리미확보,건조,흐림,단일로 - 기타,승용,남,55세,상해없음,승용,남,57세,경상
2022052600100259,2022년 5월 26일 12시,목요일,대전광역시 서구 도안동,중상사고,0,1,0,0,차대차 - 측면충돌,안전운전불이행,건조,맑음,단일로 - 기타,승용,여,64세,상해없음,이륜,남,29세,중상
2022052600100261,2022년 5월 26일 12시,목요일,대전광역시 유성구 방동,경상사고,0,0,4,0,차대차 - 추돌,안전거리미확보,건조,맑음,단일로 - 기타,화물,남,60세,기타불명,승용,여,50세,경상
2022052600100368,2022년 5월 26일 15시,목요일,대전광역시 중구 선화동,중상사고,0,1,1,0,차대사람 - 횡단중,안전운전불이행,건조,맑음,교차로 - 교차로횡단보도내,승합,남,47세,상해없음,보행자,여,81세 이상,중상
2022052600100412,2022년 5월 26일 16시,목요일,대전광역시 동구 대동,중상사고,0,1,0,0,차대차 - 측면충돌,신호위반,건조,맑음,교차로 - 교차로안,승용,남,64세,상해없음,자전거,남,56세,중상
2022052600100479,2022년 5월 26일 17시,목요일,대전광역시 대덕구 중리동,경상사고,0,0,1,0,차대차 - 추돌,안전운전불이행,건조,맑음,단일로 - 기타,이륜,남,40세,상해없음,승용,남,49세,경상
2022052600100480,2022년 5월 26일 17시,목요일,대전광역시 유성구 구암동,중상사고,0,2,0,0,차대차 - 측면충돌,신호위반,건조,맑음,교차로 - 교차로안,승용,여,63세,상해없음,승용,남,69세,중상
2022052600100531,2022년 5월 26일 18시,목요일,대전광역시 대덕구 송촌동,경상사고,0,0,1,0,차대차 - 기타,안전운전불이행,건조,맑음,교차로 - 교차로부근,승용,남,24세,상해없음,개인형이동수단(PM),여,21세,경상
2022052600100532,2022년 5월 26일 18시,목요일,대전광역시 서구 갈마동,경상사고,0,0,1,0,차대차 - 추돌,안전운전불이행,건조,맑음,교차로 - 교차로부근,승용,남,49세,상해없음,이륜,남,30세,경상
2022052600100533,2022년 5월 26일 18시,목요일,대전광역시 서구 둔산동,중상사고,0,1,0,0,차대사람 - 길가장자리구역통행중,안전운전불이행,건조,맑음,기타 - 기타,원동기,남,41세,상해없음,보행자,남,41세,중상
2022052600100534,2022년 5월 26일 18시,목요일,대전광역시 서구 둔산동,경상사고,0,0,1,0,차대차 - 추돌,안전거리미확보,건조,맑음,교차로 - 교차로안,승용,남,31세,상해없음,승용,여,33세,경상
2022052600100535,2022년 5월 26일 18시,목요일,대전광역시 유성구 상대동,경상사고,0,0,1,0,차대차 - 추돌,안전거리미확보,건조,맑음,미분류 - 미분류,승용,남,26세,상해없음,화물,여,37세,경상
2022052600100572,2022년 5월 26일 19시,목요일,대전광역시 유성구 원내동,경상사고,0,0,1,0,차대차 - 추돌,안전거리미확보,건조,맑음,교차로 - 교차로부근,자전거,남,20세 이하,경상,승용,여,30세,상해없음
2022052600100623,2022년 5월 26일 21시,목요일,대전광역시 중구 태평동,경상사고,0,0,1,0,차대차 - 기타,안전운전불이행,건조,맑음,단일로 - 교량,승용,남,43세,상해없음,승용,여,38세,경상
2022052600100624,2022년 5월 26일 21시,목요일,대전광역시 유성구 어은동,경상사고,0,0,1,0,차대차 - 기타,안전운전불이행,건조,맑음,단일로 - 기타,승용,여,40세,상해없음,승용,남,58세,경상
2022052600100645,2022년 5월 26일 22시,목요일,대전광역시 중구 오류동,경상사고,0,0,1,0,차대차 - 기타,안전운전불이행,건조,맑음,교차로 - 교차로부근,승용,여,63세,상해없음,승용,남,55세,경상
2022052600100646,2022년 5월 26일 22시,목요일,대전광역시 서구 갈마동,경상사고,0,0,1,0,차대사람 - 길가장자리구역통행중,안전운전불이행,건조,맑음,단일로 - 기타,승합,남,56세,상해없음,보행자,남,21세,경상
2022052700100015,2022년 5월 27일 00시,금요일,대전광역시 유성구 문지동,경상사고,0,0,2,0,차대차 - 추돌,안전운전불이행,건조,맑음,교차로 - 교차로부근,승용,남,38세,상해없음,승용,여,50세,경상
2022052700100047,2022년 5월 27일 04시,금요일,대전광역시 중구 용두동,경상사고,0,0,2,0,차대차 - 기타,신호위반,건조,맑음,교차로 - 교차로안,승용,남,62세,상해없음,승용,남,35세,경상
2022052700100066,2022년 5월 27일 06시,금요일,대전광역시 중구 문창동,중상사고,0,1,0,0,차대차 - 측면충돌,기타,건조,맑음,교차로 - 교차로안,승용,남,41세,상해없음,이륜,남,54세,중상
2022052700100089,2022년 5월 27일 07시,금요일,대전광역시 서구 갈마동,경상사고,0,0,1,0,차대차 - 측면충돌,중앙선침범,건조,맑음,기타 - 기타,개인형이동수단(PM),남,22세,경상,화물,남,58세,상해없음
2022052700100090,2022년 5월 27일 07시,금요일,대전광역시 서구 월평동,중상사고,0,1,0,0,차대차 - 기타,신호위반,건조,맑음,교차로 - 교차로안,승용,남,37세,상해없음,자전거,남,42세,중상
2022052700100132,2022년 5월 27일 08시,금요일,대전광역시 중구 문화동,경상사고,0,0,2,0,차대차 - 기타,안전운전불이행,건조,맑음,단일로 - 기타,승용,여,44세,상해없음,승용,여,53세,경상
2022052700100133,2022년 5월 27일 08시,금요일,대전광역시 동구 홍도동,중상사고,0,1,0,0,차대차 - 측면충돌,교차로운행방법위반,건조,맑음,교차로 - 교차로안,승용,여,43세,상해없음,개인형이동수단(PM),여,14세,중상
2022052700100134,2022년 5월 27일 08시,금요일,대전광역시 서구 탄방동,경상사고,0,0,1,0,차대차 - 기타,안전운전불이행,건조,맑음,교차로 - 교차로횡단보도내,승용,여,27세,상해없음,자전거,남,13세,경상
2022052700100135,2022년 5월 27일 08시,금요일,대전광역시 유성구 구암동,경상사고,0,0,1,0,차대차 - 추돌,안전운전불이행,건조,맑음,교차로 - 교차로부근,승용,여,27세,상해없음,승용,남,60세,상해없음
2022052700100166,2022년 5월 27일 09시,금요일,대전광역시 대덕구 덕암동,경상사고,0,0,1,0,차대사람 - 횡단중,보행자보호의무위반,건조,맑음,교차로 - 교차로횡단보도내,화물,남,65세,상해없음,보행자,여,75세,경상
2022052700100167,2022년 5월 27일 09시,금요일,대전광역시 대덕구 대화동,경상사고,0,0,1,0,차대차 - 측면충돌,안전운전불이행,건조,맑음,기타 - 기타,승용,남,30세,기타불명,승용,남,45세,경상
2022052700100168,2022년 5월 27일 09시,금요일,대전광역시 서구 둔산동,경상사고,0,0,1,0,차대차 - 측면충돌,안전거리미확보,건조,맑음,단일로 - 기타,건설기계,남,62세,상해없음,승용,남,28세,경상
2022052700100257,2022년 5월 27일 12시,금요일,대전광역시 동구 중동,중상사고,0,1,0,0,차량단독 - 기타,안전운전불이행,건조,맑음,단일로 - 기타,승합,남,42세,상해없음,,,,
2022052700100319,2022년 5월 27일 14시,금요일,대전광역시 서구 탄방동,경상사고,0,0,1,0,차대차 - 측면충돌,안전운전불이행,건조,맑음,단일로 - 기타,승용,남,41세,상해없음,승용,남,30세,경상
2022052700100363,2022년 5월 27일 15시,금요일,대전광역시 중구 문창동,중상사고,0,1,0,0,차대차 - 기타,안전운전불이행,건조,맑음,단일로 - 기타,승용,여,64세,상해없음,이륜,남,62세,중상
2022052700100364,2022년 5월 27일 15시,금요일,대전광역시 서구 정림동,경상사고,0,0,1,0,차대차 - 추돌,안전운전불이행,건조,맑음,단일로 - 기타,화물,남,50세,상해없음,이륜,남,46세,경상
2022052700100365,2022년 5월 27일 15시,금요일,대전광역시 서구 관저동,경상사고,0,0,1,0,차대차 - 추돌,안전거리미확보,건조,맑음,교차로 - 교차로안,승용,여,37세,상해없음,승용,여,43세,경상
2022052700100366,2022년 5월 27일 15시,금요일,대전광역시 대덕구 비래동,경상사고,0,0,1,0,차대사람 - 횡단중,보행자보호의무위반,건조,맑음,교차로 - 교차로안,승용,남,67세,상해없음,보행자,여,44세,경상
2022052700100420,2022년 5월 27일 16시,금요일,대전광역시 대덕구 상서동,경상사고,0,0,1,0,차대차 - 측면충돌,안전운전불이행,건조,맑음,교차로 - 교차로부근,화물,남,62세,상해없음,승용,남,46세,경상
2022052700100421,2022년 5월 27일 16시,금요일,대전광역시 서구 둔산동,경상사고,0,0,1,0,차대차 - 측면충돌,안전운전불이행,건조,맑음,교차로 - 교차로횡단보도내,승용,남,58세,상해없음,자전거,남,36세,경상
2022052700100499,2022년 5월 27일 17시,금요일,대전광역시 유성구 관평동,경상사고,0,0,1,0,차대차 - 기타,안전운전불이행,건조,맑음,단일로 - 기타,승용,남,56세,기타불명,승용,여,40세,경상
2022052700100500,2022년 5월 27일 17시,금요일,대전광역시 유성구 궁동,경상사고,0,0,1,0,차대차 - 기타,안전거리미확보,건조,맑음,단일로 - 기타,승용,여,37세,기타불명,승용,여,61세,경상
2022052700100551,2022년 5월 27일 18시,금요일,대전광역시 서구 관저동,중상사고,0,1,0,0,차대차 - 측면충돌,신호위반,건조,맑음,교차로 - 교차로횡단보도내,승용,여,45세,상해없음,자전거,남,29세,중상
2022052700100594,2022년 5월 27일 19시,금요일,대전광역시 동구 가오동,경상사고,0,0,5,0,차대차 - 측면충돌,안전거리미확보,건조,맑음,교차로 - 교차로부근,승용,여,40세,경상,승용,여,36세,경상
2022052700100595,2022년 5월 27일 19시,금요일,대전광역시 서구 둔산동,경상사고,0,0,1,0,차대차 - 기타,안전운전불이행,건조,맑음,단일로 - 기타,승용,남,59세,상해없음,승용,여,47세,상해없음
2022052700100596,2022년 5월 27일 19시,금요일,대전광역시 유성구 봉산동,경상사고,0,0,2,0,차대차 - 기타,안전거리미확보,건조,맑음,단일로 - 고가도로위,승용,남,48세,상해없음,승용,남,26세,경상
2022052700100651,2022년 5월 27일 21시,금요일,대전광역시 대덕구 송촌동,경상사고,0,0,1,0,차대차 - 측면충돌,안전운전불이행,건조,맑음,교차로 - 교차로부근,화물,남,73세,상해없음,이륜,남,22세,경상
2022052700100652,2022년 5월 27일 21시,금요일,대전광역시 서구 둔산동,경상사고,0,0,1,0,차대사람 - 길가장자리구역통행중,안전운전불이행,건조,맑음,단일로 - 기타,이륜,남,39세,상해없음,보행자,남,12세 이하,경상
2022052700100708,2022년 5월 27일 23시,금요일,대전광역시 서구 괴정동,경상사고,0,0,1,0,차대차 - 기타,안전운전불이행,건조,맑음,교차로 - 교차로안,승용,남,61세,상해없음,이륜,남,27세,경상
2022052700100709,2022년 5월 27일 23시,금요일,대전광역시 서구 도안동,경상사고,0,0,1,0,차대차 - 후진중충돌,안전운전불이행,건조,맑음,단일로 - 기타,화물,남,32세,상해없음,이륜,남,53세,경상
2022052700100710,2022년 5월 27일 23시,금요일,대전광역시 서구 둔산동,경상사고,0,0,1,0,차대사람 - 기타,안전운전불이행,건조,맑음,단일로 - 기타,승용,남,32세,상해없음,보행자,남,24세,경상
2022052800100128,2022년 5월 28일 09시,토요일,대전광역시 유성구 구성동,경상사고,0,0,1,0,차대차 - 측면충돌,안전운전불이행,건조,맑음,교차로 - 교차로안,승용,여,49세,상해없음,승용,남,45세,경상
2022052800100129,2022년 5월 28일 09시,토요일,대전광역시 유성구 방동,경상사고,0,0,2,0,차대차 - 측면충돌,안전운전불이행,건조,맑음,교차로 - 교차로부근,건설기계,남,57세,상해없음,승용,남,50세,경상
2022052800100206,2022년 5월 28일 11시,토요일,대전광역시 서구 갈마동,경상사고,0,0,1,0,차대차 - 후진중충돌,안전운전불이행,건조,맑음,단일로 - 기타,승용,여,46세,기타불명,승용,남,31세,경상
2022052800100207,2022년 5월 28일 11시,토요일,대전광역시 유성구 용계동,경상사고,0,0,2,0,차대차 - 후진중충돌,안전운전불이행,건조,맑음,단일로 - 기타,승용,남,30세,상해없음,승용,남,47세,경상
2022052800100208,2022년 5월 28일 11시,토요일,대전광역시 유성구 원신흥동,경상사고,0,0,1,0,차대차 - 측면충돌,안전거리미확보,건조,맑음,단일로 - 기타,승용,여,38세,상해없음,승용,여,62세,경상
2022052800100255,2022년 5월 28일 12시,토요일,대전광역시 서구 변동,경상사고,0,0,1,0,차대차 - 측면충돌,안전운전불이행,건조,맑음,교차로 - 교차로안,화물,남,28세,기타불명,승용,여,41세,경상
2022052800100294,2022년 5월 28일 13시,토요일,대전광역시 중구 산성동,경상사고,0,0,1,0,차대사람 - 횡단중,안전운전불이행,건조,맑음,단일로 - 기타,원동기,남,54세,상해없음,보행자,남,12세 이하,경상