사고번호,사고일시,요일,시군구,사고내용,사망자수,중상자수,경상자수,부상신고자수,사고유형,법규위반,노면상태,기상상태,도로형태,가해운전자 차종,가해운전자 성별,가해운전자 연령,가해운전자 상해정도,피해운전자 차종,피해운전자 성별,피해운전자 연령,피해운전자 상해정도
2022052800100296,2022년 5월 28일 13시,토요일,대전광역시 유성구 봉명동,경상사고,0,0,1,0,차대차 - 측면충돌,차로위반,건조,맑음,단일로 - 기타,승용,남,63세,상해없음,이륜,남,34세,경상
2022052800100297,2022년 5월 28일 13시,토요일,대전광역시 유성구 송강동,경상사고,0,0,1,0,차대사람 - 횡단중,보행자보호의무위반,건조,맑음,교차로 - 교차로횡단보도내,승용,남,55세,상해없음,보행자,남,61세,경상
2022052800100327,2022년 5월 28일 14시,토요일,대전광역시 서구 탄방동,경상사고,0,0,4,0,차대차 - 추돌,안전거리미확보,건조,맑음,단일로 - 기타,승용,남,46세,상해없음,승용,남,32세,경상
2022052800100328,2022년 5월 28일 14시,토요일,대전광역시 유성구 관평동,경상사고,0,0,1,0,차대차 - 측면충돌,안전운전불이행,건조,맑음,교차로 - 교차로부근,화물,남,47세,상해없음,이륜,남,36세,경상
2022052800100408,2022년 5월 28일 16시,토요일,대전광역시 서구 도안동,중상사고,0,1,0,0,차대차 - 기타,안전운전불이행,건조,맑음,단일로 - 기타,자전거,남,20세 이하,상해없음,이륜,남,23세,중상
2022052800100409,2022년 5월 28일 16시,토요일,대전광역시 서구 갈마동,경상사고,0,0,1,0,차대차 - 측면충돌,안전거리미확보,건조,맑음,단일로 - 기타,승용,남,63세,상해없음,승용,여,41세,경상
2022052800100451,2022년 5월 28일 17시,토요일,대전광역시 서구 괴정동,경상사고,0,0,1,0,차대차 - 기타,안전운전불이행,건조,맑음,단일로 - 기타,승용,남,28세,상해없음,승합,남,57세,상해없음
2022052800100486,2022년 5월 28일 18시,토요일,대전광역시 유성구 봉명동,경상사고,0,0,1,0,차대사람 - 기타,신호위반,건조,맑음,교차로 - 교차로횡단보도내,기타불명,기타불명,미분류,기타불명,보행자,여,25세,경상
2022052800100520,2022년 5월 28일 19시,토요일,대전광역시 동구 성남동,경상사고,0,0,1,0,차대차 - 기타,안전운전불이행,건조,맑음,교차로 - 교차로안,승용,남,51세,상해없음,이륜,남,39세,경상
2022052800100555,2022년 5월 28일 20시,토요일,대전광역시 서구 정림동,경상사고,0,0,1,0,차대차 - 기타,중앙선침범,건조,맑음,단일로 - 기타,이륜,남,66세,상해없음,자전거,남,61세,경상
2022052800100580,2022년 5월 28일 21시,토요일,대전광역시 서구 둔산동,중상사고,0,1,1,0,차대차 - 기타,신호위반,건조,맑음,교차로 - 교차로횡단보도내,이륜,남,29세,기타불명,개인형이동수단(PM),남,14세,중상
2022052800100631,2022년 5월 28일 23시,토요일,대전광역시 서구 도마동,경상사고,0,0,1,0,차대차 - 추돌,안전운전불이행,건조,맑음,교차로 - 교차로부근,승용,남,73세,상해없음,승합,남,26세,경상
2022052800100632,2022년 5월 28일 23시,토요일,대전광역시 서구 둔산동,경상사고,0,0,1,0,차대차 - 기타,신호위반,건조,맑음,교차로 - 교차로안,이륜,남,29세,기타불명,개인형이동수단(PM),여,23세,경상
2022052900100015,2022년 5월 29일 00시,일요일,대전광역시 서구 갈마동,중상사고,0,1,2,0,차대차 - 정면충돌,신호위반,건조,맑음,교차로 - 교차로안,이륜,남,20세 이하,중상,승용,남,70세,경상
2022052900100030,2022년 5월 29일 01시,일요일,대전광역시 서구 괴정동,경상사고,0,0,1,0,차대차 - 측면충돌,신호위반,건조,맑음,교차로 - 교차로안,승용,남,27세,기타불명,이륜,남,26세,경상
2022052900100040,2022년 5월 29일 02시,일요일,대전광역시 중구 대흥동,중상사고,0,1,2,0,차대차 - 기타,중앙선침범,서리/결빙,맑음,단일로 - 기타,승용,남,62세,상해없음,이륜,남,38세,중상
2022052900100129,2022년 5월 29일 10시,일요일,대전광역시 서구 도마동,중상사고,0,1,0,0,차량단독 - 기타,안전운전불이행,건조,맑음,교차로 - 교차로부근,승합,남,24세,상해없음,,,,
2022052900100154,2022년 5월 29일 11시,일요일,대전광역시 중구 은행동,중상사고,0,1,0,0,차대사람 - 차도통행중,안전거리미확보,건조,맑음,단일로 - 기타,승용,여,52세,상해없음,보행자,남,42세,중상
2022052900100155,2022년 5월 29일 11시,일요일,대전광역시 유성구 상대동,경상사고,0,0,2,0,차대차 - 기타,안전운전불이행,건조,맑음,교차로 - 교차로안,승용,남,40세,상해없음,승용,여,49세,경상
2022052900100185,2022년 5월 29일 12시,일요일,대전광역시 서구 관저동,중상사고,0,1,0,0,차대차 - 기타,안전운전불이행,건조,맑음,교차로 - 교차로부근,승용,남,69세,상해없음,이륜,남,23세,중상
2022052900100245,2022년 5월 29일 14시,일요일,대전광역시 동구 삼성동,경상사고,0,0,1,0,차대사람 - 기타,안전운전불이행,건조,맑음,단일로 - 기타,승용,남,79세,상해없음,보행자,남,20세,경상
2022052900100246,2022년 5월 29일 14시,일요일,대전광역시 서구 용문동,경상사고,0,0,4,0,차대차 - 기타,안전거리미확보,건조,맑음,단일로 - 기타,승용,남,29세,상해없음,화물,남,55세,경상
2022052900100277,2022년 5월 29일 15시,일요일,대전광역시 유성구 전민동,경상사고,0,0,3,0,차대차 - 기타,신호위반,건조,맑음,교차로 - 교차로부근,승용,남,70세,상해없음,승용,남,35세,경상
2022052900100349,2022년 5월 29일 17시,일요일,대전광역시 대덕구 법동,경상사고,0,0,1,0,차대차 - 측면충돌,신호위반,건조,맑음,교차로 - 교차로안,이륜,남,64세,경상,승용,남,61세,상해없음
2022052900100383,2022년 5월 29일 18시,일요일,대전광역시 유성구 봉명동,경상사고,0,0,1,0,차대차 - 후진중충돌,안전운전불이행,건조,맑음,교차로 - 교차로횡단보도내,승용,여,59세,상해없음,이륜,남,28세,경상
2022052900100406,2022년 5월 29일 19시,일요일,대전광역시 서구 둔산동,경상사고,0,0,2,0,차대차 - 기타,안전운전불이행,건조,맑음,단일로 - 기타,승용,여,59세,기타불명,승용,남,26세,경상
2022052900100450,2022년 5월 29일 21시,일요일,대전광역시 서구 둔산동,경상사고,0,0,3,0,차대차 - 기타,안전거리미확보,건조,맑음,단일로 - 기타,승용,남,63세,경상,이륜,남,54세,경상
2022052900100469,2022년 5월 29일 22시,일요일,대전광역시 동구 신안동,경상사고,0,0,2,0,차대차 - 기타,차로위반,건조,맑음,단일로 - 기타,화물,남,61세,경상,승용,남,52세,경상
2022052900100470,2022년 5월 29일 22시,일요일,대전광역시 동구 정동,경상사고,0,0,1,0,차대사람 - 횡단중,안전운전불이행,건조,맑음,단일로 - 기타,승용,남,60세,상해없음,보행자,남,72세,경상
2022052900100471,2022년 5월 29일 22시,일요일,대전광역시 서구 월평동,경상사고,0,0,1,0,차대차 - 기타,직진우회전진행방해,건조,맑음,교차로 - 교차로횡단보도내,기타불명,기타불명,미분류,기타불명,승용,남,26세,경상
2022052900100482,2022년 5월 29일 23시,일요일,대전광역시 대덕구 신일동,경상사고,0,0,2,0,차대차 - 측면충돌,기타,건조,맑음,교차로 - 교차로부근,승용,남,41세,경상,승용,남,54세,경상
2022053000100047,2022년 5월 30일 07시,월요일,대전광역시 유성구 원내동,경상사고,0,0,1,0,차대차 - 측면충돌,신호위반,젖음/습기,비,교차로 - 교차로안,승용,남,25세,상해없음,승용,여,56세,경상
2022053000100094,2022년 5월 30일 08시,월요일,대전광역시 대덕구 오정동,경상사고,0,0,1,0,차대차 - 추돌,안전운전불이행,건조,맑음,단일로 - 기타,화물,여,24세,상해없음,승용,여,39세,경상
2022053000100095,2022년 5월 30일 08시,월요일,대전광역시 서구 둔산동,경상사고,0,0,1,0,차대차 - 측면충돌,안전거리미확보,건조,맑음,교차로 - 교차로부근,승용,남,69세,상해없음,승합,여,38세,경상
2022053000100096,2022년 5월 30일 08시,월요일,대전광역시 유성구 전민동,경상사고,0,0,1,0,차대차 - 기타,안전운전불이행,건조,맑음,교차로 - 교차로안,승용,남,36세,상해없음,승용,남,53세,경상
2022053000100097,2022년 5월 30일 08시,월요일,대전광역시 유성구 도룡동,경상사고,0,0,1,0,차대차 - 기타,안전거리미확보,건조,맑음,단일로 - 기타,승용,여,24세,상해없음,승용,여,36세,경상
2022053000100146,2022년 5월 30일 10시,월요일,대전광역시 중구 대사동,경상사고,0,0,2,0,차대차 - 측면충돌,안전운전불이행,건조,맑음,교차로 - 교차로부근,승용,남,68세,상해없음,승용,남,33세,경상
2022053000100147,2022년 5월 30일 10시,월요일,대전광역시 서구 도안동,중상사고,0,1,1,0,차대차 - 추돌,안전운전불이행,건조,맑음,단일로 - 기타,승용,남,26세,상해없음,승용,여,77세,중상
2022053000100175,2022년 5월 30일 11시,월요일,대전광역시 중구 문화동,경상사고,0,0,1,0,차대사람 - 횡단중,보행자보호의무위반,건조,맑음,단일로 - 기타,화물,남,49세,상해없음,보행자,남,72세,경상
2022053000100176,2022년 5월 30일 11시,월요일,대전광역시 서구 정림동,경상사고,0,0,1,0,차대차 - 기타,안전거리미확보,건조,맑음,단일로 - 기타,승용,여,72세,상해없음,화물,남,52세,경상
2022053000100177,2022년 5월 30일 11시,월요일,대전광역시 대덕구 읍내동,경상사고,0,0,1,1,차대차 - 추돌,안전거리미확보,건조,맑음,단일로 - 기타,화물,남,28세,상해없음,승용,남,27세,경상
2022053000100246,2022년 5월 30일 13시,월요일,대전광역시 유성구 원내동,경상사고,0,0,1,0,차대차 - 추돌,안전운전불이행,건조,맑음,교차로 - 교차로부근,화물,남,26세,상해없음,승용,여,55세,경상
2022053000100314,2022년 5월 30일 15시,월요일,대전광역시 중구 선화동,경상사고,0,0,3,0,차대차 - 측면충돌,신호위반,건조,흐림,단일로 - 기타,승용,여,55세,경상,승용,남,69세,경상
2022053000100356,2022년 5월 30일 16시,월요일,대전광역시 중구 중촌동,경상사고,0,0,1,0,차량단독 - 기타,안전운전불이행,건조,맑음,기타 - 기타,승용,남,43세,상해없음,,,,
2022053000100357,2022년 5월 30일 16시,월요일,대전광역시 서구 복수동,중상사고,0,1,0,0,차대차 - 측면충돌,신호위반,건조,맑음,교차로 - 교차로안,화물,남,70세,상해없음,이륜,남,24세,중상
2022053000100358,2022년 5월 30일 16시,월요일,대전광역시 서구 내동,중상사고,0,1,0,0,차대사람 - 기타,안전운전불이행,건조,맑음,기타 - 기타,승용,여,49세,상해없음,보행자,남,72세,중상
2022053000100402,2022년 5월 30일 17시,월요일,대전광역시 서구 둔산동,경상사고,0,0,1,0,차대사람 - 기타,보행자보호의무위반,건조,맑음,교차로 - 교차로횡단보도내,승용,남,43세,기타불명,보행자,여,16세,경상
2022053000100448,2022년 5월 30일 18시,월요일,대전광역시 유성구 장대동,경상사고,0,0,1,0,차대차 - 기타,안전거리미확보,건조,맑음,단일로 - 기타,승용,남,36세,상해없음,승용,여,42세,경상
2022053000100513,2022년 5월 30일 21시,월요일,대전광역시 중구 대흥동,중상사고,0,2,0,0,차대차 - 측면충돌,안전운전불이행,건조,맑음,단일로 - 기타,이륜,남,63세,중상,이륜,남,41세,중상
2022053000100514,2022년 5월 30일 21시,월요일,대전광역시 중구 선화동,경상사고,0,0,1,0,차대사람 - 기타,안전운전불이행,건조,맑음,단일로 - 기타,승용,남,69세,상해없음,보행자,남,42세,경상
2022053100100009,2022년 5월 31일 00시,화요일,대전광역시 서구 둔산동,경상사고,0,0,1,0,차대사람 - 기타,안전운전불이행,건조,맑음,단일로 - 기타,승용,남,53세,상해없음,보행자,남,53세,상해없음
2022053100100016,2022년 5월 31일 01시,화요일,대전광역시 서구 가수원동,중상사고,0,1,0,1,차대차 - 추돌,안전운전불이행,건조,맑음,교차로 - 교차로부근,승용,남,57세,상해없음,승용,남,56세,중상
2022053100100023,2022년 5월 31일 03시,화요일,대전광역시 서구 괴정동,경상사고,0,0,2,0,차대차 - 측면충돌,안전운전불이행,건조,맑음,기타 - 기타,승용,남,24세,상해없음,승용,남,28세,경상
2022053100100050,2022년 5월 31일 06시,화요일,대전광역시 서구 도마동,중상사고,0,2,0,0,차대차 - 기타,신호위반,건조,맑음,기타 - 기타,승용,남,62세,상해없음,승용,남,61세,중상
2022053100100084,2022년 5월 31일 07시,화요일,대전광역시 대덕구 법동,경상사고,0,0,2,0,차대차 - 측면충돌,교차로운행방법위반,건조,맑음,교차로 - 교차로부근,승용,남,26세,상해없음,승용,여,79세,경상
2022053100100204,2022년 5월 31일 10시,화요일,대전광역시 동구 가양동,경상사고,0,0,1,0,차대차 - 기타,안전운전불이행,건조,맑음,단일로 - 기타,원동기,남,65세,상해없음,승용,여,41세,경상
2022053100100320,2022년 5월 31일 13시,화요일,대전광역시 서구 둔산동,경상사고,0,0,1,0,차대차 - 기타,안전운전불이행,건조,맑음,단일로 - 기타,승용,여,45세,상해없음,승용,남,37세,경상
2022053100100361,2022년 5월 31일 14시,화요일,대전광역시 서구 관저동,경상사고,0,0,2,0,차대차 - 기타,안전운전불이행,건조,맑음,단일로 - 기타,승합,남,56세,기타불명,승용,여,31세,경상
2022053100100454,2022년 5월 31일 16시,화요일,대전광역시 대덕구 오정동,경상사고,0,0,1,0,차대차 - 기타,안전운전불이행,건조,맑음,단일로 - 기타,화물,남,43세,상해없음,승용,여,50세,경상
2022053100100507,2022년 5월 31일 17시,화요일,대전광역시 서구 변동,경상사고,0,0,2,0,차대차 - 기타,신호위반,건조,맑음,단일로 - 기타,승용,남,55세,경상,승용,여,61세,경상
2022053100100566,2022년 5월 31일 18시,화요일,대전광역시 서구 변동,경상사고,0,0,1,0,차대차 - 추돌,안전운전불이행,건조,맑음,단일로 - 기타,승용,여,59세,상해없음,승용,여,64세,경상
2022053100100600,2022년 5월 31일 19시,화요일,대전광역시 서구 관저동,경상사고,0,0,2,0,차대차 - 기타,안전운전불이행,건조,맑음,단일로 - 기타,승용,남,69세,상해없음,승용,남,40세,경상
2022053100100637,2022년 5월 31일 20시,화요일,대전광역시 서구 가장동,경상사고,0,0,1,0,차대사람 - 기타,안전운전불이행,건조,맑음,단일로 - 기타,승용,여,59세,상해없음,보행자,남,43세,경상
2022053100100660,2022년 5월 31일 21시,화요일,대전광역시 서구 괴정동,경상사고,0,0,1,0,차대차 - 기타,안전거리미확보,건조,맑음,교차로 - 교차로부근,승용,여,48세,상해없음,이륜,남,28세,경상
2022053100100710,2022년 5월 31일 23시,화요일,대전광역시 동구 중동,중상사고,0,1,2,0,차대차 - 측면충돌,신호위반,건조,맑음,교차로 - 교차로안,승용,남,51세,경상,원동기,남,19세,경상
2022053100100711,2022년 5월 31일 23시,화요일,대전광역시 대덕구 중리동,경상사고,0,0,1,0,차대차 - 기타,불법유턴,건조,맑음,교차로 - 교차로안,승합,남,52세,상해없음,이륜,남,30세,경상
2022060100100022,2022년 6월 1일 00시,수요일,대전광역시 중구 선화동,부상신고사고,0,0,0,1,차대차 - 정면충돌,직진우회전진행방해,건조,맑음,교차로 - 교차로안,자전거,남,28세,부상신고,승용,여,41세,상해없음
2022060100100054,2022년 6월 1일 02시,수요일,대전광역시 서구 갈마동,중상사고,0,1,2,0,차대차 - 측면충돌,안전운전불이행,건조,맑음,단일로 - 기타,승용,남,37세,상해없음,승용,남,19세,경상
2022060100100072,2022년 6월 1일 04시,수요일,대전광역시 중구 태평동,중상사고,0,1,1,0,차대차 - 기타,신호위반,건조,맑음,교차로 - 교차로안,승용,여,29세,상해없음,승용,남,38세,중상
2022060100100073,2022년 6월 1일 04시,수요일,대전광역시 서구 탄방동,경상사고,0,0,1,0,차대사람 - 횡단중,보행자보호의무위반,건조,맑음,교차로 - 교차로횡단보도내,승용,여,42세,상해없음,보행자,남,54세,경상
2022060100100081,2022년 6월 1일 05시,수요일,대전광역시 동구 원동,경상사고,0,0,3,0,차대차 - 측면충돌,신호위반,건조,맑음,교차로 - 교차로안,승용,남,36세,경상,승용,남,61세,경상
2022060100100155,2022년 6월 1일 09시,수요일,대전광역시 유성구 방동,중상사고,0,1,0,0,차대차 - 측면충돌,안전운전불이행,건조,맑음,단일로 - 기타,화물,남,63세,상해없음,승용,남,67세,중상
2022060100100241,2022년 6월 1일 12시,수요일,대전광역시 동구 신하동,경상사고,0,0,2,0,차대차 - 기타,안전운전불이행,건조,맑음,단일로 - 기타,승용,여,63세,상해없음,승용,남,45세,경상
2022060100100242,2022년 6월 1일 12시,수요일,대전광역시 대덕구 오정동,경상사고,0,0,1,0,차대차 - 정면충돌,중앙선침범,건조,맑음,교차로 - 교차로부근,승용,남,45세,상해없음,자전거,남,79세,경상
2022060100100243,2022년 6월 1일 12시,수요일,대전광역시 유성구 봉명동,경상사고,0,0,1,0,차대차 - 후진중충돌,안전운전불이행,건조,맑음,단일로 - 기타,승용,남,61세,상해없음,승용,남,39세,경상
2022060100100275,2022년 6월 1일 13시,수요일,대전광역시 동구 중동,경상사고,0,0,1,0,차대차 - 기타,안전운전불이행,건조,맑음,교차로 - 교차로안,승용,남,61세,상해없음,자전거,남,76세,경상
2022060100100276,2022년 6월 1일 13시,수요일,대전광역시 서구 가장동,경상사고,0,0,2,0,차대차 - 측면충돌,안전운전불이행,건조,맑음,교차로 - 교차로안,승용,남,51세,기타불명,승용,남,58세,경상
2022060100100392,2022년 6월 1일 16시,수요일,대전광역시 유성구 전민동,경상사고,0,0,1,0,차대사람 - 기타,안전운전불이행,건조,맑음,기타 - 기타,자전거,여,20세 이하,기타불명,보행자,여,48세,경상
2022060100100423,2022년 6월 1일 17시,수요일,대전광역시 동구 용전동,경상사고,0,0,3,0,차대차 - 측면충돌,안전거리미확보,건조,맑음,단일로 - 기타,승용,여,22세,경상,승합,남,65세,경상
2022060100100424,2022년 6월 1일 17시,수요일,대전광역시 대덕구 오정동,경상사고,0,0,1,0,차대차 - 측면충돌,교차로운행방법위반,건조,맑음,교차로 - 교차로안,승용,남,51세,상해없음,승용,남,58세,상해없음
2022060100100466,2022년 6월 1일 18시,수요일,대전광역시 유성구 봉명동,경상사고,0,0,2,0,차대차 - 측면충돌,안전거리미확보,건조,맑음,단일로 - 기타,승용,여,56세,상해없음,승용,여,42세,경상
2022060100100540,2022년 6월 1일 21시,수요일,대전광역시 유성구 구암동,경상사고,0,0,2,0,차대차 - 정면충돌,안전운전불이행,건조,맑음,기타 - 기타,승용,여,42세,상해없음,승용,남,30세,경상
2022060100100552,2022년 6월 1일 22시,수요일,대전광역시 대덕구 신탄진동,경상사고,0,0,3,0,차대차 - 측면충돌,안전운전불이행,건조,맑음,교차로 - 교차로안,승용,남,59세,상해없음,이륜,남,47세,경상
2022060100100553,2022년 6월 1일 22시,수요일,대전광역시 서구 둔산동,경상사고,0,0,1,0,차량단독 - 기타,안전운전불이행,건조,맑음,단일로 - 기타,승합,남,59세,상해없음,,,,
2022060200100042,2022년 6월 2일 06시,목요일,대전광역시 유성구 노은동,중상사고,0,1,0,0,차대차 - 정면충돌,신호위반,건조,맑음,교차로 - 교차로안,화물,남,67세,상해없음,승합,남,42세,중상
2022060200100163,2022년 6월 2일 10시,목요일,대전광역시 대덕구 법동,경상사고,0,0,1,0,차대차 - 기타,안전운전불이행,건조,맑음,교차로 - 교차로안,승용,여,61세,상해없음,승용,남,49세,경상
2022060200100164,2022년 6월 2일 10시,목요일,대전광역시 유성구 봉명동,경상사고,0,0,1,0,차대차 - 기타,신호위반,건조,맑음,교차로 - 교차로안,승용,남,69세,상해없음,승용,여,51세,경상
2022060200100193,2022년 6월 2일 11시,목요일,대전광역시 유성구 봉명동,경상사고,0,0,1,1,차대차 - 측면충돌,안전운전불이행,건조,맑음,단일로 - 기타,승용,남,46세,부상신고,승용,남,65세,경상
2022060200100373,2022년 6월 2일 16시,목요일,대전광역시 유성구 교촌동,경상사고,0,0,1,0,차대사람 - 기타,안전운전불이행,건조,맑음,단일로 - 기타,자전거,남,20세 이하,상해없음,보행자,여,12세 이하,경상
2022060200100477,2022년 6월 2일 18시,목요일,대전광역시 중구 용두동,경상사고,0,0,1,0,차대차 - 기타,신호위반,건조,맑음,교차로 - 교차로안,승용,남,20세 이하,상해없음,승용,남,70세,상해없음
2022060200100478,2022년 6월 2일 18시,목요일,대전광역시 중구 문창동,경상사고,0,0,1,0,차대차 - 추돌,안전운전불이행,건조,맑음,단일로 - 기타,승용,남,59세,상해없음,승용,남,22세,경상
2022060200100567,2022년 6월 2일 21시,목요일,대전광역시 동구 원동,중상사고,0,1,0,0,차대차 - 기타,신호위반,건조,맑음,교차로 - 교차로부근,승용,남,68세,상해없음,승용,남,65세,중상
2022060200100568,2022년 6월 2일 21시,목요일,대전광역시 서구 월평동,경상사고,0,0,2,0,차대차 - 기타,안전운전불이행,건조,맑음,단일로 - 기타,승용,남,66세,상해없음,승용,남,29세,경상
2022060200100588,2022년 6월 2일 22시,목요일,대전광역시 서구 월평동,경상사고,0,0,1,0,차대차 - 측면충돌,안전거리미확보,건조,맑음,단일로 - 기타,승용,남,64세,상해없음,승용,남,72세,경상
2022060300100008,2022년 6월 3일 00시,금요일,대전광역시 서구 용문동,경상사고,0,0,1,0,차대사람 - 기타,안전운전불이행,건조,기타,단일로 - 기타,승용,남,65세,상해없음,보행자,남,24세,경상
2022060300100020,2022년 6월 3일 01시,금요일,대전광역시 유성구 구암동,중상사고,0,1,0,0,차대차 - 추돌,안전운전불이행,건조,맑음,교차로 - 교차로부근,승용,남,32세,상해없음,승용,여,49세,중상
2022060300100033,2022년 6월 3일 04시,금요일,대전광역시 동구 자양동,경상사고,0,0,1,0,차대차 - 측면충돌,안전운전불이행,건조,맑음,단일로 - 기타,승용,남,74세,상해없음,승용,남,43세,경상
2022060300100072,2022년 6월 3일 07시,금요일,대전광역시 동구 성남동,중상사고,0,1,0,0,차대차 - 기타,안전운전불이행,건조,맑음,단일로 - 기타,승용,남,42세,상해없음,자전거,여,62세,중상
2022060300100195,2022년 6월 3일 10시,금요일,대전광역시 동구 가양동,경상사고,0,0,1,0,차대사람 - 횡단중,보행자보호의무위반,건조,맑음,기타 - 기타,승합,남,42세,상해없음,보행자,여,62세,경상
2022060300100197,2022년 6월 3일 10시,금요일,대전광역시 서구 둔산동,중상사고,0,1,0,0,차대차 - 추돌,안전운전불이행,건조,맑음,교차로 - 교차로안,승용,남,59세,상해없음,승용,남,61세,상해없음
2022060300100198,2022년 6월 3일 10시,금요일,대전광역시 유성구 봉명동,경상사고,0,0,1,0,차대차 - 기타,안전운전불이행,건조,맑음,단일로 - 기타,승용,남,42세,상해없음,개인형이동수단(PM),여,79세,경상
2022060300100199,2022년 6월 3일 10시,금요일,대전광역시 유성구 노은동,경상사고,0,0,1,0,차대사람 - 기타,기타,건조,맑음,기타 - 기타,화물,남,49세,상해없음,보행자,남,62세,경상
2022060300100237,2022년 6월 3일 11시,금요일,대전광역시 대덕구 비래동,경상사고,0,0,5,0,차대차 - 기타,안전거리미확보,건조,맑음,단일로 - 기타,승용,남,70세,상해없음,승합,남,52세,상해없음
2022060300100292,2022년 6월 3일 13시,금요일,대전광역시 동구 구도동,경상사고,0,0,2,0,차대차 - 측면충돌,신호위반,건조,맑음,교차로 - 교차로안,승용,여,52세,경상,화물,남,52세,경상
2022060300100331,2022년 6월 3일 14시,금요일,대전광역시 대덕구 송촌동,중상사고,0,1,0,0,차대차 - 기타,안전거리미확보,건조,맑음,단일로 - 기타,건설기계,남,60세,상해없음,승용,여,53세,중상
2022060300100332,2022년 6월 3일 14시,금요일,대전광역시 대덕구 석봉동,중상사고,0,1,0,0,차대사람 - 기타,안전운전불이행,건조,맑음,단일로 - 기타,승용,남,70세,상해없음,보행자,여,60세,중상
2022060300100333,2022년 6월 3일 14시,금요일,대전광역시 서구 탄방동,경상사고,0,0,1,0,차대차 - 측면충돌,안전운전불이행,건조,맑음,단일로 - 기타,승합,남,63세,상해없음,이륜,남,30세,경상
2022060300100364,2022년 6월 3일 15시,금요일,대전광역시 유성구 봉명동,중상사고,0,1,0,0,차량단독 - 기타,안전운전불이행,건조,맑음,단일로 - 기타,승합,남,51세,상해없음,,,,
2022060300100407,2022년 6월 3일 16시,금요일,대전광역시 중구 태평동,중상사고,0,1,0,0,차대사람 - 횡단중,안전운전불이행,건조,맑음,단일로 - 기타,승용,남,41세,상해없음,보행자,남,32세,중상
2022060300100458,2022년 6월 3일 17시,금요일,대전광역시 중구 대사동,경상사고,0,0,2,0,차대차 - 추돌,안전운전불이행,건조,맑음,단일로 - 기타,화물,남,52세,상해없음,승용,남,23세,경상
2022060300100502,2022년 6월 3일 18시,금요일,대전광역시 중구 석교동,경상사고,0,0,4,0,차대차 - 측면충돌,안전거리미확보,건조,맑음,단일로 - 기타,승용,남,23세,상해없음,승용,남,61세,경상
2022060300100535,2022년 6월 3일 19시,금요일,대전광역시 유성구 상대동,경상사고,0,0,1,0,차대차 - 기타,안전거리미확보,건조,맑음,단일로 - 기타,승용,남,66세,상해없음,이륜,남,23세,경상
2022060300100594,2022년 6월 3일 21시,금요일,대전광역시 중구 부사동,중상사고,0,1,0,0,차대차 - 기타,신호위반,건조,맑음,교차로 - 교차로안,승용,남,54세,상해없음,이륜,남,48세,중상
2022060300100628,2022년 6월 3일 22시,금요일,대전광역시 유성구 지족동,경상사고,0,0,1,0,차대차 - 기타,안전운전불이행,건조,맑음,교차로 - 교차로안,승용,여,23세,상해없음,승용,남,63세,상해없음
2022060400100035,2022년 6월 4일 01시,토요일,대전광역시 서구 둔산동,경상사고,0,0,1,0,차대사람 - 길가장자리구역통행중,안전운전불이행,건조,맑음,교차로 - 교차로부근,승용,남,20세 이하,상해없음,보행자,남,26세,경상
2022060400100044,2022년 6월 4일 02시,토요일,대전광역시 유성구 장대동,경상사고,0,0,2,0,차대차 - 기타,안전거리미확보,건조,맑음,단일로 - 기타,승용,남,41세,상해없음,승용,남,71세,경상
2022060400100141,2022년 6월 4일 09시,토요일,대전광역시 대덕구 덕암동,경상사고,0,0,1,0,차대차 - 측면충돌,신호위반,건조,맑음,교차로 - 교차로부근,화물,남,64세,상해없음,자전거,남,12세 이하,경상
2022060400100234,2022년 6월 4일 11시,토요일,대전광역시 중구 중촌동,중상사고,0,1,0,0,차대차 - 기타,안전운전불이행,건조,맑음,교차로 - 교차로횡단보도내,승용,남,36세,상해없음,개인형이동수단(PM),남,79세,중상
2022060400100235,2022년 6월 4일 11시,토요일,대전광역시 동구 판암동,경상사고,0,0,3,0,차대차 - 측면충돌,신호위반,건조,맑음,교차로 - 교차로안,이륜,여,62세,경상,승용,여,55세,경상
2022060400100236,2022년 6월 4일 11시,토요일,대전광역시 동구 용전동,중상사고,0,1,0,0,차대사람 - 횡단중,신호위반,건조,맑음,단일로 - 기타,자전거,남,38세,상해없음,보행자,여,37세,중상
2022060400100264,2022년 6월 4일 12시,토요일,대전광역시 중구 대흥동,경상사고,0,0,1,0,차대차 - 기타,교차로운행방법위반,건조,맑음,교차로 - 교차로안,승용,여,53세,상해없음,승용,여,32세,경상
2022060400100306,2022년 6월 4일 13시,토요일,대전광역시 서구 둔산동,중상사고,0,1,0,0,차대차 - 기타,안전운전불이행,건조,맑음,교차로 - 교차로횡단보도내,승용,남,52세,기타불명,자전거,남,40세,중상
2022060400100307,2022년 6월 4일 13시,토요일,대전광역시 유성구 노은동,경상사고,0,0,1,0,차대차 - 추돌,안전거리미확보,건조,맑음,단일로 - 기타,승용,남,25세,상해없음,승용,남,38세,경상
2022060400100440,2022년 6월 4일 17시,토요일,대전광역시 동구 용운동,중상사고,0,1,0,0,차대차 - 측면충돌,안전운전불이행,건조,맑음,단일로 - 기타,이륜,남,27세,기타불명,이륜,남,20세,중상
2022060400100490,2022년 6월 4일 19시,토요일,대전광역시 중구 오류동,경상사고,0,0,1,0,차대사람 - 횡단중,신호위반,건조,맑음,단일로 - 기타,원동기,남,24세,상해없음,보행자,남,12세 이하,경상