사고번호,사고일시,요일,시군구,사고내용,사망자수,중상자수,경상자수,부상신고자수,사고유형,법규위반,노면상태,기상상태,도로형태,가해운전자 차종,가해운전자 성별,가해운전자 연령,가해운전자 상해정도,피해운전자 차종,피해운전자 성별,피해운전자 연령,피해운전자 상해정도
2022072600100289,2022년 7월 26일 13시,화요일,대전광역시 유성구 관평동,경상사고,0,0,1,0,차대차 - 측면충돌,기타,건조,맑음,교차로 - 교차로안,이륜,남,32세,기타불명,이륜,남,52세,경상
2022072600100338,2022년 7월 26일 14시,화요일,대전광역시 서구 월평동,중상사고,0,1,0,0,차대차 - 추돌,안전운전불이행,건조,맑음,단일로 - 교량,승용,남,54세,상해없음,승용,여,21세,중상
2022072600100339,2022년 7월 26일 14시,화요일,대전광역시 유성구 봉명동,중상사고,0,1,0,0,차대차 - 기타,신호위반,건조,맑음,교차로 - 교차로안,승용,남,68세,상해없음,이륜,남,27세,중상
2022072600100340,2022년 7월 26일 14시,화요일,대전광역시 유성구 노은동,경상사고,0,0,4,0,차대차 - 기타,신호위반,건조,맑음,교차로 - 교차로안,승용,남,44세,경상,승용,남,60세,경상
2022072600100384,2022년 7월 26일 15시,화요일,대전광역시 중구 목동,경상사고,0,0,1,0,차대차 - 기타,안전운전불이행,건조,맑음,단일로 - 기타,승용,남,64세,상해없음,승용,남,66세,경상
2022072600100422,2022년 7월 26일 16시,화요일,대전광역시 대덕구 오정동,경상사고,0,0,1,0,차대차 - 기타,안전운전불이행,건조,맑음,교차로 - 교차로부근,화물,남,39세,상해없음,승용,남,56세,경상
2022072600100464,2022년 7월 26일 17시,화요일,대전광역시 대덕구 신탄진동,경상사고,0,0,1,0,차대차 - 기타,안전운전불이행,건조,맑음,교차로 - 교차로부근,화물,남,59세,상해없음,승용,남,46세,경상
2022072600100465,2022년 7월 26일 17시,화요일,대전광역시 서구 탄방동,경상사고,0,0,1,0,차대차 - 기타,안전운전불이행,건조,맑음,교차로 - 교차로부근,승용,남,22세,상해없음,승용,남,30세,경상
2022072600100558,2022년 7월 26일 20시,화요일,대전광역시 유성구 봉명동,경상사고,0,0,1,0,차대차 - 측면충돌,교차로운행방법위반,건조,맑음,교차로 - 교차로안,승용,남,52세,상해없음,승용,남,30세,경상
2022072600100581,2022년 7월 26일 21시,화요일,대전광역시 동구 성남동,경상사고,0,0,1,0,차대사람 - 횡단중,보행자보호의무위반,건조,맑음,교차로 - 교차로부근,승용,남,67세,상해없음,보행자,남,31세,경상
2022072600100582,2022년 7월 26일 21시,화요일,대전광역시 서구 갈마동,경상사고,0,0,1,0,차대사람 - 횡단중,보행자보호의무위반,건조,맑음,교차로 - 교차로안,승용,남,33세,상해없음,보행자,여,39세,경상
2022072700100034,2022년 7월 27일 05시,수요일,대전광역시 유성구 궁동,중상사고,0,1,0,0,차대차 - 측면충돌,안전거리미확보,건조,맑음,단일로 - 기타,승용,여,24세,상해없음,승용,남,52세,중상
2022072700100053,2022년 7월 27일 07시,수요일,대전광역시 동구 성남동,경상사고,0,0,1,0,차대차 - 측면충돌,불법유턴,건조,맑음,교차로 - 교차로안,자전거,남,43세,경상,승용,여,65세,상해없음
2022072700100054,2022년 7월 27일 07시,수요일,대전광역시 서구 갈마동,경상사고,0,0,1,0,차대사람 - 기타,안전운전불이행,건조,맑음,단일로 - 기타,승용,여,56세,상해없음,보행자,남,28세,경상
2022072700100094,2022년 7월 27일 08시,수요일,대전광역시 대덕구 오정동,경상사고,0,0,1,0,차대차 - 기타,안전거리미확보,건조,맑음,단일로 - 기타,승용,남,48세,상해없음,건설기계,남,48세,경상
2022072700100095,2022년 7월 27일 08시,수요일,대전광역시 서구 월평동,경상사고,0,0,1,0,차대차 - 기타,안전거리미확보,건조,맑음,단일로 - 기타,승용,남,28세,기타불명,승용,남,32세,경상
2022072700100096,2022년 7월 27일 08시,수요일,대전광역시 유성구 방동,경상사고,0,0,1,0,차대차 - 추돌,안전운전불이행,건조,맑음,단일로 - 기타,승용,남,38세,상해없음,화물,남,64세,경상
2022072700100130,2022년 7월 27일 09시,수요일,대전광역시 서구 괴정동,경상사고,0,0,1,0,차대차 - 기타,교차로운행방법위반,건조,맑음,교차로 - 교차로안,이륜,남,68세,상해없음,승용,여,51세,경상
2022072700100221,2022년 7월 27일 12시,수요일,대전광역시 유성구 전민동,경상사고,0,0,1,0,차대사람 - 기타,안전운전불이행,건조,맑음,기타 - 기타,이륜,남,62세,기타불명,보행자,남,23세,경상
2022072700100257,2022년 7월 27일 13시,수요일,대전광역시 유성구 송강동,경상사고,0,0,2,0,차대차 - 기타,안전운전불이행,건조,맑음,기타 - 기타,승용,남,50세,상해없음,화물,남,45세,경상
2022072700100285,2022년 7월 27일 14시,수요일,대전광역시 서구 둔산동,경상사고,0,0,1,0,차대사람 - 차도통행중,안전운전불이행,건조,맑음,단일로 - 기타,승용,여,48세,상해없음,보행자,남,17세,경상
2022072700100286,2022년 7월 27일 14시,수요일,대전광역시 유성구 노은동,경상사고,0,0,2,0,차대차 - 측면충돌,교차로운행방법위반,건조,맑음,교차로 - 교차로안,승용,여,54세,상해없음,화물,남,43세,경상
2022072700100368,2022년 7월 27일 16시,수요일,대전광역시 대덕구 비래동,경상사고,0,0,2,0,차대차 - 기타,안전거리미확보,건조,맑음,단일로 - 기타,승용,남,48세,기타불명,승용,여,50세,경상
2022072700100369,2022년 7월 27일 16시,수요일,대전광역시 서구 갈마동,경상사고,0,0,1,0,차대차 - 기타,안전운전불이행,건조,맑음,교차로 - 교차로안,승용,여,54세,기타불명,승용,남,60세,경상
2022072700100409,2022년 7월 27일 17시,수요일,대전광역시 서구 가장동,경상사고,0,0,1,0,차대차 - 측면충돌,기타,건조,맑음,기타 - 기타,승용,남,36세,상해없음,자전거,남,17세,경상
2022072700100410,2022년 7월 27일 17시,수요일,대전광역시 유성구 원내동,경상사고,0,0,3,0,차대차 - 측면충돌,안전운전불이행,건조,맑음,교차로 - 교차로부근,화물,남,38세,상해없음,승용,남,72세,경상
2022072700100456,2022년 7월 27일 18시,수요일,대전광역시 대덕구 비래동,경상사고,0,0,2,0,차대차 - 측면충돌,직진우회전진행방해,건조,맑음,교차로 - 교차로안,승용,남,27세,경상,승용,남,41세,경상
2022072700100457,2022년 7월 27일 18시,수요일,대전광역시 대덕구 중리동,경상사고,0,0,1,0,차대차 - 측면충돌,안전거리미확보,건조,맑음,단일로 - 기타,승용,남,49세,기타불명,승용,남,55세,경상
2022072700100458,2022년 7월 27일 18시,수요일,대전광역시 유성구 도룡동,경상사고,0,0,1,0,차대차 - 기타,안전운전불이행,건조,맑음,기타 - 기타,승용,여,60세,기타불명,승용,여,37세,경상
2022072800100060,2022년 7월 28일 06시,목요일,대전광역시 대덕구 중리동,경상사고,0,0,1,0,차대차 - 측면충돌,교차로운행방법위반,건조,맑음,교차로 - 교차로안,승용,여,70세,상해없음,승용,여,65세,경상
2022072800100119,2022년 7월 28일 08시,목요일,대전광역시 서구 관저동,경상사고,0,0,1,0,차대차 - 측면충돌,신호위반,건조,맑음,교차로 - 교차로안,승용,여,29세,상해없음,승용,남,81세 이상,경상
2022072800100148,2022년 7월 28일 09시,목요일,대전광역시 중구 유천동,경상사고,0,0,1,0,차대차 - 기타,중앙선침범,건조,맑음,교차로 - 교차로안,승용,남,24세,상해없음,승용,여,35세,경상
2022072800100149,2022년 7월 28일 09시,목요일,대전광역시 중구 대흥동,경상사고,0,0,1,0,차대차 - 측면충돌,교차로운행방법위반,건조,맑음,교차로 - 교차로안,승용,남,31세,상해없음,승용,남,65세,경상
2022072800100168,2022년 7월 28일 10시,목요일,대전광역시 대덕구 석봉동,경상사고,0,0,2,0,차대차 - 측면충돌,신호위반,건조,맑음,교차로 - 교차로안,화물,남,47세,상해없음,승용,남,40세,경상
2022072800100210,2022년 7월 28일 11시,목요일,대전광역시 중구 부사동,경상사고,0,0,1,0,차대차 - 측면충돌,안전운전불이행,건조,맑음,교차로 - 교차로안,승용,남,42세,상해없음,이륜,남,47세,경상
2022072800100211,2022년 7월 28일 11시,목요일,대전광역시 중구 용두동,경상사고,0,0,2,0,차대차 - 기타,안전거리미확보,건조,맑음,단일로 - 기타,승용,여,59세,경상,승용,여,57세,경상
2022072800100275,2022년 7월 28일 13시,목요일,대전광역시 서구 갈마동,경상사고,0,0,1,0,차대차 - 추돌,안전운전불이행,건조,맑음,교차로 - 교차로안,승용,남,45세,상해없음,승용,남,55세,경상
2022072800100316,2022년 7월 28일 14시,목요일,대전광역시 대덕구 비래동,경상사고,0,0,1,0,차대차 - 측면충돌,안전운전불이행,건조,맑음,단일로 - 기타,승합,남,55세,상해없음,승용,남,27세,경상
2022072800100317,2022년 7월 28일 14시,목요일,대전광역시 유성구 송강동,중상사고,0,1,0,0,차대차 - 측면충돌,안전운전불이행,건조,맑음,교차로 - 교차로안,승용,여,49세,상해없음,이륜,남,40세,중상
2022072800100348,2022년 7월 28일 15시,목요일,대전광역시 동구 가양동,경상사고,0,0,3,0,차대차 - 측면충돌,안전운전불이행,건조,맑음,교차로 - 교차로부근,승용,여,60세,경상,승용,남,51세,경상
2022072800100349,2022년 7월 28일 15시,목요일,대전광역시 서구 관저동,경상사고,0,0,1,0,차대차 - 측면충돌,안전운전불이행,건조,맑음,교차로 - 교차로횡단보도내,승용,남,70세,상해없음,개인형이동수단(PM),여,22세,경상
2022072800100350,2022년 7월 28일 15시,목요일,대전광역시 서구 갈마동,경상사고,0,0,1,0,차대차 - 측면충돌,안전거리미확보,건조,맑음,교차로 - 교차로부근,승용,남,62세,상해없음,승용,남,52세,경상
2022072800100351,2022년 7월 28일 15시,목요일,대전광역시 유성구 상대동,경상사고,0,0,5,0,차대차 - 기타,신호위반,건조,맑음,단일로 - 기타,승용,여,60세,경상,승용,여,40세,경상
2022072800100401,2022년 7월 28일 16시,목요일,대전광역시 서구 관저동,경상사고,0,0,4,0,차대차 - 측면충돌,안전거리미확보,건조,맑음,단일로 - 기타,승용,여,30세,경상,승용,여,64세,경상
2022072800100441,2022년 7월 28일 17시,목요일,대전광역시 동구 정동,경상사고,0,0,1,0,차대사람 - 기타,안전운전불이행,건조,맑음,교차로 - 교차로안,원동기,남,58세,상해없음,보행자,여,57세,경상
2022072800100442,2022년 7월 28일 17시,목요일,대전광역시 대덕구 중리동,경상사고,0,0,1,0,차대차 - 기타,안전운전불이행,건조,맑음,교차로 - 교차로안,승용,남,52세,상해없음,개인형이동수단(PM),남,17세,경상
2022072800100443,2022년 7월 28일 17시,목요일,대전광역시 서구 둔산동,경상사고,0,0,1,0,차대차 - 측면충돌,안전운전불이행,건조,맑음,교차로 - 교차로부근,승용,여,46세,상해없음,승용,남,41세,경상
2022072800100495,2022년 7월 28일 18시,목요일,대전광역시 유성구 도룡동,경상사고,0,0,1,0,차대사람 - 횡단중,안전운전불이행,건조,맑음,교차로 - 교차로부근,자전거,남,50세,상해없음,보행자,여,29세,경상
2022072800100559,2022년 7월 28일 20시,목요일,대전광역시 유성구 장동,중상사고,0,1,0,0,차대차 - 측면충돌,신호위반,건조,맑음,교차로 - 교차로안,승용,남,39세,상해없음,승용,남,56세,중상
2022072800100586,2022년 7월 28일 21시,목요일,대전광역시 동구 대동,경상사고,0,0,1,0,차대차 - 측면충돌,중앙선침범,건조,맑음,교차로 - 교차로부근,승용,남,29세,상해없음,승용,남,63세,경상
2022072800100587,2022년 7월 28일 21시,목요일,대전광역시 대덕구 중리동,경상사고,0,0,3,0,차대차 - 기타,안전운전불이행,건조,맑음,교차로 - 교차로안,승용,남,78세,상해없음,승용,남,25세,경상
2022072900100013,2022년 7월 29일 00시,금요일,대전광역시 서구 월평동,경상사고,0,0,2,0,차대차 - 기타,안전운전불이행,건조,맑음,단일로 - 기타,원동기,남,37세,경상,승용,남,51세,경상
2022072900100077,2022년 7월 29일 07시,금요일,대전광역시 대덕구 신대동,경상사고,0,0,1,0,차대차 - 추돌,안전운전불이행,건조,맑음,단일로 - 기타,승용,여,50세,상해없음,승용,여,40세,경상
2022072900100117,2022년 7월 29일 08시,금요일,대전광역시 동구 삼정동,경상사고,0,0,1,0,차대차 - 기타,안전운전불이행,건조,맑음,단일로 - 기타,승용,남,79세,경상,건설기계,남,54세,기타불명
2022072900100174,2022년 7월 29일 10시,금요일,대전광역시 동구 대동,중상사고,0,1,0,0,차대차 - 측면충돌,신호위반,건조,맑음,교차로 - 교차로부근,화물,남,55세,상해없음,이륜,여,57세,중상
2022072900100175,2022년 7월 29일 10시,금요일,대전광역시 유성구 궁동,경상사고,0,0,5,0,차대차 - 기타,신호위반,건조,맑음,단일로 - 교량,승용,남,41세,상해없음,승용,여,53세,경상
2022072900100176,2022년 7월 29일 10시,금요일,대전광역시 유성구 봉명동,경상사고,0,0,1,0,차대차 - 기타,안전운전불이행,건조,맑음,교차로 - 교차로횡단보도내,승용,여,58세,상해없음,자전거,남,12세 이하,경상
2022072900100213,2022년 7월 29일 11시,금요일,대전광역시 동구 대성동,경상사고,0,0,1,0,차대차 - 측면충돌,신호위반,건조,맑음,교차로 - 교차로부근,화물,남,70세,상해없음,승용,여,61세,경상
2022072900100214,2022년 7월 29일 11시,금요일,대전광역시 서구 변동,경상사고,0,0,1,0,차대차 - 기타,안전운전불이행,건조,맑음,단일로 - 기타,화물,남,68세,상해없음,승용,여,46세,경상
2022072900100297,2022년 7월 29일 13시,금요일,대전광역시 중구 문화동,경상사고,0,0,1,0,차대차 - 기타,안전운전불이행,건조,맑음,기타 - 기타,승용,남,30세,상해없음,승용,남,74세,상해없음
2022072900100298,2022년 7월 29일 13시,금요일,대전광역시 대덕구 오정동,경상사고,0,0,1,0,차대차 - 기타,교차로운행방법위반,건조,맑음,교차로 - 교차로횡단보도내,승용,남,75세,상해없음,화물,남,55세,경상
2022072900100372,2022년 7월 29일 15시,금요일,대전광역시 중구 문화동,경상사고,0,0,1,0,차대차 - 기타,안전거리미확보,건조,맑음,단일로 - 기타,승용,남,79세,상해없음,승용,여,64세,경상
2022072900100373,2022년 7월 29일 15시,금요일,대전광역시 유성구 봉명동,경상사고,0,0,1,0,차대차 - 측면충돌,안전운전불이행,건조,맑음,단일로 - 기타,승용,남,61세,상해없음,승용,여,31세,경상
2022072900100404,2022년 7월 29일 16시,금요일,대전광역시 동구 성남동,경상사고,0,0,1,0,차대차 - 기타,기타,건조,맑음,단일로 - 기타,승용,여,60세,상해없음,승용,남,33세,경상
2022072900100498,2022년 7월 29일 18시,금요일,대전광역시 중구 오류동,경상사고,0,0,2,0,차대차 - 기타,안전운전불이행,건조,맑음,교차로 - 교차로부근,화물,남,54세,상해없음,승용,여,22세,경상
2022072900100528,2022년 7월 29일 19시,금요일,대전광역시 동구 신안동,경상사고,0,0,1,0,차대차 - 측면충돌,안전운전불이행,건조,맑음,교차로 - 교차로안,자전거,남,57세,경상,승용,남,58세,상해없음
2022072900100568,2022년 7월 29일 20시,금요일,대전광역시 유성구 봉명동,중상사고,0,1,0,0,차대사람 - 기타,안전운전불이행,건조,맑음,단일로 - 기타,이륜,남,29세,기타불명,보행자,여,61세,중상
2022072900100596,2022년 7월 29일 21시,금요일,대전광역시 동구 원동,경상사고,0,0,2,0,차대차 - 측면충돌,신호위반,건조,맑음,교차로 - 교차로안,승용,남,64세,상해없음,승용,남,78세,경상
2022072900100597,2022년 7월 29일 21시,금요일,대전광역시 서구 월평동,중상사고,0,1,0,0,차대사람 - 횡단중,안전운전불이행,건조,맑음,교차로 - 교차로횡단보도내,승용,남,46세,상해없음,보행자,남,63세,중상
2022072900100621,2022년 7월 29일 22시,금요일,대전광역시 서구 갈마동,경상사고,0,0,1,0,차대사람 - 기타,안전운전불이행,건조,맑음,기타 - 기타,승용,남,62세,상해없음,보행자,남,34세,경상
2022073000100012,2022년 7월 30일 00시,토요일,대전광역시 서구 둔산동,경상사고,0,0,1,0,차대차 - 기타,신호위반,건조,맑음,교차로 - 교차로부근,승용,남,61세,상해없음,이륜,남,34세,경상
2022073000100048,2022년 7월 30일 03시,토요일,대전광역시 서구 월평동,경상사고,0,0,1,0,차대차 - 추돌,안전운전불이행,건조,맑음,교차로 - 교차로부근,승용,남,31세,상해없음,승용,남,44세,경상
2022073000100049,2022년 7월 30일 03시,토요일,대전광역시 유성구 지족동,경상사고,0,0,1,0,차대차 - 추돌,안전운전불이행,건조,맑음,교차로 - 교차로부근,승용,남,24세,상해없음,승용,여,61세,경상
2022073000100058,2022년 7월 30일 04시,토요일,대전광역시 서구 갈마동,경상사고,0,0,1,0,차대차 - 기타,안전운전불이행,건조,맑음,교차로 - 교차로안,승용,남,25세,기타불명,승용,남,28세,경상
2022073000100092,2022년 7월 30일 07시,토요일,대전광역시 중구 문화동,경상사고,0,0,1,0,차량단독 - 기타,기타,건조,맑음,단일로 - 기타,승합,남,50세,상해없음,,,,
2022073000100093,2022년 7월 30일 07시,토요일,대전광역시 서구 도마동,경상사고,0,0,1,0,차대차 - 기타,기타,건조,맑음,교차로 - 교차로안,승용,남,70세,상해없음,이륜,남,29세,경상
2022073000100094,2022년 7월 30일 07시,토요일,대전광역시 대덕구 오정동,경상사고,0,0,1,0,차대차 - 측면충돌,안전운전불이행,건조,맑음,기타 - 기타,승용,남,60세,상해없음,자전거,남,51세,경상
2022073000100225,2022년 7월 30일 12시,토요일,대전광역시 동구 용전동,경상사고,0,0,3,0,차대차 - 기타,안전운전불이행,건조,맑음,교차로 - 교차로안,승용,남,45세,상해없음,승용,남,60세,경상
2022073000100276,2022년 7월 30일 13시,토요일,대전광역시 중구 오류동,경상사고,0,0,2,0,차대차 - 기타,안전거리미확보,건조,맑음,단일로 - 기타,승용,남,59세,상해없음,화물,남,48세,경상
2022073000100277,2022년 7월 30일 13시,토요일,대전광역시 서구 가수원동,경상사고,0,0,2,0,차대차 - 기타,안전운전불이행,건조,맑음,교차로 - 교차로부근,승용,남,25세,상해없음,화물,남,63세,경상
2022073000100278,2022년 7월 30일 13시,토요일,대전광역시 유성구 봉산동,경상사고,0,0,1,0,차대차 - 기타,안전운전불이행,건조,맑음,기타 - 기타,화물,남,65세,상해없음,승용,여,60세,경상
2022073000100299,2022년 7월 30일 14시,토요일,대전광역시 서구 탄방동,경상사고,0,0,1,0,차대차 - 기타,안전운전불이행,건조,맑음,기타 - 기타,승용,여,45세,상해없음,이륜,남,22세,경상
2022073000100411,2022년 7월 30일 17시,토요일,대전광역시 중구 부사동,경상사고,0,0,1,0,차대차 - 기타,안전운전불이행,건조,맑음,단일로 - 기타,승용,여,62세,상해없음,승용,남,57세,경상
2022073000100412,2022년 7월 30일 17시,토요일,대전광역시 서구 용문동,경상사고,0,0,3,0,차대차 - 측면충돌,교차로운행방법위반,건조,맑음,교차로 - 교차로안,승용,남,30세,경상,승용,남,29세,경상
2022073000100460,2022년 7월 30일 19시,토요일,대전광역시 동구 자양동,경상사고,0,0,1,0,차대사람 - 기타,기타,건조,맑음,단일로 - 기타,승용,여,48세,상해없음,보행자,남,52세,경상
2022073000100461,2022년 7월 30일 19시,토요일,대전광역시 유성구 봉명동,경상사고,0,0,1,0,차대차 - 기타,안전운전불이행,건조,맑음,교차로 - 교차로안,승용,남,36세,상해없음,이륜,남,27세,경상
2022073000100462,2022년 7월 30일 19시,토요일,대전광역시 유성구 도룡동,경상사고,0,0,1,0,차대차 - 기타,안전운전불이행,건조,맑음,교차로 - 교차로부근,승용,남,55세,상해없음,승용,여,47세,경상
2022073000100500,2022년 7월 30일 20시,토요일,대전광역시 중구 산성동,경상사고,0,0,1,0,차대차 - 기타,안전운전불이행,건조,맑음,단일로 - 기타,이륜,남,52세,상해없음,자전거,남,72세,경상
2022073000100501,2022년 7월 30일 20시,토요일,대전광역시 서구 도마동,경상사고,0,0,5,0,차대차 - 측면충돌,안전운전불이행,건조,맑음,단일로 - 기타,승용,남,32세,상해없음,승용,남,28세,경상
2022073000100502,2022년 7월 30일 20시,토요일,대전광역시 서구 둔산동,경상사고,0,0,1,0,차대차 - 측면충돌,안전운전불이행,건조,맑음,교차로 - 교차로부근,승용,남,35세,상해없음,이륜,남,20세,경상
2022073000100530,2022년 7월 30일 21시,토요일,대전광역시 중구 태평동,경상사고,0,0,2,0,차대차 - 기타,안전운전불이행,건조,맑음,교차로 - 교차로부근,화물,남,47세,상해없음,승용,여,58세,경상
2022073100100031,2022년 7월 31일 01시,일요일,대전광역시 서구 둔산동,경상사고,0,0,1,0,차대사람 - 차도통행중,안전운전불이행,건조,맑음,단일로 - 기타,승용,남,67세,상해없음,보행자,여,31세,경상
2022073100100032,2022년 7월 31일 01시,일요일,대전광역시 유성구 원내동,경상사고,0,0,1,0,차대차 - 기타,중앙선침범,건조,맑음,교차로 - 교차로부근,승용,남,56세,상해없음,승용,남,35세,경상
2022073100100067,2022년 7월 31일 07시,일요일,대전광역시 대덕구 송촌동,경상사고,0,0,1,0,차량단독 - 주/정차차량 충돌,안전운전불이행,건조,맑음,단일로 - 기타,승용,남,69세,경상,,,,
2022073100100161,2022년 7월 31일 12시,일요일,대전광역시 동구 인동,경상사고,0,0,1,0,차대차 - 기타,안전운전불이행,젖음/습기,비,교차로 - 교차로부근,이륜,남,41세,경상,승용,남,53세,상해없음
2022073100100162,2022년 7월 31일 12시,일요일,대전광역시 대덕구 신탄진동,중상사고,0,1,2,0,차대차 - 측면충돌,직진우회전진행방해,젖음/습기,비,교차로 - 교차로안,승용,남,28세,상해없음,승용,남,57세,경상
2022073100100188,2022년 7월 31일 13시,일요일,대전광역시 동구 홍도동,경상사고,0,0,1,0,차대차 - 기타,기타,젖음/습기,비,단일로 - 기타,승용,남,64세,상해없음,이륜,남,25세,경상
2022073100100189,2022년 7월 31일 13시,일요일,대전광역시 유성구 봉명동,경상사고,0,0,1,0,차대차 - 측면충돌,안전운전불이행,젖음/습기,비,교차로 - 교차로안,승용,남,62세,상해없음,승용,여,52세,경상
2022073100100224,2022년 7월 31일 14시,일요일,대전광역시 중구 문화동,경상사고,0,0,1,0,차대차 - 기타,안전운전불이행,젖음/습기,비,단일로 - 기타,승용,여,55세,상해없음,승용,남,35세,상해없음
2022073100100395,2022년 7월 31일 20시,일요일,대전광역시 동구 삼성동,경상사고,0,0,1,0,차대사람 - 보도통행중,안전운전불이행,젖음/습기,흐림,교차로 - 교차로안,승용,남,60세,상해없음,보행자,남,52세,경상
2022073100100444,2022년 7월 31일 22시,일요일,대전광역시 서구 괴정동,경상사고,0,0,1,0,차대차 - 기타,안전운전불이행,젖음/습기,눈,단일로 - 지하차도(도로)내,승용,남,34세,상해없음,승용,여,51세,경상
2022073100100465,2022년 7월 31일 23시,일요일,대전광역시 서구 둔산동,경상사고,0,0,2,0,차대차 - 기타,신호위반,젖음/습기,비,교차로 - 교차로부근,화물,남,27세,상해없음,승용,남,51세,경상
2022080100100065,2022년 8월 1일 07시,월요일,대전광역시 서구 월평동,경상사고,0,0,2,0,차대차 - 기타,안전운전불이행,젖음/습기,비,단일로 - 기타,승용,남,64세,경상,화물,남,43세,경상
2022080100100099,2022년 8월 1일 08시,월요일,대전광역시 동구 인동,경상사고,0,0,2,0,차대차 - 추돌,안전거리미확보,젖음/습기,비,교차로 - 교차로부근,승용,남,56세,상해없음,승용,남,24세,경상
2022080100100100,2022년 8월 1일 08시,월요일,대전광역시 서구 도안동,경상사고,0,0,1,0,차대차 - 측면충돌,안전운전불이행,젖음/습기,비,단일로 - 기타,승용,남,51세,상해없음,승용,여,27세,경상
2022080100100135,2022년 8월 1일 10시,월요일,대전광역시 서구 탄방동,경상사고,0,0,1,0,차대사람 - 횡단중,안전운전불이행,건조,맑음,단일로 - 기타,승용,남,61세,상해없음,보행자,여,65세,경상
2022080100100136,2022년 8월 1일 10시,월요일,대전광역시 서구 탄방동,경상사고,0,0,1,0,차대차 - 기타,신호위반,건조,맑음,교차로 - 교차로횡단보도내,승용,남,63세,상해없음,개인형이동수단(PM),남,43세,경상
2022080100100172,2022년 8월 1일 11시,월요일,대전광역시 서구 둔산동,중상사고,0,1,0,0,차대차 - 추돌,안전운전불이행,건조,맑음,단일로 - 기타,건설기계,남,42세,상해없음,이륜,남,79세,중상
2022080100100173,2022년 8월 1일 11시,월요일,대전광역시 유성구 원촌동,경상사고,0,0,1,0,차대차 - 측면충돌,안전운전불이행,건조,맑음,단일로 - 기타,승용,남,69세,기타불명,승용,여,37세,경상
2022080100100208,2022년 8월 1일 12시,월요일,대전광역시 중구 오류동,경상사고,0,0,3,0,차대차 - 기타,안전운전불이행,건조,맑음,단일로 - 기타,승용,남,30세,상해없음,승합,남,57세,경상
2022080100100209,2022년 8월 1일 12시,월요일,대전광역시 대덕구 송촌동,중상사고,0,1,0,0,차대차 - 기타,신호위반,건조,맑음,교차로 - 교차로안,화물,남,75세,상해없음,승용,남,63세,중상
2022080100100271,2022년 8월 1일 14시,월요일,대전광역시 중구 오류동,중상사고,0,1,0,0,차대사람 - 횡단중,보행자보호의무위반,건조,맑음,교차로 - 교차로횡단보도내,승용,여,68세,상해없음,보행자,여,53세,중상
2022080100100272,2022년 8월 1일 14시,월요일,대전광역시 동구 대동,중상사고,0,1,0,0,차대차 - 측면충돌,안전운전불이행,건조,맑음,교차로 - 교차로안,승용,여,42세,상해없음,자전거,남,52세,중상
2022080100100365,2022년 8월 1일 17시,월요일,대전광역시 대덕구 오정동,경상사고,0,0,1,0,차대차 - 추돌,안전운전불이행,건조,맑음,교차로 - 교차로부근,승용,남,57세,상해없음,승용,남,34세,경상
2022080100100366,2022년 8월 1일 17시,월요일,대전광역시 유성구 지족동,경상사고,0,0,1,1,차대차 - 측면충돌,안전운전불이행,건조,맑음,교차로 - 교차로안,이륜,남,49세,경상,승용,남,36세,부상신고
2022080100100408,2022년 8월 1일 18시,월요일,대전광역시 서구 용문동,경상사고,0,0,1,0,차대사람 - 기타,기타,건조,흐림,단일로 - 기타,승합,남,52세,기타불명,보행자,여,38세,경상
2022080100100454,2022년 8월 1일 20시,월요일,대전광역시 유성구 도룡동,경상사고,0,0,1,0,차대차 - 측면충돌,교차로운행방법위반,건조,맑음,교차로 - 교차로부근,이륜,남,29세,상해없음,승용,여,47세,경상
2022080100100455,2022년 8월 1일 20시,월요일,대전광역시 유성구 복용동,경상사고,0,0,1,0,차대차 - 추돌,안전운전불이행,건조,흐림,교차로 - 교차로부근,승용,여,49세,상해없음,승용,남,61세,경상
2022080100100483,2022년 8월 1일 21시,월요일,대전광역시 서구 갈마동,경상사고,0,0,2,0,차대차 - 추돌,안전운전불이행,젖음/습기,비,교차로 - 교차로부근,승용,남,38세,기타불명,승용,여,51세,경상
2022080200100015,2022년 8월 2일 00시,화요일,대전광역시 서구 도마동,경상사고,0,0,2,0,차대차 - 측면충돌,안전운전불이행,건조,맑음,교차로 - 교차로부근,승용,남,61세,상해없음,승용,여,30세,상해없음
2022080200100016,2022년 8월 2일 00시,화요일,대전광역시 유성구 장대동,경상사고,0,0,2,0,차대차 - 추돌,안전운전불이행,젖음/습기,흐림,교차로 - 교차로부근,승용,여,54세,상해없음,승용,여,48세,경상
2022080200100050,2022년 8월 2일 04시,화요일,대전광역시 중구 유천동,경상사고,0,0,1,0,차대차 - 기타,안전운전불이행,젖음/습기,비,단일로 - 기타,이륜,남,40세,경상,승용,남,52세,상해없음
2022080200100104,2022년 8월 2일 08시,화요일,대전광역시 서구 둔산동,경상사고,0,0,1,0,차량단독 - 기타,기타,건조,맑음,단일로 - 기타,승합,남,39세,상해없음,,,,
2022080200100105,2022년 8월 2일 08시,화요일,대전광역시 유성구 전민동,경상사고,0,0,1,0,차대차 - 측면충돌,안전운전불이행,젖음/습기,비,교차로 - 교차로안,승용,남,33세,기타불명,승용,여,56세,경상