사고번호,사고일시,요일,시군구,사고내용,사망자수,중상자수,경상자수,부상신고자수,사고유형,법규위반,노면상태,기상상태,도로형태,가해운전자 차종,가해운전자 성별,가해운전자 연령,가해운전자 상해정도,피해운전자 차종,피해운전자 성별,피해운전자 연령,피해운전자 상해정도
2022081700100359,2022년 8월 17일 15시,수요일,대전광역시 서구 탄방동,경상사고,0,0,1,0,차대차 - 기타,중앙선침범,젖음/습기,비,단일로 - 기타,승용,여,47세,상해없음,이륜,남,45세,경상
2022081700100499,2022년 8월 17일 18시,수요일,대전광역시 중구 오류동,경상사고,0,0,2,0,차대차 - 기타,불법유턴,건조,맑음,단일로 - 기타,승용,남,42세,상해없음,승용,남,51세,경상
2022081700100500,2022년 8월 17일 18시,수요일,대전광역시 서구 도마동,경상사고,0,0,1,0,차대차 - 측면충돌,신호위반,건조,맑음,교차로 - 교차로안,승용,여,26세,상해없음,이륜,남,35세,경상
2022081700100537,2022년 8월 17일 19시,수요일,대전광역시 동구 가양동,경상사고,0,0,1,0,차대차 - 측면충돌,안전운전불이행,건조,맑음,단일로 - 기타,승용,남,31세,상해없음,이륜,남,62세,경상
2022081700100598,2022년 8월 17일 21시,수요일,대전광역시 중구 대사동,중상사고,0,1,1,0,차대차 - 정면충돌,신호위반,젖음/습기,비,교차로 - 교차로안,이륜,남,45세,중상,승용,남,26세,경상
2022081700100599,2022년 8월 17일 21시,수요일,대전광역시 유성구 상대동,경상사고,0,0,1,0,차대차 - 측면충돌,신호위반,건조,맑음,교차로 - 교차로안,승용,남,54세,상해없음,승용,여,42세,경상
2022081700100621,2022년 8월 17일 22시,수요일,대전광역시 동구 중동,경상사고,0,0,2,0,차대차 - 기타,안전거리미확보,건조,맑음,교차로 - 교차로부근,승용,남,62세,상해없음,승용,여,58세,경상
2022081700100622,2022년 8월 17일 22시,수요일,대전광역시 서구 탄방동,중상사고,0,1,0,0,차대사람 - 기타,안전운전불이행,건조,맑음,단일로 - 기타,원동기,남,44세,기타불명,보행자,남,40세,중상
2022081800100008,2022년 8월 18일 00시,목요일,대전광역시 서구 둔산동,중상사고,0,1,0,0,차대사람 - 기타,안전운전불이행,건조,맑음,단일로 - 기타,승용,남,24세,상해없음,보행자,남,38세,중상
2022081800100015,2022년 8월 18일 01시,목요일,대전광역시 중구 용두동,경상사고,0,0,1,0,차대차 - 측면충돌,신호위반,건조,맑음,교차로 - 교차로안,승용,여,25세,상해없음,이륜,남,46세,경상
2022081800100026,2022년 8월 18일 03시,목요일,대전광역시 동구 용운동,경상사고,0,0,1,0,차량단독 - 기타,안전운전불이행,건조,맑음,단일로 - 기타,승용,남,66세,상해없음,,,,
2022081800100141,2022년 8월 18일 09시,목요일,대전광역시 중구 중촌동,중상사고,0,1,0,0,차대사람 - 차도통행중,안전운전불이행,건조,맑음,단일로 - 기타,승용,여,62세,상해없음,보행자,여,79세,중상
2022081800100142,2022년 8월 18일 09시,목요일,대전광역시 동구 대동,경상사고,0,0,2,0,차대차 - 측면충돌,안전운전불이행,건조,맑음,교차로 - 교차로안,건설기계,남,63세,상해없음,화물,남,32세,경상
2022081800100143,2022년 8월 18일 09시,목요일,대전광역시 동구 낭월동,중상사고,0,1,0,0,차대차 - 측면충돌,안전운전불이행,건조,맑음,교차로 - 교차로부근,승용,여,71세,상해없음,승용,남,80세,중상
2022081800100174,2022년 8월 18일 10시,목요일,대전광역시 서구 용문동,중상사고,0,1,0,0,차대차 - 기타,안전운전불이행,건조,맑음,단일로 - 기타,승용,남,60세,상해없음,자전거,남,59세,중상
2022081800100217,2022년 8월 18일 11시,목요일,대전광역시 대덕구 비래동,경상사고,0,0,1,0,차대차 - 추돌,안전운전불이행,건조,맑음,단일로 - 기타,승용,여,64세,기타불명,승용,여,55세,경상
2022081800100278,2022년 8월 18일 13시,목요일,대전광역시 서구 둔산동,중상사고,0,1,0,0,차대사람 - 기타,신호위반,건조,맑음,교차로 - 교차로안,승용,남,72세,상해없음,보행자,남,55세,중상
2022081800100279,2022년 8월 18일 13시,목요일,대전광역시 유성구 봉명동,경상사고,0,0,1,0,차대차 - 측면충돌,신호위반,건조,맑음,교차로 - 교차로안,화물,남,55세,상해없음,화물,남,45세,경상
2022081800100342,2022년 8월 18일 15시,목요일,대전광역시 중구 대흥동,경상사고,0,0,1,0,차대사람 - 기타,안전운전불이행,건조,맑음,단일로 - 기타,승용,남,58세,상해없음,보행자,남,12세 이하,경상
2022081800100343,2022년 8월 18일 15시,목요일,대전광역시 대덕구 오정동,경상사고,0,0,1,1,차대차 - 측면충돌,안전운전불이행,건조,맑음,단일로 - 기타,승용,남,61세,기타불명,화물,남,81세 이상,경상
2022081800100374,2022년 8월 18일 16시,목요일,대전광역시 대덕구 대화동,경상사고,0,0,1,0,차대차 - 기타,직진우회전진행방해,건조,맑음,교차로 - 교차로안,건설기계,남,59세,상해없음,승용,여,21세,경상
2022081800100419,2022년 8월 18일 17시,목요일,대전광역시 동구 신안동,경상사고,0,0,3,0,차대차 - 추돌,안전운전불이행,건조,맑음,단일로 - 기타,승용,남,75세,경상,화물,남,54세,경상
2022081800100421,2022년 8월 18일 17시,목요일,대전광역시 서구 용문동,경상사고,0,0,1,0,차대사람 - 기타,안전운전불이행,건조,맑음,단일로 - 기타,승용,남,64세,상해없음,보행자,여,44세,경상
2022081800100463,2022년 8월 18일 18시,목요일,대전광역시 동구 효동,경상사고,0,0,1,0,차대차 - 측면충돌,교차로운행방법위반,건조,맑음,교차로 - 교차로안,승용,여,29세,상해없음,화물,남,45세,경상
2022081800100464,2022년 8월 18일 18시,목요일,대전광역시 유성구 구암동,경상사고,0,0,1,0,차대사람 - 기타,신호위반,건조,맑음,교차로 - 교차로부근,승용,남,56세,상해없음,보행자,남,52세,경상
2022081800100465,2022년 8월 18일 18시,목요일,대전광역시 유성구 복용동,경상사고,0,0,1,0,차대차 - 기타,안전운전불이행,건조,맑음,단일로 - 기타,자전거,여,42세,경상,승용,남,50세,상해없음
2022081800100522,2022년 8월 18일 20시,목요일,대전광역시 중구 산성동,중상사고,0,1,0,0,차대차 - 추돌,안전운전불이행,건조,맑음,단일로 - 기타,이륜,남,26세,상해없음,자전거,남,60세,중상
2022081800100523,2022년 8월 18일 20시,목요일,대전광역시 동구 삼성동,경상사고,0,0,1,0,차대차 - 측면충돌,신호위반,건조,맑음,교차로 - 교차로안,자전거,남,20세 이하,경상,승용,남,61세,상해없음
2022081800100524,2022년 8월 18일 20시,목요일,대전광역시 서구 괴정동,경상사고,0,0,1,0,차대사람 - 기타,안전운전불이행,건조,맑음,단일로 - 기타,승용,남,27세,상해없음,보행자,남,62세,경상
2022081800100549,2022년 8월 18일 21시,목요일,대전광역시 동구 정동,경상사고,0,0,1,0,차대차 - 추돌,안전거리미확보,건조,맑음,교차로 - 교차로안,승용,남,62세,상해없음,승용,남,38세,경상
2022081800100562,2022년 8월 18일 22시,목요일,대전광역시 대덕구 신일동,경상사고,0,0,1,0,차대차 - 추돌,안전거리미확보,건조,맑음,교차로 - 교차로부근,승용,남,39세,상해없음,이륜,남,26세,경상
2022081900100113,2022년 8월 19일 08시,금요일,대전광역시 중구 안영동,경상사고,0,0,1,0,차대차 - 측면충돌,안전운전불이행,건조,맑음,교차로 - 교차로안,화물,남,32세,상해없음,승용,남,22세,경상
2022081900100114,2022년 8월 19일 08시,금요일,대전광역시 유성구 원내동,경상사고,0,0,1,0,차대차 - 기타,안전운전불이행,건조,맑음,교차로 - 교차로안,승용,남,41세,상해없음,승용,남,32세,경상
2022081900100182,2022년 8월 19일 10시,금요일,대전광역시 서구 갈마동,경상사고,0,0,1,0,차대차 - 추돌,안전운전불이행,건조,맑음,단일로 - 기타,승용,남,59세,상해없음,승용,여,56세,경상
2022081900100259,2022년 8월 19일 12시,금요일,대전광역시 서구 월평동,경상사고,0,0,1,0,차대차 - 기타,불법유턴,건조,맑음,교차로 - 교차로안,승용,남,65세,상해없음,승용,남,62세,경상
2022081900100282,2022년 8월 19일 13시,금요일,대전광역시 서구 둔산동,경상사고,0,0,1,0,차대차 - 기타,안전운전불이행,건조,맑음,단일로 - 기타,승용,여,59세,상해없음,화물,남,41세,경상
2022081900100283,2022년 8월 19일 13시,금요일,대전광역시 유성구 지족동,경상사고,0,0,2,0,차대차 - 측면충돌,교차로운행방법위반,건조,맑음,교차로 - 교차로안,승용,여,43세,상해없음,승용,남,52세,경상
2022081900100318,2022년 8월 19일 14시,금요일,대전광역시 중구 오류동,경상사고,0,0,6,0,차대차 - 측면충돌,안전거리미확보,건조,맑음,단일로 - 기타,화물,남,44세,경상,승합,남,47세,경상
2022081900100319,2022년 8월 19일 14시,금요일,대전광역시 대덕구 법동,경상사고,0,0,1,0,차대사람 - 횡단중,보행자보호의무위반,건조,맑음,교차로 - 교차로횡단보도내,승용,여,56세,상해없음,보행자,여,57세,경상
2022081900100384,2022년 8월 19일 16시,금요일,대전광역시 서구 만년동,경상사고,0,0,1,0,차대차 - 추돌,신호위반,건조,맑음,교차로 - 교차로부근,승용,여,59세,기타불명,승용,남,62세,경상
2022081900100432,2022년 8월 19일 17시,금요일,대전광역시 대덕구 신탄진동,경상사고,0,0,2,0,차대차 - 측면충돌,안전운전불이행,건조,맑음,단일로 - 기타,승용,여,46세,상해없음,승용,여,27세,경상
2022081900100479,2022년 8월 19일 18시,금요일,대전광역시 대덕구 평촌동,경상사고,0,0,1,0,차대차 - 기타,안전거리미확보,건조,맑음,단일로 - 기타,화물,남,66세,상해없음,승용,남,32세,상해없음
2022081900100480,2022년 8월 19일 18시,금요일,대전광역시 대덕구 석봉동,경상사고,0,0,1,0,차대차 - 기타,안전운전불이행,건조,맑음,단일로 - 기타,승용,남,41세,상해없음,승용,남,31세,경상
2022081900100481,2022년 8월 19일 18시,금요일,대전광역시 서구 갈마동,경상사고,0,0,1,0,차대차 - 측면충돌,신호위반,건조,맑음,교차로 - 교차로부근,승용,남,30세,상해없음,승용,여,42세,경상
2022081900100525,2022년 8월 19일 19시,금요일,대전광역시 중구 부사동,중상사고,0,1,1,0,차대차 - 측면충돌,신호위반,건조,맑음,교차로 - 교차로안,승용,남,33세,상해없음,승용,남,45세,중상
2022081900100526,2022년 8월 19일 19시,금요일,대전광역시 동구 홍도동,중상사고,0,1,0,0,차대사람 - 횡단중,보행자보호의무위반,건조,맑음,교차로 - 교차로횡단보도내,화물,남,46세,상해없음,보행자,여,69세,중상
2022081900100527,2022년 8월 19일 19시,금요일,대전광역시 서구 도마동,경상사고,0,0,1,0,차대차 - 기타,안전운전불이행,건조,맑음,단일로 - 기타,이륜,남,22세,경상,승용,남,58세,기타불명
2022081900100611,2022년 8월 19일 22시,금요일,대전광역시 유성구 봉명동,경상사고,0,0,1,1,차대차 - 측면충돌,안전운전불이행,젖음/습기,비,교차로 - 교차로안,승용,여,44세,상해없음,승용,남,60세,부상신고
2022082000100012,2022년 8월 20일 00시,토요일,대전광역시 유성구 가정동,경상사고,0,0,1,0,차대차 - 기타,안전운전불이행,건조,맑음,기타 - 기타,승용,남,66세,상해없음,자전거,남,20세,경상
2022082000100092,2022년 8월 20일 07시,토요일,대전광역시 유성구 구암동,경상사고,0,0,1,0,차대차 - 기타,신호위반,젖음/습기,비,교차로 - 교차로안,승용,남,30세,상해없음,승합,남,43세,경상
2022082000100107,2022년 8월 20일 08시,토요일,대전광역시 서구 가장동,경상사고,0,0,1,0,차대차 - 측면충돌,안전운전불이행,건조,맑음,교차로 - 교차로안,승용,여,56세,상해없음,승용,남,32세,경상
2022082000100124,2022년 8월 20일 09시,토요일,대전광역시 중구 산성동,경상사고,0,0,1,0,차대차 - 추돌,안전운전불이행,건조,맑음,교차로 - 교차로부근,화물,남,64세,상해없음,승용,남,53세,경상
2022082000100157,2022년 8월 20일 10시,토요일,대전광역시 동구 판암동,중상사고,0,1,0,0,차대차 - 기타,안전운전불이행,젖음/습기,흐림,교차로 - 교차로안,건설기계,남,53세,상해없음,원동기,남,27세,중상
2022082000100203,2022년 8월 20일 11시,토요일,대전광역시 동구 용전동,경상사고,0,0,2,0,차대차 - 추돌,안전운전불이행,젖음/습기,비,단일로 - 기타,승용,남,71세,상해없음,승용,여,41세,경상
2022082000100295,2022년 8월 20일 13시,토요일,대전광역시 중구 문화동,경상사고,0,0,2,0,차대차 - 추돌,안전거리미확보,건조,맑음,교차로 - 교차로안,특수,남,38세,상해없음,승용,남,35세,경상
2022082000100415,2022년 8월 20일 16시,토요일,대전광역시 서구 가수원동,경상사고,0,0,3,0,차대차 - 기타,안전운전불이행,건조,맑음,단일로 - 기타,승용,남,64세,상해없음,승용,남,31세,경상
2022082000100416,2022년 8월 20일 16시,토요일,대전광역시 대덕구 읍내동,경상사고,0,0,2,0,차대차 - 측면충돌,신호위반,건조,맑음,단일로 - 교량,승용,여,37세,상해없음,승용,남,28세,경상
2022082000100553,2022년 8월 20일 20시,토요일,대전광역시 중구 중촌동,중상사고,0,1,0,0,차량단독 - 기타,안전운전불이행,건조,맑음,단일로 - 기타,승합,남,56세,상해없음,,,,
2022082000100554,2022년 8월 20일 20시,토요일,대전광역시 동구 가오동,경상사고,0,0,1,0,차대사람 - 횡단중,보행자보호의무위반,건조,맑음,교차로 - 교차로횡단보도내,승용,남,26세,상해없음,보행자,여,25세,경상
2022082000100581,2022년 8월 20일 21시,토요일,대전광역시 중구 문화동,경상사고,0,0,1,0,차대차 - 추돌,안전운전불이행,건조,맑음,교차로 - 교차로안,승용,남,25세,상해없음,이륜,남,40세,경상
2022082100100014,2022년 8월 21일 00시,일요일,대전광역시 서구 가수원동,경상사고,0,0,1,0,차대차 - 기타,안전거리미확보,건조,맑음,단일로 - 기타,승용,남,20세 이하,상해없음,승용,남,53세,경상
2022082100100015,2022년 8월 21일 00시,일요일,대전광역시 서구 탄방동,경상사고,0,0,2,0,차대차 - 추돌,안전운전불이행,건조,맑음,기타 - 기타,승용,여,36세,상해없음,승용,남,28세,경상
2022082100100063,2022년 8월 21일 06시,일요일,대전광역시 중구 산성동,중상사고,0,1,0,0,차대사람 - 차도통행중,안전운전불이행,건조,맑음,교차로 - 교차로안,화물,남,52세,상해없음,보행자,여,77세,중상
2022082100100088,2022년 8월 21일 09시,일요일,대전광역시 서구 관저동,경상사고,0,0,1,0,차대차 - 추돌,안전운전불이행,건조,맑음,교차로 - 교차로부근,승용,여,60세,상해없음,이륜,남,50세,경상
2022082100100136,2022년 8월 21일 11시,일요일,대전광역시 유성구 죽동,경상사고,0,0,1,0,차대차 - 기타,안전운전불이행,건조,맑음,단일로 - 기타,이륜,남,30세,상해없음,승용,남,77세,경상
2022082100100205,2022년 8월 21일 13시,일요일,대전광역시 동구 용운동,경상사고,0,0,1,0,차대차 - 측면충돌,안전거리미확보,건조,맑음,단일로 - 기타,승용,여,40세,상해없음,원동기,남,40세,경상
2022082100100258,2022년 8월 21일 15시,일요일,대전광역시 유성구 계산동,경상사고,0,0,1,0,차대차 - 추돌,안전운전불이행,건조,맑음,단일로 - 기타,승용,남,27세,상해없음,승용,남,54세,경상
2022082100100291,2022년 8월 21일 16시,일요일,대전광역시 동구 효동,중상사고,0,1,0,0,차대차 - 측면충돌,안전운전불이행,건조,맑음,교차로 - 교차로안,화물,남,63세,상해없음,이륜,남,42세,중상
2022082100100319,2022년 8월 21일 17시,일요일,대전광역시 서구 도마동,경상사고,0,0,1,0,차대차 - 측면충돌,교차로운행방법위반,건조,맑음,단일로 - 기타,승용,남,62세,상해없음,승용,남,57세,경상
2022082100100320,2022년 8월 21일 17시,일요일,대전광역시 유성구 관평동,경상사고,0,0,3,0,차대차 - 추돌,안전운전불이행,건조,맑음,기타 - 기타,원동기,남,40세,상해없음,승용,여,44세,경상
2022082100100321,2022년 8월 21일 17시,일요일,대전광역시 유성구 복용동,경상사고,0,0,3,0,차대차 - 추돌,안전운전불이행,건조,맑음,단일로 - 기타,승용,남,52세,상해없음,승용,여,34세,경상
2022082100100343,2022년 8월 21일 18시,일요일,대전광역시 서구 관저동,경상사고,0,0,1,0,차대사람 - 기타,안전운전불이행,건조,맑음,단일로 - 기타,승용,남,40세,상해없음,보행자,남,12세 이하,경상
2022082100100366,2022년 8월 21일 19시,일요일,대전광역시 유성구 봉명동,경상사고,0,0,1,0,차대차 - 기타,안전운전불이행,젖음/습기,비,단일로 - 기타,승용,남,21세,상해없음,이륜,남,25세,경상
2022082100100416,2022년 8월 21일 21시,일요일,대전광역시 유성구 봉명동,중상사고,0,1,0,0,차대사람 - 횡단중,보행자보호의무위반,건조,맑음,교차로 - 교차로횡단보도내,승합,남,64세,상해없음,보행자,여,62세,중상
2022082100100432,2022년 8월 21일 22시,일요일,대전광역시 중구 유천동,경상사고,0,0,4,0,차대차 - 기타,안전거리미확보,건조,맑음,단일로 - 기타,승용,남,59세,상해없음,승용,남,44세,경상
2022082100100433,2022년 8월 21일 22시,일요일,대전광역시 동구 중동,경상사고,0,0,2,0,차대차 - 측면충돌,안전거리미확보,건조,맑음,단일로 - 기타,이륜,남,21세,상해없음,이륜,남,19세,경상
2022082200100026,2022년 8월 22일 05시,월요일,대전광역시 서구 가수원동,경상사고,0,0,2,0,차대차 - 측면충돌,교차로운행방법위반,건조,맑음,교차로 - 교차로부근,승용,남,61세,상해없음,승용,남,25세,경상
2022082200100072,2022년 8월 22일 07시,월요일,대전광역시 중구 용두동,중상사고,0,1,0,0,차대사람 - 횡단중,보행자보호의무위반,건조,맑음,교차로 - 교차로횡단보도내,승용,남,75세,상해없음,보행자,남,81세 이상,중상
2022082200100124,2022년 8월 22일 08시,월요일,대전광역시 서구 가장동,경상사고,0,0,2,0,차대차 - 측면충돌,안전운전불이행,건조,맑음,교차로 - 교차로부근,승용,여,32세,상해없음,승용,남,72세,경상
2022082200100125,2022년 8월 22일 08시,월요일,대전광역시 대덕구 상서동,경상사고,0,0,3,0,차대차 - 추돌,안전운전불이행,건조,맑음,단일로 - 기타,화물,남,48세,상해없음,승용,여,54세,경상
2022082200100160,2022년 8월 22일 09시,월요일,대전광역시 유성구 복용동,경상사고,0,0,2,0,차대차 - 기타,안전운전불이행,건조,맑음,교차로 - 교차로부근,승용,여,61세,상해없음,승용,남,28세,경상
2022082200100193,2022년 8월 22일 10시,월요일,대전광역시 중구 태평동,경상사고,0,0,1,0,차대차 - 기타,신호위반,건조,맑음,교차로 - 교차로횡단보도내,승용,남,70세,상해없음,자전거,남,39세,경상
2022082200100332,2022년 8월 22일 15시,월요일,대전광역시 서구 용문동,경상사고,0,0,3,0,차대차 - 기타,안전거리미확보,건조,맑음,기타 - 기타,승용,남,64세,상해없음,화물,남,65세,경상
2022082200100353,2022년 8월 22일 16시,월요일,대전광역시 서구 정림동,중상사고,0,1,0,0,차대사람 - 기타,안전운전불이행,건조,맑음,단일로 - 기타,승용,남,79세,상해없음,보행자,남,81세 이상,중상
2022082200100354,2022년 8월 22일 16시,월요일,대전광역시 서구 만년동,경상사고,0,0,2,0,차대차 - 정면충돌,신호위반,건조,맑음,교차로 - 교차로안,승용,남,71세,상해없음,승용,남,56세,경상
2022082200100386,2022년 8월 22일 17시,월요일,대전광역시 유성구 하기동,중상사고,0,2,2,0,차대차 - 기타,신호위반,건조,맑음,교차로 - 교차로안,승용,여,45세,기타불명,승용,여,63세,경상
2022082200100432,2022년 8월 22일 18시,월요일,대전광역시 중구 오류동,경상사고,0,0,1,0,차대사람 - 기타,기타,건조,맑음,기타 - 기타,이륜,남,41세,상해없음,보행자,남,29세,경상
2022082200100433,2022년 8월 22일 18시,월요일,대전광역시 동구 가양동,경상사고,0,0,1,2,차대차 - 측면충돌,안전거리미확보,건조,맑음,단일로 - 기타,화물,남,60세,상해없음,승용,남,60세,경상
2022082200100434,2022년 8월 22일 18시,월요일,대전광역시 대덕구 오정동,경상사고,0,0,1,0,차대차 - 기타,신호위반,건조,맑음,단일로 - 기타,승용,여,53세,상해없음,특수,남,53세,경상
2022082200100460,2022년 8월 22일 19시,월요일,대전광역시 동구 용운동,경상사고,0,0,1,0,차대차 - 추돌,안전운전불이행,건조,맑음,단일로 - 기타,승용,남,52세,상해없음,승용,여,63세,경상
2022082200100529,2022년 8월 22일 22시,월요일,대전광역시 동구 가오동,경상사고,0,0,1,0,차대차 - 후진중충돌,안전운전불이행,건조,맑음,교차로 - 교차로안,승용,남,24세,상해없음,이륜,남,50세,경상
2022082200100530,2022년 8월 22일 22시,월요일,대전광역시 유성구 궁동,경상사고,0,0,1,0,차대차 - 추돌,안전운전불이행,건조,맑음,교차로 - 교차로부근,승용,남,23세,상해없음,승용,남,30세,경상
2022082300100014,2022년 8월 23일 00시,화요일,대전광역시 서구 가장동,경상사고,0,0,2,0,차대차 - 추돌,안전운전불이행,건조,맑음,교차로 - 교차로부근,승용,남,36세,상해없음,승용,남,59세,경상
2022082300100015,2022년 8월 23일 00시,화요일,대전광역시 서구 관저동,경상사고,0,0,1,0,차량단독 - 공작물충돌,안전운전불이행,건조,맑음,교차로 - 교차로횡단보도내,승용,남,59세,상해없음,,,,
2022082300100016,2022년 8월 23일 00시,화요일,대전광역시 유성구 봉명동,경상사고,0,0,1,0,차대차 - 기타,안전운전불이행,건조,맑음,단일로 - 기타,승용,남,54세,상해없음,승용,여,30세,경상
2022082300100110,2022년 8월 23일 08시,화요일,대전광역시 서구 정림동,경상사고,0,0,1,0,차대차 - 기타,안전운전불이행,젖음/습기,비,단일로 - 기타,승용,여,29세,상해없음,승용,남,44세,경상
2022082300100140,2022년 8월 23일 09시,화요일,대전광역시 서구 월평동,경상사고,0,0,1,0,차대차 - 기타,안전운전불이행,젖음/습기,비,교차로 - 교차로부근,화물,남,53세,상해없음,승용,남,32세,경상
2022082300100141,2022년 8월 23일 09시,화요일,대전광역시 서구 갈마동,경상사고,0,0,2,0,차대차 - 기타,안전운전불이행,젖음/습기,비,교차로 - 교차로부근,승용,남,27세,경상,승용,여,31세,상해없음
2022082300100142,2022년 8월 23일 09시,화요일,대전광역시 유성구 지족동,중상사고,0,1,3,0,차대차 - 추돌,안전운전불이행,젖음/습기,비,단일로 - 기타,승합,남,65세,상해없음,승용,남,73세,경상
2022082300100170,2022년 8월 23일 10시,화요일,대전광역시 중구 산성동,중상사고,0,1,0,0,차대차 - 기타,교차로운행방법위반,건조,맑음,교차로 - 교차로안,화물,남,28세,상해없음,승용,여,52세,중상
2022082300100171,2022년 8월 23일 10시,화요일,대전광역시 동구 가양동,경상사고,0,0,1,0,차대차 - 측면충돌,안전거리미확보,건조,맑음,단일로 - 기타,승용,여,29세,상해없음,화물,남,49세,경상
2022082300100199,2022년 8월 23일 11시,화요일,대전광역시 서구 둔산동,경상사고,0,0,1,0,차대차 - 기타,안전운전불이행,건조,맑음,단일로 - 기타,건설기계,남,60세,상해없음,승용,여,36세,경상
2022082300100200,2022년 8월 23일 11시,화요일,대전광역시 유성구 원촌동,중상사고,0,1,0,0,차대차 - 기타,안전운전불이행,건조,맑음,기타 - 기타,승용,여,58세,상해없음,이륜,남,41세,중상
2022082300100355,2022년 8월 23일 15시,화요일,대전광역시 중구 은행동,중상사고,0,2,0,0,차대사람 - 기타,안전운전불이행,젖음/습기,비,단일로 - 기타,승용,여,29세,중상,보행자,남,46세,중상
2022082300100392,2022년 8월 23일 16시,화요일,대전광역시 중구 사정동,경상사고,0,0,1,0,차대차 - 기타,신호위반,젖음/습기,비,교차로 - 교차로안,승용,남,56세,상해없음,승용,남,64세,경상
2022082300100451,2022년 8월 23일 17시,화요일,대전광역시 대덕구 상서동,경상사고,0,0,1,0,차대차 - 추돌,안전운전불이행,젖음/습기,흐림,교차로 - 교차로부근,화물,남,55세,상해없음,승용,남,25세,경상
2022082300100500,2022년 8월 23일 18시,화요일,대전광역시 유성구 관평동,경상사고,0,0,1,0,차대차 - 기타,신호위반,건조,맑음,교차로 - 교차로안,승용,여,45세,상해없음,승용,남,37세,경상
2022082300100537,2022년 8월 23일 19시,화요일,대전광역시 서구 갈마동,경상사고,0,0,1,0,차대차 - 기타,안전운전불이행,건조,맑음,교차로 - 교차로횡단보도내,승용,남,65세,상해없음,자전거,여,18세,경상
2022082300100563,2022년 8월 23일 20시,화요일,대전광역시 동구 신흥동,중상사고,0,1,0,0,차대사람 - 횡단중,보행자보호의무위반,건조,맑음,교차로 - 교차로횡단보도내,이륜,여,20세 이하,기타불명,보행자,여,72세,중상
2022082300100609,2022년 8월 23일 22시,화요일,대전광역시 유성구 문지동,경상사고,0,0,1,0,차대사람 - 횡단중,보행자보호의무위반,건조,맑음,단일로 - 기타,승용,남,61세,상해없음,보행자,여,31세,경상
2022082400100012,2022년 8월 24일 00시,수요일,대전광역시 대덕구 오정동,경상사고,0,0,1,0,차대차 - 기타,안전거리미확보,건조,맑음,교차로 - 교차로부근,승용,남,72세,상해없음,승용,남,64세,상해없음
2022082400100079,2022년 8월 24일 07시,수요일,대전광역시 유성구 구암동,경상사고,0,0,1,0,차대차 - 측면충돌,중앙선침범,건조,맑음,단일로 - 기타,승용,남,34세,상해없음,승용,남,55세,경상
2022082400100101,2022년 8월 24일 08시,수요일,대전광역시 대덕구 목상동,경상사고,0,0,1,0,차대차 - 기타,안전운전불이행,건조,맑음,단일로 - 기타,승용,남,81세 이상,상해없음,승용,남,33세,경상
2022082400100118,2022년 8월 24일 08시,수요일,대전광역시 대덕구 중리동,부상신고사고,0,0,0,1,차대차 - 추돌,안전운전불이행,젖음/습기,맑음,단일로 - 기타,승용,남,32세,부상신고,승용,여,53세,상해없음
2022082400100194,2022년 8월 24일 10시,수요일,대전광역시 동구 용전동,중상사고,0,1,0,0,차대사람 - 횡단중,보행자보호의무위반,건조,맑음,단일로 - 기타,화물,남,52세,상해없음,보행자,여,63세,중상
2022082400100266,2022년 8월 24일 12시,수요일,대전광역시 서구 갈마동,경상사고,0,0,1,0,차대차 - 기타,안전운전불이행,건조,맑음,교차로 - 교차로안,승용,여,65세,상해없음,승용,남,59세,경상
2022082400100299,2022년 8월 24일 13시,수요일,대전광역시 동구 인동,중상사고,0,1,0,0,차대차 - 측면충돌,안전운전불이행,건조,맑음,교차로 - 교차로횡단보도내,승용,여,30세,상해없음,자전거,남,63세,중상
2022082400100350,2022년 8월 24일 15시,수요일,대전광역시 서구 도마동,경상사고,0,0,2,0,차대차 - 기타,안전운전불이행,건조,맑음,단일로 - 기타,승용,여,61세,경상,승용,남,58세,경상
2022082400100351,2022년 8월 24일 15시,수요일,대전광역시 대덕구 읍내동,경상사고,0,0,1,0,차대사람 - 보도통행중,보행자보호의무위반,건조,맑음,교차로 - 교차로부근,승용,남,67세,기타불명,보행자,남,67세,경상
2022082400100396,2022년 8월 24일 16시,수요일,대전광역시 유성구 봉명동,경상사고,0,0,2,0,차대차 - 기타,직진우회전진행방해,건조,맑음,교차로 - 교차로안,승용,남,63세,경상,승용,여,50세,경상
2022082400100441,2022년 8월 24일 17시,수요일,대전광역시 서구 정림동,경상사고,0,0,6,0,차대차 - 기타,안전운전불이행,건조,맑음,단일로 - 기타,승용,남,20세 이하,상해없음,승합,남,59세,경상
2022082400100443,2022년 8월 24일 17시,수요일,대전광역시 서구 둔산동,경상사고,0,0,1,0,차대차 - 기타,안전운전불이행,건조,맑음,교차로 - 교차로부근,승용,여,44세,상해없음,승용,여,54세,경상
2022082400100444,2022년 8월 24일 17시,수요일,대전광역시 유성구 갑동,경상사고,0,0,2,0,차대차 - 추돌,안전운전불이행,건조,맑음,교차로 - 교차로부근,화물,남,61세,상해없음,승용,남,69세,경상
2022082400100480,2022년 8월 24일 18시,수요일,대전광역시 서구 둔산동,경상사고,0,0,1,0,차대차 - 기타,안전운전불이행,건조,맑음,기타 - 기타,승용,남,72세,상해없음,특수,남,24세,경상