사고번호,사고일시,요일,시군구,사고내용,사망자수,중상자수,경상자수,부상신고자수,사고유형,법규위반,노면상태,기상상태,도로형태,가해운전자 차종,가해운전자 성별,가해운전자 연령,가해운전자 상해정도,피해운전자 차종,피해운전자 성별,피해운전자 연령,피해운전자 상해정도
2022090100100183,2022년 9월 1일 10시,목요일,대전광역시 유성구 전민동,경상사고,0,0,1,0,차대차 - 기타,신호위반,건조,맑음,교차로 - 교차로안,승용,여,31세,상해없음,승합,남,63세,상해없음
2022090100100248,2022년 9월 1일 12시,목요일,대전광역시 동구 대성동,중상사고,0,1,0,0,차량단독 - 기타,안전운전불이행,건조,맑음,단일로 - 기타,승합,남,43세,상해없음,,,,
2022090100100249,2022년 9월 1일 12시,목요일,대전광역시 동구 가오동,경상사고,0,0,1,0,차대차 - 기타,신호위반,건조,맑음,교차로 - 교차로안,승용,남,65세,상해없음,승용,남,32세,경상
2022090100100250,2022년 9월 1일 12시,목요일,대전광역시 대덕구 석봉동,중상사고,0,1,0,0,차대사람 - 차도통행중,안전운전불이행,건조,맑음,단일로 - 기타,화물,남,61세,상해없음,보행자,남,74세,중상
2022090100100251,2022년 9월 1일 12시,목요일,대전광역시 대덕구 읍내동,경상사고,0,0,1,0,차대사람 - 기타,안전운전불이행,건조,맑음,단일로 - 기타,승합,남,50세,상해없음,보행자,여,68세,경상
2022090100100252,2022년 9월 1일 12시,목요일,대전광역시 유성구 봉명동,경상사고,0,0,1,0,차대차 - 측면충돌,안전거리미확보,건조,맑음,단일로 - 기타,화물,남,56세,상해없음,승용,남,72세,경상
2022090100100300,2022년 9월 1일 13시,목요일,대전광역시 서구 갈마동,중상사고,0,1,0,0,차대사람 - 기타,안전운전불이행,건조,맑음,단일로 - 기타,승용,남,54세,상해없음,보행자,여,81세 이상,중상
2022090100100329,2022년 9월 1일 14시,목요일,대전광역시 서구 탄방동,중상사고,0,1,0,0,차대사람 - 횡단중,안전운전불이행,건조,맑음,교차로 - 교차로부근,승용,남,51세,상해없음,보행자,여,49세,중상
2022090100100330,2022년 9월 1일 14시,목요일,대전광역시 유성구 반석동,경상사고,0,0,1,0,차량단독 - 기타,안전운전불이행,건조,맑음,기타 - 기타,승합,남,35세,상해없음,,,,
2022090100100423,2022년 9월 1일 16시,목요일,대전광역시 동구 판암동,중상사고,0,1,0,0,차대차 - 측면충돌,신호위반,건조,맑음,교차로 - 교차로횡단보도내,이륜,남,49세,상해없음,자전거,남,15세,중상
2022090100100479,2022년 9월 1일 17시,목요일,대전광역시 서구 월평동,경상사고,0,0,1,0,차대차 - 기타,안전운전불이행,건조,맑음,교차로 - 교차로부근,화물,남,42세,기타불명,승용,여,63세,경상
2022090100100514,2022년 9월 1일 18시,목요일,대전광역시 서구 괴정동,중상사고,0,1,0,0,차대사람 - 횡단중,보행자보호의무위반,건조,맑음,기타 - 기타,승용,남,64세,상해없음,보행자,여,73세,중상
2022090100100515,2022년 9월 1일 18시,목요일,대전광역시 서구 월평동,경상사고,0,0,1,0,차대차 - 측면충돌,안전운전불이행,건조,맑음,교차로 - 교차로부근,승용,남,41세,기타불명,승용,남,47세,경상
2022090100100553,2022년 9월 1일 19시,목요일,대전광역시 유성구 지족동,중상사고,0,1,0,0,차대차 - 측면충돌,교차로운행방법위반,건조,흐림,교차로 - 교차로안,승용,여,64세,상해없음,승용,남,65세,중상
2022090100100637,2022년 9월 1일 23시,목요일,대전광역시 중구 선화동,경상사고,0,0,2,0,차대차 - 기타,신호위반,건조,맑음,교차로 - 교차로안,승용,남,58세,상해없음,승용,여,57세,경상
2022090100100638,2022년 9월 1일 23시,목요일,대전광역시 유성구 궁동,중상사고,0,1,0,0,차대차 - 기타,신호위반,건조,맑음,교차로 - 교차로부근,이륜,남,30세,기타불명,이륜,남,39세,중상
2022090200100054,2022년 9월 2일 05시,금요일,대전광역시 대덕구 오정동,경상사고,0,0,1,1,차대차 - 측면충돌,교차로운행방법위반,건조,맑음,교차로 - 교차로안,화물,남,52세,상해없음,승용,남,74세,경상
2022090200100055,2022년 9월 2일 05시,금요일,대전광역시 서구 둔산동,중상사고,0,4,0,0,차대차 - 기타,신호위반,건조,맑음,교차로 - 교차로안,승용,여,23세,중상,승용,여,48세,중상
2022090200100063,2022년 9월 2일 06시,금요일,대전광역시 서구 둔산동,경상사고,0,0,1,0,차대차 - 기타,안전운전불이행,건조,맑음,단일로 - 기타,승용,남,66세,상해없음,승용,남,66세,경상
2022090200100090,2022년 9월 2일 07시,금요일,대전광역시 서구 갈마동,경상사고,0,0,1,0,차대차 - 기타,안전운전불이행,건조,맑음,기타 - 기타,승용,남,51세,상해없음,승용,여,55세,경상
2022090200100141,2022년 9월 2일 08시,금요일,대전광역시 유성구 원신흥동,경상사고,0,0,2,0,차대차 - 측면충돌,안전운전불이행,건조,맑음,단일로 - 기타,승용,남,48세,상해없음,승용,여,46세,경상
2022090200100186,2022년 9월 2일 09시,금요일,대전광역시 유성구 도룡동,경상사고,0,0,2,0,차대차 - 기타,안전운전불이행,건조,맑음,교차로 - 교차로안,화물,남,69세,상해없음,승용,여,25세,경상
2022090200100218,2022년 9월 2일 10시,금요일,대전광역시 동구 대성동,중상사고,0,1,2,0,차대차 - 측면충돌,신호위반,건조,맑음,교차로 - 교차로부근,화물,남,69세,중상,승용,남,70세,경상
2022090200100255,2022년 9월 2일 11시,금요일,대전광역시 중구 유천동,경상사고,0,0,1,0,차대차 - 기타,안전거리미확보,건조,맑음,단일로 - 기타,승용,남,26세,상해없음,승용,남,59세,경상
2022090200100285,2022년 9월 2일 12시,금요일,대전광역시 유성구 신동,중상사고,0,2,0,0,차대차 - 측면충돌,신호위반,건조,맑음,교차로 - 교차로안,화물,남,62세,상해없음,승용,여,53세,중상
2022090200100286,2022년 9월 2일 12시,금요일,대전광역시 유성구 궁동,중상사고,0,1,0,0,차대차 - 기타,안전거리미확보,건조,맑음,단일로 - 기타,승합,남,58세,상해없음,승용,남,38세,중상
2022090200100325,2022년 9월 2일 13시,금요일,대전광역시 유성구 구암동,경상사고,0,0,1,0,차대차 - 기타,안전운전불이행,건조,맑음,단일로 - 기타,승용,남,74세,상해없음,승용,남,37세,경상
2022090200100366,2022년 9월 2일 14시,금요일,대전광역시 유성구 교촌동,중상사고,0,1,1,0,차대차 - 기타,기타,건조,맑음,교차로 - 교차로안,이륜,남,23세,중상,승용,여,62세,경상
2022090200100367,2022년 9월 2일 14시,금요일,대전광역시 유성구 전민동,경상사고,0,0,1,0,차대사람 - 횡단중,보행자보호의무위반,건조,맑음,교차로 - 교차로횡단보도내,승용,남,65세,상해없음,보행자,남,12세 이하,경상
2022090200100462,2022년 9월 2일 16시,금요일,대전광역시 서구 변동,경상사고,0,0,1,0,차대차 - 측면충돌,직진우회전진행방해,건조,맑음,교차로 - 교차로안,승용,여,52세,상해없음,승용,여,45세,경상
2022090200100463,2022년 9월 2일 16시,금요일,대전광역시 대덕구 중리동,중상사고,0,1,0,0,차대차 - 기타,신호위반,건조,맑음,교차로 - 교차로부근,승용,여,29세,상해없음,이륜,남,51세,중상
2022090200100515,2022년 9월 2일 17시,금요일,대전광역시 동구 용운동,경상사고,0,0,1,0,차대사람 - 횡단중,보행자보호의무위반,건조,맑음,기타 - 기타,승용,여,66세,상해없음,보행자,남,22세,경상
2022090200100516,2022년 9월 2일 17시,금요일,대전광역시 대덕구 목상동,경상사고,0,0,2,0,차대차 - 기타,안전운전불이행,건조,맑음,교차로 - 교차로안,승용,남,63세,상해없음,승용,남,56세,경상
2022090200100517,2022년 9월 2일 17시,금요일,대전광역시 유성구 반석동,경상사고,0,0,1,0,차대차 - 측면충돌,안전운전불이행,건조,맑음,교차로 - 교차로부근,승합,남,50세,상해없음,승용,남,37세,경상
2022090200100554,2022년 9월 2일 18시,금요일,대전광역시 유성구 교촌동,경상사고,0,0,1,0,차대차 - 추돌,안전운전불이행,건조,맑음,단일로 - 기타,승용,남,30세,상해없음,승용,여,52세,경상
2022090200100572,2022년 9월 2일 18시,금요일,대전광역시 서구 도마동,경상사고,0,0,1,0,차대차 - 추돌,안전거리미확보,건조,맑음,교차로 - 교차로횡단보도내,승용,남,68세,상해없음,화물,남,28세,경상
2022090200100573,2022년 9월 2일 18시,금요일,대전광역시 서구 용문동,경상사고,0,0,2,0,차대차 - 기타,안전운전불이행,건조,맑음,단일로 - 기타,화물,남,51세,상해없음,승용,남,50세,상해없음
2022090200100621,2022년 9월 2일 19시,금요일,대전광역시 서구 월평동,경상사고,0,0,1,0,차대사람 - 횡단중,신호위반,건조,맑음,교차로 - 교차로안,승용,여,22세,상해없음,보행자,남,50세,경상
2022090200100622,2022년 9월 2일 19시,금요일,대전광역시 유성구 봉명동,경상사고,0,0,1,0,차대차 - 측면충돌,안전거리미확보,건조,맑음,단일로 - 기타,승합,여,51세,상해없음,승용,여,29세,경상
2022090200100681,2022년 9월 2일 21시,금요일,대전광역시 서구 갈마동,경상사고,0,0,1,0,차대차 - 후진중충돌,안전운전불이행,건조,맑음,단일로 - 기타,승용,남,29세,상해없음,승용,남,27세,경상
2022090200100710,2022년 9월 2일 22시,금요일,대전광역시 유성구 장대동,경상사고,0,0,1,0,차대차 - 후진중충돌,안전운전불이행,건조,맑음,단일로 - 기타,승용,남,20세 이하,상해없음,이륜,남,26세,경상
2022090300100044,2022년 9월 3일 02시,토요일,대전광역시 대덕구 중리동,중상사고,0,1,0,0,차대사람 - 횡단중,안전운전불이행,건조,맑음,교차로 - 교차로횡단보도내,승용,여,43세,상해없음,보행자,남,56세,중상
2022090300100123,2022년 9월 3일 08시,토요일,대전광역시 동구 판암동,중상사고,0,1,0,0,차대차 - 측면충돌,신호위반,건조,맑음,교차로 - 교차로안,승용,남,71세,상해없음,승용,남,42세,중상
2022090300100154,2022년 9월 3일 09시,토요일,대전광역시 동구 삼정동,경상사고,0,0,2,0,차대차 - 추돌,안전운전불이행,건조,맑음,교차로 - 교차로부근,화물,남,29세,상해없음,승용,여,57세,경상
2022090300100188,2022년 9월 3일 10시,토요일,대전광역시 유성구 교촌동,경상사고,0,0,1,0,차대차 - 후진중충돌,안전운전불이행,건조,맑음,교차로 - 교차로안,화물,남,55세,상해없음,승용,남,52세,경상
2022090300100189,2022년 9월 3일 10시,토요일,대전광역시 유성구 봉산동,경상사고,0,0,3,0,차대차 - 추돌,안전운전불이행,건조,맑음,교차로 - 교차로부근,승용,남,62세,상해없음,승용,남,41세,경상
2022090300100190,2022년 9월 3일 10시,토요일,대전광역시 유성구 장대동,경상사고,0,0,3,0,차대차 - 기타,안전거리미확보,건조,맑음,교차로 - 교차로부근,승용,여,29세,상해없음,승용,여,52세,경상
2022090300100235,2022년 9월 3일 11시,토요일,대전광역시 대덕구 오정동,경상사고,0,0,3,0,차대차 - 기타,안전운전불이행,건조,맑음,단일로 - 기타,승용,남,70세,상해없음,승용,남,50세,경상
2022090300100275,2022년 9월 3일 12시,토요일,대전광역시 중구 중촌동,부상신고사고,0,0,0,1,차대차 - 기타,안전운전불이행,건조,맑음,교차로 - 교차로부근,이륜,남,43세,부상신고,건설기계,남,70세,상해없음
2022090300100276,2022년 9월 3일 12시,토요일,대전광역시 중구 오류동,경상사고,0,0,1,0,차대차 - 기타,안전운전불이행,건조,맑음,교차로 - 교차로부근,승용,남,51세,경상,승용,남,61세,상해없음
2022090300100277,2022년 9월 3일 12시,토요일,대전광역시 서구 탄방동,경상사고,0,0,2,0,차대차 - 기타,신호위반,건조,맑음,교차로 - 교차로부근,승용,남,28세,상해없음,승용,여,41세,경상
2022090300100320,2022년 9월 3일 13시,토요일,대전광역시 중구 태평동,경상사고,0,0,3,0,차대차 - 기타,안전거리미확보,건조,맑음,교차로 - 교차로부근,승용,여,46세,기타불명,승용,남,35세,경상
2022090300100321,2022년 9월 3일 13시,토요일,대전광역시 서구 도안동,중상사고,0,1,0,0,차대사람 - 기타,안전운전불이행,건조,맑음,기타 - 기타,자전거,남,38세,상해없음,보행자,여,74세,중상
2022090300100357,2022년 9월 3일 14시,토요일,대전광역시 유성구 덕명동,경상사고,0,0,1,0,차대차 - 측면충돌,안전거리미확보,건조,맑음,단일로 - 기타,승용,남,42세,상해없음,승용,남,43세,경상
2022090300100397,2022년 9월 3일 15시,토요일,대전광역시 서구 용문동,경상사고,0,0,1,0,차대차 - 측면충돌,신호위반,건조,맑음,교차로 - 교차로안,승용,여,70세,상해없음,건설기계,남,47세,경상
2022090300100465,2022년 9월 3일 17시,토요일,대전광역시 동구 가오동,경상사고,0,0,1,0,차대차 - 측면충돌,신호위반,건조,맑음,교차로 - 교차로부근,승용,남,56세,상해없음,승용,남,68세,경상
2022090300100466,2022년 9월 3일 17시,토요일,대전광역시 서구 산직동,경상사고,0,0,1,0,차대차 - 추돌,안전운전불이행,건조,맑음,단일로 - 기타,이륜,남,79세,상해없음,승용,남,26세,경상
2022090300100533,2022년 9월 3일 19시,토요일,대전광역시 서구 도안동,경상사고,0,0,1,0,차대차 - 후진중충돌,불법유턴,건조,맑음,단일로 - 기타,승용,여,47세,상해없음,이륜,남,32세,경상
2022090300100581,2022년 9월 3일 21시,토요일,대전광역시 유성구 봉명동,경상사고,0,0,1,0,차대차 - 기타,안전운전불이행,건조,맑음,교차로 - 교차로안,승용,여,27세,상해없음,승용,남,29세,경상
2022090300100606,2022년 9월 3일 22시,토요일,대전광역시 중구 유천동,중상사고,0,1,0,0,차대사람 - 차도통행중,안전운전불이행,건조,맑음,단일로 - 기타,승용,남,27세,기타불명,보행자,남,57세,중상
2022090300100607,2022년 9월 3일 22시,토요일,대전광역시 동구 정동,경상사고,0,0,2,0,차대차 - 추돌,안전운전불이행,건조,맑음,교차로 - 교차로부근,승용,남,45세,상해없음,승용,남,47세,경상
2022090300100608,2022년 9월 3일 22시,토요일,대전광역시 서구 둔산동,중상사고,0,1,0,0,차대차 - 정면충돌,신호위반,젖음/습기,비,교차로 - 교차로부근,승용,남,52세,상해없음,이륜,남,35세,중상
2022090300100627,2022년 9월 3일 23시,토요일,대전광역시 동구 정동,중상사고,0,1,0,0,차대사람 - 기타,안전운전불이행,건조,맑음,단일로 - 기타,승용,남,60세,상해없음,보행자,남,59세,중상
2022090300100628,2022년 9월 3일 23시,토요일,대전광역시 유성구 봉명동,경상사고,0,0,1,0,차대차 - 기타,직진우회전진행방해,건조,맑음,교차로 - 교차로안,이륜,남,20세 이하,상해없음,이륜,남,24세,경상
2022090300100629,2022년 9월 3일 23시,토요일,대전광역시 유성구 봉명동,경상사고,0,0,1,0,차대차 - 기타,안전거리미확보,건조,맑음,교차로 - 교차로부근,승용,남,33세,기타불명,승용,남,25세,경상
2022090300100630,2022년 9월 3일 23시,토요일,대전광역시 유성구 구암동,중상사고,0,1,0,0,차량단독 - 전도전복 - 전도,안전운전불이행,건조,맑음,단일로 - 기타,개인형이동수단(PM),남,34세,중상,,,,
2022090400100018,2022년 9월 4일 01시,일요일,대전광역시 동구 대동,중상사고,0,1,0,0,차대차 - 측면충돌,불법유턴,건조,맑음,기타 - 기타,개인형이동수단(PM),남,56세,중상,승용,남,24세,상해없음
2022090400100019,2022년 9월 4일 01시,일요일,대전광역시 서구 둔산동,경상사고,0,0,1,0,차대사람 - 기타,안전운전불이행,건조,맑음,단일로 - 기타,승용,남,20세 이하,상해없음,보행자,여,26세,경상
2022090400100041,2022년 9월 4일 03시,일요일,대전광역시 중구 오류동,경상사고,0,0,2,0,차대차 - 추돌,안전운전불이행,건조,맑음,교차로 - 교차로부근,승용,남,25세,상해없음,승용,남,48세,경상
2022090400100113,2022년 9월 4일 10시,일요일,대전광역시 동구 가양동,경상사고,0,0,1,0,차대차 - 측면충돌,안전거리미확보,건조,맑음,단일로 - 기타,자전거,남,62세,경상,승용,남,32세,상해없음
2022090400100147,2022년 9월 4일 11시,일요일,대전광역시 유성구 원내동,경상사고,0,0,1,0,차대차 - 기타,안전운전불이행,건조,맑음,교차로 - 교차로부근,승용,남,63세,기타불명,승용,남,63세,경상
2022090400100176,2022년 9월 4일 12시,일요일,대전광역시 유성구 구암동,경상사고,0,0,1,1,차대차 - 측면충돌,직진우회전진행방해,건조,맑음,교차로 - 교차로안,승용,남,74세,상해없음,승용,남,35세,부상신고
2022090400100312,2022년 9월 4일 16시,일요일,대전광역시 동구 용전동,경상사고,0,0,1,0,차대차 - 측면충돌,안전운전불이행,건조,흐림,단일로 - 기타,승용,남,48세,상해없음,승용,남,30세,경상
2022090400100389,2022년 9월 4일 19시,일요일,대전광역시 동구 원동,경상사고,0,0,1,0,차대차 - 측면충돌,안전운전불이행,젖음/습기,비,교차로 - 교차로부근,승용,남,60세,상해없음,이륜,남,23세,경상
2022090400100390,2022년 9월 4일 19시,일요일,대전광역시 유성구 화암동,경상사고,0,0,1,0,차대차 - 기타,교차로운행방법위반,건조,맑음,교차로 - 교차로안,승용,남,46세,상해없음,승용,남,40세,경상
2022090400100425,2022년 9월 4일 20시,일요일,대전광역시 동구 삼성동,경상사고,0,0,1,0,차대차 - 추돌,안전운전불이행,건조,맑음,단일로 - 기타,이륜,남,46세,상해없음,승용,여,40세,경상
2022090500100023,2022년 9월 5일 02시,월요일,대전광역시 서구 관저동,중상사고,0,1,0,0,차대사람 - 횡단중,안전운전불이행,젖음/습기,흐림,교차로 - 교차로부근,승용,남,32세,상해없음,보행자,남,51세,중상
2022090500100054,2022년 9월 5일 06시,월요일,대전광역시 동구 용전동,경상사고,0,0,1,0,차대차 - 추돌,안전거리미확보,건조,맑음,교차로 - 교차로안,승용,남,30세,상해없음,승용,남,67세,경상
2022090500100120,2022년 9월 5일 08시,월요일,대전광역시 중구 중촌동,경상사고,0,0,1,0,차대차 - 기타,안전거리미확보,젖음/습기,비,단일로 - 기타,승합,남,41세,상해없음,승용,남,39세,경상
2022090500100121,2022년 9월 5일 08시,월요일,대전광역시 서구 변동,경상사고,0,0,1,0,차대차 - 기타,신호위반,건조,기타,단일로 - 터널,기타불명,기타불명,미분류,기타불명,승용,여,51세,기타불명
2022090500100220,2022년 9월 5일 11시,월요일,대전광역시 대덕구 오정동,경상사고,0,0,1,0,차대차 - 기타,안전운전불이행,건조,맑음,단일로 - 기타,승용,남,67세,기타불명,이륜,남,40세,경상
2022090500100221,2022년 9월 5일 11시,월요일,대전광역시 유성구 구암동,경상사고,0,0,1,0,차대차 - 측면충돌,안전운전불이행,건조,맑음,단일로 - 기타,승용,여,52세,기타불명,승용,남,29세,경상
2022090500100275,2022년 9월 5일 13시,월요일,대전광역시 유성구 관평동,경상사고,0,0,1,0,차대차 - 측면충돌,안전운전불이행,젖음/습기,비,단일로 - 기타,승용,남,48세,상해없음,이륜,남,60세,경상
2022090500100326,2022년 9월 5일 15시,월요일,대전광역시 서구 월평동,경상사고,0,0,1,0,차대차 - 기타,안전운전불이행,젖음/습기,비,교차로 - 교차로부근,승용,남,64세,상해없음,원동기,남,24세,경상
2022090500100327,2022년 9월 5일 15시,월요일,대전광역시 서구 갈마동,경상사고,0,0,2,0,차대차 - 추돌,안전운전불이행,젖음/습기,비,단일로 - 기타,특수,남,24세,상해없음,승용,남,32세,경상
2022090500100364,2022년 9월 5일 16시,월요일,대전광역시 대덕구 대화동,경상사고,0,0,1,0,차대차 - 기타,안전운전불이행,건조,맑음,단일로 - 기타,승용,남,50세,상해없음,승용,남,39세,경상
2022090500100410,2022년 9월 5일 17시,월요일,대전광역시 동구 용전동,경상사고,0,0,1,0,차대차 - 측면충돌,교차로운행방법위반,건조,맑음,교차로 - 교차로부근,승용,여,34세,상해없음,화물,남,53세,경상
2022090500100411,2022년 9월 5일 17시,월요일,대전광역시 서구 둔산동,경상사고,0,0,1,0,차대차 - 추돌,안전운전불이행,젖음/습기,비,단일로 - 기타,화물,남,38세,상해없음,승용,남,35세,경상
2022090500100459,2022년 9월 5일 18시,월요일,대전광역시 대덕구 중리동,경상사고,0,0,1,2,차대차 - 측면충돌,안전거리미확보,젖음/습기,맑음,단일로 - 기타,승용,남,65세,상해없음,승용,여,70세,부상신고
2022090500100526,2022년 9월 5일 19시,월요일,대전광역시 중구 용두동,경상사고,0,0,1,0,차대차 - 기타,안전거리미확보,젖음/습기,비,단일로 - 기타,승용,남,64세,상해없음,승용,남,50세,경상
2022090500100527,2022년 9월 5일 19시,월요일,대전광역시 동구 소제동,경상사고,0,0,1,0,차대차 - 측면충돌,신호위반,젖음/습기,비,교차로 - 교차로안,승용,남,28세,상해없음,승용,남,36세,경상
2022090500100528,2022년 9월 5일 19시,월요일,대전광역시 서구 도안동,경상사고,0,0,1,0,차대사람 - 횡단중,신호위반,건조,맑음,교차로 - 교차로횡단보도내,승용,여,65세,상해없음,보행자,남,66세,경상
2022090500100529,2022년 9월 5일 19시,월요일,대전광역시 대덕구 중리동,경상사고,0,0,1,0,차대차 - 측면충돌,안전운전불이행,젖음/습기,비,교차로 - 교차로부근,승용,남,74세,상해없음,이륜,남,42세,경상
2022090500100610,2022년 9월 5일 21시,월요일,대전광역시 동구 원동,경상사고,0,0,1,0,차대사람 - 기타,안전운전불이행,젖음/습기,비,교차로 - 교차로안,승용,남,22세,기타불명,보행자,남,69세,경상
2022090500100611,2022년 9월 5일 21시,월요일,대전광역시 서구 관저동,경상사고,0,0,1,0,차량단독 - 기타,안전운전불이행,젖음/습기,비,단일로 - 기타,승용,남,67세,상해없음,,,,
2022090500100612,2022년 9월 5일 21시,월요일,대전광역시 서구 만년동,중상사고,0,1,0,0,차대차 - 기타,신호위반,젖음/습기,비,단일로 - 기타,승용,남,36세,기타불명,승합,남,49세,중상
2022090500100613,2022년 9월 5일 21시,월요일,대전광역시 유성구 장동,경상사고,0,0,1,0,차대차 - 기타,중앙선침범,젖음/습기,비,기타 - 기타,승용,남,69세,상해없음,승용,남,36세,경상
2022090500100638,2022년 9월 5일 22시,월요일,대전광역시 서구 괴정동,경상사고,0,0,1,0,차대차 - 측면충돌,안전운전불이행,젖음/습기,비,주차장 - 주차장,승용,여,32세,상해없음,승용,남,49세,경상
2022090500100663,2022년 9월 5일 23시,월요일,대전광역시 대덕구 송촌동,경상사고,0,0,3,0,차대차 - 측면충돌,안전운전불이행,젖음/습기,비,교차로 - 교차로안,승용,남,68세,상해없음,승용,남,24세,경상
2022090500100664,2022년 9월 5일 23시,월요일,대전광역시 서구 갈마동,경상사고,0,0,1,0,차대차 - 기타,안전운전불이행,젖음/습기,비,교차로 - 교차로부근,이륜,남,42세,기타불명,이륜,남,41세,경상
2022090600100079,2022년 9월 6일 07시,화요일,대전광역시 유성구 원신흥동,경상사고,0,0,1,0,차대차 - 추돌,안전거리미확보,젖음/습기,흐림,단일로 - 기타,화물,남,59세,기타불명,승용,여,49세,경상
2022090600100097,2022년 9월 6일 08시,화요일,대전광역시 서구 탄방동,경상사고,0,0,1,0,차대차 - 측면충돌,안전운전불이행,건조,맑음,기타 - 기타,승용,남,55세,상해없음,자전거,남,65세,경상
2022090600100141,2022년 9월 6일 10시,화요일,대전광역시 유성구 죽동,경상사고,0,0,1,0,차대사람 - 기타,보행자보호의무위반,건조,맑음,교차로 - 교차로횡단보도내,화물,남,51세,기타불명,보행자,여,42세,경상
2022090600100165,2022년 9월 6일 11시,화요일,대전광역시 대덕구 오정동,경상사고,0,0,1,0,차대차 - 측면충돌,신호위반,건조,맑음,교차로 - 교차로안,화물,남,67세,상해없음,화물,남,32세,경상
2022090600100235,2022년 9월 6일 13시,화요일,대전광역시 서구 정림동,경상사고,0,0,1,0,차대차 - 기타,불법유턴,건조,맑음,단일로 - 기타,승용,남,65세,상해없음,자전거,남,63세,경상
2022090600100236,2022년 9월 6일 13시,화요일,대전광역시 대덕구 송촌동,경상사고,0,0,1,0,차대차 - 추돌,안전운전불이행,건조,맑음,단일로 - 기타,화물,남,57세,상해없음,화물,남,58세,상해없음
2022090600100237,2022년 9월 6일 13시,화요일,대전광역시 유성구 봉명동,경상사고,0,0,1,0,차대차 - 기타,안전운전불이행,건조,맑음,교차로 - 교차로부근,승용,여,36세,상해없음,승용,남,51세,경상
2022090600100275,2022년 9월 6일 14시,화요일,대전광역시 서구 용문동,경상사고,0,0,1,0,차대차 - 기타,안전거리미확보,건조,맑음,단일로 - 교량,화물,남,40세,상해없음,승용,남,30세,경상
2022090600100276,2022년 9월 6일 14시,화요일,대전광역시 동구 용운동,경상사고,0,0,1,0,차대차 - 측면충돌,신호위반,건조,맑음,교차로 - 교차로안,승용,여,54세,상해없음,승용,남,39세,경상
2022090600100352,2022년 9월 6일 16시,화요일,대전광역시 서구 도안동,경상사고,0,0,1,0,차대차 - 기타,안전운전불이행,건조,맑음,기타 - 기타,이륜,남,23세,경상,승용,남,65세,상해없음
2022090600100353,2022년 9월 6일 16시,화요일,대전광역시 서구 갈마동,경상사고,0,0,1,0,차대차 - 기타,신호위반,건조,맑음,교차로 - 교차로안,원동기,남,20세 이하,기타불명,승용,남,32세,경상
2022090600100410,2022년 9월 6일 17시,화요일,대전광역시 서구 내동,경상사고,0,0,2,0,차대차 - 후진중충돌,안전운전불이행,건조,맑음,단일로 - 기타,화물,남,59세,상해없음,승용,남,28세,경상
2022090600100550,2022년 9월 6일 21시,화요일,대전광역시 동구 용전동,경상사고,0,0,1,0,차대차 - 추돌,안전운전불이행,건조,맑음,교차로 - 교차로부근,승용,여,32세,상해없음,승용,남,52세,경상
2022090600100551,2022년 9월 6일 21시,화요일,대전광역시 대덕구 중리동,경상사고,0,0,1,0,차대차 - 기타,교차로운행방법위반,건조,맑음,교차로 - 교차로안,승용,남,60세,상해없음,승용,남,43세,상해없음
2022090700100020,2022년 9월 7일 01시,수요일,대전광역시 유성구 봉명동,경상사고,0,0,1,0,차대차 - 후진중충돌,안전운전불이행,건조,맑음,단일로 - 기타,승용,여,38세,상해없음,승용,남,36세,경상
2022090700100054,2022년 9월 7일 05시,수요일,대전광역시 유성구 봉명동,중상사고,0,1,2,0,차대차 - 추돌,안전운전불이행,건조,맑음,교차로 - 교차로부근,승용,남,24세,상해없음,승용,여,48세,중상
2022090700100100,2022년 9월 7일 07시,수요일,대전광역시 동구 천동,경상사고,0,0,1,0,차대차 - 측면충돌,안전운전불이행,건조,맑음,교차로 - 교차로부근,승용,여,64세,상해없음,자전거,남,81세 이상,경상
2022090700100150,2022년 9월 7일 08시,수요일,대전광역시 서구 내동,경상사고,0,0,1,0,차대차 - 기타,안전운전불이행,건조,맑음,교차로 - 교차로안,건설기계,남,52세,상해없음,승용,여,52세,경상
2022090700100151,2022년 9월 7일 08시,수요일,대전광역시 유성구 궁동,중상사고,0,1,0,0,차대차 - 기타,안전운전불이행,건조,맑음,교차로 - 교차로횡단보도내,승용,여,57세,상해없음,자전거,남,64세,중상
2022090700100152,2022년 9월 7일 08시,수요일,대전광역시 유성구 노은동,경상사고,0,0,1,0,차대차 - 기타,신호위반,건조,맑음,교차로 - 교차로안,승용,남,67세,상해없음,승용,여,42세,경상
2022090700100210,2022년 9월 7일 09시,수요일,대전광역시 유성구 장대동,경상사고,0,0,1,0,차대차 - 기타,안전운전불이행,건조,맑음,교차로 - 교차로부근,승용,남,60세,기타불명,승용,남,50세,경상
2022090700100249,2022년 9월 7일 10시,수요일,대전광역시 서구 갈마동,경상사고,0,0,2,0,차대차 - 추돌,안전운전불이행,건조,맑음,교차로 - 교차로부근,승용,남,62세,상해없음,승용,여,48세,경상
2022090700100287,2022년 9월 7일 11시,수요일,대전광역시 중구 대흥동,중상사고,0,1,0,0,차대차 - 기타,신호위반,건조,맑음,교차로 - 교차로안,화물,남,62세,상해없음,승용,여,60세,중상
2022090700100288,2022년 9월 7일 11시,수요일,대전광역시 서구 둔산동,중상사고,0,1,0,0,차대사람 - 보도통행중,보행자보호의무위반,건조,맑음,교차로 - 교차로안,승합,남,40세,상해없음,보행자,여,81세 이상,중상