사고번호,사고일시,요일,시군구,사고내용,사망자수,중상자수,경상자수,부상신고자수,사고유형,법규위반,노면상태,기상상태,도로형태,가해운전자 차종,가해운전자 성별,가해운전자 연령,가해운전자 상해정도,피해운전자 차종,피해운전자 성별,피해운전자 연령,피해운전자 상해정도
2022092000100368,2022년 9월 20일 15시,화요일,대전광역시 유성구 원신흥동,중상사고,0,1,0,0,차대차 - 기타,안전운전불이행,건조,맑음,교차로 - 교차로안,승용,여,43세,상해없음,이륜,남,41세,중상
2022092000100413,2022년 9월 20일 16시,화요일,대전광역시 서구 관저동,경상사고,0,0,1,0,차대사람 - 차도통행중,안전운전불이행,건조,맑음,단일로 - 기타,승용,남,64세,상해없음,보행자,남,18세,경상
2022092000100507,2022년 9월 20일 18시,화요일,대전광역시 대덕구 오정동,중상사고,0,1,0,0,차대차 - 기타,안전운전불이행,건조,맑음,교차로 - 교차로부근,승용,남,73세,상해없음,자전거,여,70세,중상
2022092000100543,2022년 9월 20일 19시,화요일,대전광역시 중구 문화동,중상사고,0,1,0,0,차대차 - 기타,안전운전불이행,건조,맑음,교차로 - 교차로횡단보도내,승합,남,73세,상해없음,자전거,여,55세,중상
2022092000100544,2022년 9월 20일 19시,화요일,대전광역시 대덕구 송촌동,경상사고,0,0,1,0,차대사람 - 기타,교차로운행방법위반,건조,흐림,교차로 - 교차로안,승용,남,59세,상해없음,보행자,여,17세,경상
2022092000100545,2022년 9월 20일 19시,화요일,대전광역시 대덕구 법동,부상신고사고,0,0,0,3,차대차 - 기타,안전거리미확보,건조,맑음,단일로 - 기타,승용,남,30세,부상신고,화물,남,48세,부상신고
2022092000100546,2022년 9월 20일 19시,화요일,대전광역시 서구 갈마동,경상사고,0,0,1,0,차대차 - 측면충돌,신호위반,건조,맑음,교차로 - 교차로부근,승용,여,53세,상해없음,개인형이동수단(PM),남,14세,상해없음
2022092000100576,2022년 9월 20일 20시,화요일,대전광역시 서구 갈마동,경상사고,0,0,2,0,차대차 - 측면충돌,안전운전불이행,건조,맑음,단일로 - 기타,개인형이동수단(PM),여,29세,경상,이륜,남,28세,경상
2022092100100064,2022년 9월 21일 07시,수요일,대전광역시 동구 자양동,경상사고,0,0,1,0,차대사람 - 횡단중,안전운전불이행,건조,맑음,교차로 - 교차로부근,승용,남,59세,상해없음,보행자,남,21세,경상
2022092100100065,2022년 9월 21일 07시,수요일,대전광역시 유성구 용계동,경상사고,0,0,1,0,차대차 - 기타,안전운전불이행,건조,맑음,교차로 - 교차로부근,화물,남,42세,상해없음,승용,여,45세,경상
2022092100100160,2022년 9월 21일 09시,수요일,대전광역시 대덕구 읍내동,경상사고,0,0,2,0,차대차 - 추돌,안전운전불이행,건조,맑음,교차로 - 교차로안,승용,여,41세,상해없음,승용,여,62세,경상
2022092100100199,2022년 9월 21일 10시,수요일,대전광역시 중구 문화동,경상사고,0,0,1,0,차대사람 - 기타,안전운전불이행,건조,맑음,기타 - 기타,승용,여,50세,상해없음,보행자,여,81세 이상,경상
2022092100100200,2022년 9월 21일 10시,수요일,대전광역시 대덕구 비래동,경상사고,0,0,1,0,차대차 - 기타,교차로운행방법위반,건조,맑음,교차로 - 교차로횡단보도내,화물,남,53세,기타불명,승용,여,38세,경상
2022092100100233,2022년 9월 21일 11시,수요일,대전광역시 서구 변동,경상사고,0,0,2,0,차대차 - 기타,중앙선침범,건조,맑음,단일로 - 기타,이륜,남,73세,상해없음,승용,남,49세,경상
2022092100100234,2022년 9월 21일 11시,수요일,대전광역시 서구 도안동,중상사고,0,1,0,0,차대차 - 기타,신호위반,건조,맑음,교차로 - 교차로부근,승용,여,36세,상해없음,원동기,남,35세,중상
2022092100100235,2022년 9월 21일 11시,수요일,대전광역시 유성구 상대동,경상사고,0,0,1,0,차대차 - 기타,안전운전불이행,건조,맑음,단일로 - 기타,승용,여,62세,상해없음,승용,여,48세,경상
2022092100100236,2022년 9월 21일 11시,수요일,대전광역시 유성구 봉명동,경상사고,0,0,1,0,차대차 - 후진중충돌,안전운전불이행,건조,맑음,기타 - 기타,화물,남,25세,상해없음,승용,남,29세,경상
2022092100100270,2022년 9월 21일 12시,수요일,대전광역시 대덕구 법동,경상사고,0,0,1,0,차대차 - 추돌,안전운전불이행,건조,맑음,단일로 - 기타,승용,여,51세,상해없음,화물,남,46세,경상
2022092100100271,2022년 9월 21일 12시,수요일,대전광역시 대덕구 석봉동,경상사고,0,0,1,0,차대차 - 기타,교차로운행방법위반,건조,맑음,교차로 - 교차로안,승용,여,48세,상해없음,이륜,남,44세,경상
2022092100100327,2022년 9월 21일 14시,수요일,대전광역시 동구 삼괴동,중상사고,0,1,7,0,차대차 - 추돌,안전운전불이행,건조,맑음,기타 - 기타,화물,남,58세,상해없음,승용,남,63세,경상
2022092100100338,2022년 9월 21일 14시,수요일,대전광역시 대덕구 상서동,경상사고,0,0,1,0,차대차 - 측면충돌,안전운전불이행,건조,맑음,단일로 - 기타,화물,남,36세,상해없음,승용,여,53세,경상
2022092100100339,2022년 9월 21일 14시,수요일,대전광역시 서구 만년동,경상사고,0,0,3,0,차대차 - 기타,안전거리미확보,건조,맑음,단일로 - 기타,승용,남,75세,상해없음,승용,남,53세,경상
2022092100100340,2022년 9월 21일 14시,수요일,대전광역시 유성구 장대동,경상사고,0,0,1,0,차대차 - 측면충돌,차로위반,건조,맑음,단일로 - 기타,승용,여,60세,상해없음,승합,남,74세,경상
2022092100100374,2022년 9월 21일 15시,수요일,대전광역시 서구 도마동,경상사고,0,0,1,2,차대차 - 기타,신호위반,건조,맑음,교차로 - 교차로안,화물,남,58세,상해없음,화물,남,35세,경상
2022092100100375,2022년 9월 21일 15시,수요일,대전광역시 서구 도안동,중상사고,0,1,0,0,차대차 - 추돌,안전운전불이행,건조,맑음,단일로 - 기타,승용,여,62세,상해없음,자전거,남,12세 이하,중상
2022092100100376,2022년 9월 21일 15시,수요일,대전광역시 유성구 상대동,경상사고,0,0,1,0,차대차 - 기타,신호위반,건조,맑음,교차로 - 교차로횡단보도내,승용,여,51세,상해없음,자전거,남,12세 이하,경상
2022092100100377,2022년 9월 21일 15시,수요일,대전광역시 유성구 봉명동,경상사고,0,0,3,0,차대차 - 측면충돌,안전운전불이행,건조,맑음,교차로 - 교차로안,화물,남,81세 이상,상해없음,승용,남,34세,경상
2022092100100429,2022년 9월 21일 16시,수요일,대전광역시 중구 은행동,경상사고,0,0,1,0,차대차 - 기타,안전운전불이행,건조,맑음,단일로 - 기타,승용,남,66세,기타불명,승용,남,25세,경상
2022092100100430,2022년 9월 21일 16시,수요일,대전광역시 서구 변동,경상사고,0,0,1,0,차대차 - 기타,불법유턴,건조,맑음,단일로 - 기타,승용,여,59세,상해없음,승용,여,35세,경상
2022092100100431,2022년 9월 21일 16시,수요일,대전광역시 대덕구 목상동,경상사고,0,0,1,0,차대차 - 추돌,안전운전불이행,건조,맑음,교차로 - 교차로부근,승용,남,32세,상해없음,이륜,여,34세,경상
2022092100100432,2022년 9월 21일 16시,수요일,대전광역시 서구 갈마동,경상사고,0,0,1,0,차대차 - 측면충돌,안전운전불이행,건조,맑음,단일로 - 기타,화물,남,64세,상해없음,원동기,남,18세,경상
2022092100100433,2022년 9월 21일 16시,수요일,대전광역시 서구 둔산동,경상사고,0,0,1,0,차대사람 - 기타,안전운전불이행,건조,맑음,단일로 - 기타,승용,남,52세,상해없음,보행자,여,61세,경상
2022092100100491,2022년 9월 21일 17시,수요일,대전광역시 대덕구 석봉동,경상사고,0,0,1,0,차대차 - 측면충돌,안전운전불이행,건조,맑음,교차로 - 교차로안,승용,남,66세,상해없음,승용,남,57세,경상
2022092100100492,2022년 9월 21일 17시,수요일,대전광역시 대덕구 와동,경상사고,0,0,5,0,차대차 - 추돌,안전거리미확보,건조,맑음,단일로 - 고가도로위,승용,남,67세,기타불명,승용,남,41세,경상
2022092100100493,2022년 9월 21일 17시,수요일,대전광역시 서구 갈마동,경상사고,0,0,3,0,차대차 - 기타,안전운전불이행,건조,맑음,교차로 - 교차로안,승용,남,56세,경상,승용,남,43세,경상
2022092100100494,2022년 9월 21일 17시,수요일,대전광역시 서구 만년동,경상사고,0,0,3,0,차대차 - 기타,안전운전불이행,건조,맑음,단일로 - 지하차도(도로)내,화물,남,41세,상해없음,승용,남,28세,경상
2022092100100495,2022년 9월 21일 17시,수요일,대전광역시 유성구 장대동,경상사고,0,0,1,0,차대차 - 기타,안전운전불이행,건조,맑음,교차로 - 교차로안,승용,남,44세,상해없음,승용,여,34세,경상
2022092100100542,2022년 9월 21일 18시,수요일,대전광역시 서구 월평동,중상사고,0,1,3,0,차대차 - 기타,안전운전불이행,건조,맑음,기타 - 기타,화물,남,61세,상해없음,화물,남,63세,중상
2022092100100580,2022년 9월 21일 19시,수요일,대전광역시 중구 대사동,경상사고,0,0,1,0,차대차 - 측면충돌,교차로운행방법위반,건조,맑음,교차로 - 교차로안,승용,여,57세,상해없음,승용,남,31세,경상
2022092100100581,2022년 9월 21일 19시,수요일,대전광역시 서구 월평동,경상사고,0,0,2,0,차대차 - 기타,안전운전불이행,건조,맑음,교차로 - 교차로안,승용,여,59세,상해없음,승용,여,41세,경상
2022092100100613,2022년 9월 21일 20시,수요일,대전광역시 중구 사정동,중상사고,0,1,1,0,차대사람 - 횡단중,신호위반,건조,맑음,교차로 - 교차로안,승용,남,75세,상해없음,보행자,남,46세,경상
2022092100100657,2022년 9월 21일 22시,수요일,대전광역시 유성구 봉명동,부상신고사고,0,0,0,1,차대차 - 기타,안전운전불이행,건조,맑음,교차로 - 교차로부근,승용,남,31세,상해없음,승용,남,73세,부상신고
2022092200100011,2022년 9월 22일 00시,목요일,대전광역시 서구 갈마동,경상사고,0,0,1,0,차대차 - 기타,안전운전불이행,건조,맑음,교차로 - 교차로안,이륜,남,20세 이하,상해없음,승용,남,37세,경상
2022092200100017,2022년 9월 22일 01시,목요일,대전광역시 서구 월평동,경상사고,0,0,1,0,차대차 - 기타,안전운전불이행,건조,맑음,교차로 - 교차로부근,승용,남,24세,상해없음,승용,남,62세,경상
2022092200100027,2022년 9월 22일 03시,목요일,대전광역시 서구 월평동,경상사고,0,0,2,0,차대차 - 기타,안전운전불이행,건조,맑음,교차로 - 교차로부근,승용,남,34세,상해없음,승용,남,57세,경상
2022092200100046,2022년 9월 22일 05시,목요일,대전광역시 중구 문화동,경상사고,0,0,1,0,차대차 - 측면충돌,안전운전불이행,건조,맑음,교차로 - 교차로안,승용,여,77세,상해없음,자전거,남,80세,경상
2022092200100060,2022년 9월 22일 06시,목요일,대전광역시 유성구 송강동,경상사고,0,0,2,0,차대차 - 측면충돌,중앙선침범,건조,맑음,단일로 - 기타,승용,남,41세,상해없음,승용,남,21세,경상
2022092200100077,2022년 9월 22일 07시,목요일,대전광역시 대덕구 신대동,경상사고,0,0,1,0,차대차 - 추돌,안전운전불이행,건조,맑음,기타 - 기타,승용,남,81세 이상,상해없음,승용,남,45세,상해없음
2022092200100087,2022년 9월 22일 07시,목요일,대전광역시 서구 가장동,경상사고,0,0,1,0,차대차 - 기타,안전운전불이행,건조,맑음,교차로 - 교차로안,승용,남,35세,상해없음,이륜,남,33세,경상
2022092200100140,2022년 9월 22일 08시,목요일,대전광역시 중구 선화동,경상사고,0,0,1,0,차대차 - 기타,교차로운행방법위반,건조,맑음,교차로 - 교차로안,승용,여,51세,상해없음,승용,여,73세,경상
2022092200100141,2022년 9월 22일 08시,목요일,대전광역시 대덕구 평촌동,경상사고,0,0,1,0,차대차 - 측면충돌,안전운전불이행,건조,맑음,단일로 - 기타,승용,남,28세,상해없음,승용,남,39세,경상
2022092200100245,2022년 9월 22일 11시,목요일,대전광역시 동구 삼성동,중상사고,0,1,1,0,차대차 - 정면충돌,중앙선침범,건조,맑음,단일로 - 기타,승용,여,52세,상해없음,이륜,남,22세,경상
2022092200100277,2022년 9월 22일 12시,목요일,대전광역시 서구 탄방동,중상사고,0,1,0,0,차대사람 - 기타,보행자보호의무위반,건조,맑음,교차로 - 교차로횡단보도내,승용,남,65세,상해없음,보행자,여,30세,중상
2022092200100335,2022년 9월 22일 14시,목요일,대전광역시 유성구 신봉동,중상사고,0,1,2,0,차대차 - 측면충돌,기타,건조,맑음,교차로 - 교차로안,승용,남,34세,상해없음,승용,여,54세,경상
2022092200100407,2022년 9월 22일 16시,목요일,대전광역시 서구 탄방동,경상사고,0,0,1,0,차대차 - 측면충돌,안전운전불이행,건조,맑음,단일로 - 기타,승용,여,35세,상해없음,승용,여,61세,경상
2022092200100408,2022년 9월 22일 16시,목요일,대전광역시 유성구 원신흥동,경상사고,0,0,2,0,차대차 - 기타,신호위반,건조,맑음,교차로 - 교차로안,승용,남,35세,상해없음,승용,여,34세,경상
2022092200100454,2022년 9월 22일 17시,목요일,대전광역시 대덕구 오정동,부상신고사고,0,0,0,1,차대사람 - 차도통행중,안전운전불이행,건조,맑음,단일로 - 기타,승용,여,61세,상해없음,보행자,여,12세 이하,부상신고
2022092200100492,2022년 9월 22일 18시,목요일,대전광역시 중구 대흥동,경상사고,0,0,1,0,차대차 - 측면충돌,안전운전불이행,건조,맑음,단일로 - 기타,승용,남,75세,상해없음,승용,남,25세,경상
2022092200100493,2022년 9월 22일 18시,목요일,대전광역시 대덕구 목상동,경상사고,0,0,1,0,차량단독 - 주/정차차량 충돌,안전운전불이행,건조,맑음,단일로 - 기타,승용,여,53세,경상,,,,
2022092200100494,2022년 9월 22일 18시,목요일,대전광역시 대덕구 상서동,경상사고,0,0,1,0,차대차 - 기타,신호위반,건조,맑음,단일로 - 기타,승용,여,28세,기타불명,승용,남,24세,경상
2022092200100495,2022년 9월 22일 18시,목요일,대전광역시 대덕구 오정동,경상사고,0,0,5,0,차대차 - 추돌,안전거리미확보,건조,맑음,단일로 - 교량,승용,남,23세,기타불명,승용,남,69세,경상
2022092200100496,2022년 9월 22일 18시,목요일,대전광역시 유성구 봉명동,경상사고,0,0,2,0,차대차 - 측면충돌,안전운전불이행,건조,맑음,교차로 - 교차로부근,이륜,남,60세,경상,승용,남,26세,경상
2022092200100497,2022년 9월 22일 18시,목요일,대전광역시 유성구 도룡동,경상사고,0,0,1,0,차대차 - 측면충돌,안전운전불이행,건조,맑음,교차로 - 교차로안,승용,남,31세,상해없음,승용,여,25세,경상
2022092200100554,2022년 9월 22일 19시,목요일,대전광역시 대덕구 덕암동,중상사고,0,1,0,0,차대사람 - 차도통행중,안전운전불이행,건조,맑음,단일로 - 기타,이륜,남,35세,상해없음,보행자,남,54세,중상
2022092200100555,2022년 9월 22일 19시,목요일,대전광역시 대덕구 오정동,경상사고,0,0,5,0,차대차 - 측면충돌,신호위반,건조,맑음,단일로 - 기타,승용,여,51세,상해없음,승합,남,64세,경상
2022092200100556,2022년 9월 22일 19시,목요일,대전광역시 유성구 지족동,경상사고,0,0,1,0,차대차 - 기타,안전운전불이행,건조,맑음,단일로 - 기타,화물,남,46세,상해없음,이륜,남,31세,경상
2022092300100010,2022년 9월 23일 00시,금요일,대전광역시 유성구 어은동,경상사고,0,0,1,0,차대차 - 측면충돌,신호위반,건조,맑음,교차로 - 교차로부근,승용,남,64세,상해없음,승용,여,32세,경상
2022092300100040,2022년 9월 23일 05시,금요일,대전광역시 동구 용전동,경상사고,0,0,1,0,차대차 - 기타,안전운전불이행,건조,맑음,교차로 - 교차로부근,승용,남,74세,상해없음,승용,남,41세,경상
2022092300100110,2022년 9월 23일 08시,금요일,대전광역시 대덕구 오정동,경상사고,0,0,1,0,차대차 - 추돌,안전운전불이행,건조,맑음,단일로 - 기타,승용,여,27세,기타불명,승용,여,37세,경상
2022092300100111,2022년 9월 23일 08시,금요일,대전광역시 유성구 구암동,경상사고,0,0,2,0,차대차 - 기타,안전운전불이행,건조,맑음,단일로 - 기타,이륜,남,31세,상해없음,이륜,남,16세,경상
2022092300100144,2022년 9월 23일 09시,금요일,대전광역시 서구 내동,경상사고,0,0,1,0,차대차 - 기타,신호위반,건조,맑음,교차로 - 교차로부근,승용,남,48세,상해없음,승용,남,39세,경상
2022092300100145,2022년 9월 23일 09시,금요일,대전광역시 대덕구 비래동,경상사고,0,0,1,0,차대사람 - 보도통행중,기타,건조,맑음,단일로 - 기타,승용,여,58세,상해없음,보행자,남,34세,경상
2022092300100185,2022년 9월 23일 10시,금요일,대전광역시 중구 오류동,경상사고,0,0,1,0,차대차 - 측면충돌,안전운전불이행,건조,맑음,기타 - 기타,승용,남,33세,상해없음,개인형이동수단(PM),여,31세,경상
2022092300100186,2022년 9월 23일 10시,금요일,대전광역시 동구 가양동,경상사고,0,0,3,0,차대차 - 측면충돌,안전운전불이행,건조,맑음,교차로 - 교차로안,개인형이동수단(PM),남,20세 이하,상해없음,승용,여,42세,경상
2022092300100187,2022년 9월 23일 10시,금요일,대전광역시 동구 가양동,중상사고,0,1,0,0,차대사람 - 횡단중,보행자보호의무위반,건조,맑음,교차로 - 교차로횡단보도내,승용,남,66세,상해없음,보행자,남,81세 이상,중상
2022092300100220,2022년 9월 23일 11시,금요일,대전광역시 서구 변동,중상사고,0,1,0,0,차대사람 - 차도통행중,안전운전불이행,건조,맑음,단일로 - 기타,이륜,남,33세,상해없음,보행자,여,74세,중상
2022092300100221,2022년 9월 23일 11시,금요일,대전광역시 서구 변동,경상사고,0,0,1,0,차대사람 - 기타,안전운전불이행,건조,맑음,기타 - 기타,화물,남,31세,상해없음,보행자,남,64세,경상
2022092300100254,2022년 9월 23일 12시,금요일,대전광역시 대덕구 덕암동,경상사고,0,0,1,0,차대차 - 기타,안전운전불이행,건조,맑음,단일로 - 기타,특수,남,40세,상해없음,승용,남,30세,경상
2022092300100340,2022년 9월 23일 14시,금요일,대전광역시 서구 둔산동,경상사고,0,0,1,0,차대차 - 기타,안전운전불이행,건조,맑음,교차로 - 교차로횡단보도내,기타불명,기타불명,미분류,기타불명,자전거,여,66세,경상
2022092300100423,2022년 9월 23일 16시,금요일,대전광역시 중구 유천동,경상사고,0,0,1,0,차대차 - 기타,신호위반,건조,맑음,단일로 - 기타,원동기,남,61세,상해없음,승용,여,53세,경상
2022092300100424,2022년 9월 23일 16시,금요일,대전광역시 대덕구 중리동,경상사고,0,0,1,0,차대사람 - 차도통행중,안전운전불이행,건조,맑음,교차로 - 교차로안,승용,여,20세 이하,기타불명,보행자,여,77세,경상
2022092300100471,2022년 9월 23일 17시,금요일,대전광역시 서구 괴정동,경상사고,0,0,1,0,차대차 - 측면충돌,안전운전불이행,건조,맑음,기타 - 기타,화물,남,66세,상해없음,개인형이동수단(PM),남,35세,경상
2022092300100472,2022년 9월 23일 17시,금요일,대전광역시 서구 둔산동,중상사고,0,4,1,0,차대차 - 측면충돌,안전운전불이행,건조,맑음,교차로 - 교차로안,승용,여,72세,중상,승용,남,32세,중상
2022092300100523,2022년 9월 23일 18시,금요일,대전광역시 서구 둔산동,경상사고,0,0,2,0,차대차 - 기타,안전운전불이행,건조,맑음,단일로 - 기타,승용,남,43세,상해없음,승용,남,42세,경상
2022092300100524,2022년 9월 23일 18시,금요일,대전광역시 유성구 구성동,경상사고,0,0,1,0,차대차 - 기타,안전운전불이행,건조,맑음,기타 - 기타,원동기,남,26세,상해없음,개인형이동수단(PM),여,27세,경상
2022092400100032,2022년 9월 24일 02시,토요일,대전광역시 유성구 대정동,중상사고,0,1,1,0,차대차 - 추돌,안전운전불이행,건조,맑음,교차로 - 교차로부근,승용,남,41세,상해없음,화물,남,54세,경상
2022092400100048,2022년 9월 24일 04시,토요일,대전광역시 서구 둔산동,경상사고,0,0,1,0,차대사람 - 기타,안전운전불이행,건조,맑음,단일로 - 기타,승용,남,68세,상해없음,보행자,여,21세,경상
2022092400100053,2022년 9월 24일 05시,토요일,대전광역시 서구 정림동,경상사고,0,0,2,0,차대차 - 추돌,안전운전불이행,건조,맑음,교차로 - 교차로부근,승용,남,62세,경상,승합,남,74세,경상
2022092400100054,2022년 9월 24일 05시,토요일,대전광역시 서구 둔산동,경상사고,0,0,1,0,차대차 - 기타,안전운전불이행,건조,맑음,교차로 - 교차로안,승용,남,25세,상해없음,승용,남,61세,경상
2022092400100055,2022년 9월 24일 05시,토요일,대전광역시 서구 둔산동,중상사고,0,1,1,0,차대사람 - 기타,안전운전불이행,건조,맑음,단일로 - 기타,승용,남,25세,상해없음,보행자,여,20세,경상
2022092400100128,2022년 9월 24일 09시,토요일,대전광역시 대덕구 상서동,경상사고,0,0,1,0,차대차 - 측면충돌,안전운전불이행,건조,맑음,교차로 - 교차로부근,특수,남,56세,상해없음,승용,남,57세,경상
2022092400100160,2022년 9월 24일 10시,토요일,대전광역시 대덕구 오정동,중상사고,0,1,0,0,차대사람 - 횡단중,보행자보호의무위반,건조,맑음,교차로 - 교차로부근,이륜,남,32세,상해없음,보행자,여,81세 이상,중상
2022092400100216,2022년 9월 24일 11시,토요일,대전광역시 동구 자양동,경상사고,0,0,1,0,차대차 - 기타,안전운전불이행,건조,맑음,교차로 - 교차로안,승용,남,34세,상해없음,이륜,남,61세,경상
2022092400100217,2022년 9월 24일 11시,토요일,대전광역시 유성구 도룡동,경상사고,0,0,1,0,차대차 - 기타,중앙선침범,건조,맑음,단일로 - 기타,승용,여,28세,상해없음,승용,여,25세,경상
2022092400100218,2022년 9월 24일 11시,토요일,대전광역시 유성구 구성동,중상사고,0,1,1,0,차대차 - 기타,안전운전불이행,건조,맑음,기타 - 기타,자전거,남,50세,경상,자전거,남,68세,중상
2022092400100259,2022년 9월 24일 12시,토요일,대전광역시 유성구 봉명동,경상사고,0,0,2,0,차대차 - 기타,안전운전불이행,건조,맑음,단일로 - 기타,승용,남,63세,기타불명,승용,남,33세,경상
2022092400100316,2022년 9월 24일 13시,토요일,대전광역시 중구 안영동,경상사고,0,0,1,0,차대차 - 기타,안전거리미확보,건조,맑음,단일로 - 기타,승용,남,28세,상해없음,승용,여,63세,경상
2022092400100317,2022년 9월 24일 13시,토요일,대전광역시 서구 정림동,중상사고,0,1,0,0,차대사람 - 기타,기타,건조,맑음,기타 - 기타,승용,남,38세,상해없음,보행자,남,81세 이상,중상
2022092400100318,2022년 9월 24일 13시,토요일,대전광역시 대덕구 신대동,경상사고,0,0,1,0,차대차 - 추돌,안전거리미확보,건조,맑음,단일로 - 기타,승용,남,25세,상해없음,승용,여,66세,경상
2022092400100319,2022년 9월 24일 13시,토요일,대전광역시 대덕구 신대동,경상사고,0,0,2,0,차대차 - 추돌,신호위반,건조,맑음,단일로 - 기타,승용,여,53세,경상,승용,남,27세,경상
2022092400100320,2022년 9월 24일 13시,토요일,대전광역시 서구 둔산동,경상사고,0,0,2,0,차대차 - 추돌,안전운전불이행,건조,맑음,교차로 - 교차로안,이륜,남,33세,상해없음,승용,여,40세,경상
2022092400100479,2022년 9월 24일 17시,토요일,대전광역시 유성구 봉명동,부상신고사고,0,0,0,1,차대사람 - 기타,안전운전불이행,건조,맑음,기타 - 기타,승용,여,29세,상해없음,보행자,남,21세,부상신고
2022092400100480,2022년 9월 24일 17시,토요일,대전광역시 유성구 궁동,경상사고,0,0,1,0,차대차 - 기타,안전운전불이행,건조,맑음,단일로 - 기타,승용,여,58세,상해없음,이륜,남,33세,경상
2022092400100523,2022년 9월 24일 18시,토요일,대전광역시 서구 내동,경상사고,0,0,1,0,차대사람 - 횡단중,신호위반,건조,맑음,교차로 - 교차로횡단보도내,승용,여,59세,상해없음,보행자,여,61세,경상
2022092400100562,2022년 9월 24일 19시,토요일,대전광역시 중구 유천동,중상사고,0,1,0,0,차대차 - 측면충돌,중앙선침범,건조,맑음,교차로 - 교차로횡단보도내,자전거,남,76세,중상,승용,여,42세,상해없음
2022092400100563,2022년 9월 24일 19시,토요일,대전광역시 유성구 장대동,경상사고,0,0,1,0,차대차 - 기타,안전거리미확보,건조,맑음,교차로 - 교차로부근,승용,여,51세,상해없음,승용,여,52세,경상
2022092400100623,2022년 9월 24일 22시,토요일,대전광역시 대덕구 오정동,경상사고,0,0,1,0,차대차 - 기타,교차로운행방법위반,건조,맑음,교차로 - 교차로안,승용,여,24세,상해없음,승용,남,43세,경상
2022092500100038,2022년 9월 25일 02시,일요일,대전광역시 동구 용전동,중상사고,0,1,1,0,차대차 - 측면충돌,신호위반,건조,맑음,교차로 - 교차로부근,승용,남,52세,상해없음,승용,남,47세,중상
2022092500100052,2022년 9월 25일 05시,일요일,대전광역시 서구 괴정동,경상사고,0,0,1,0,차대차 - 추돌,안전거리미확보,건조,맑음,단일로 - 기타,승용,여,28세,상해없음,승용,남,35세,경상
2022092500100053,2022년 9월 25일 05시,일요일,대전광역시 서구 갈마동,경상사고,0,0,1,0,차대차 - 추돌,안전운전불이행,건조,맑음,교차로 - 교차로부근,승용,남,29세,기타불명,승용,남,48세,경상
2022092500100122,2022년 9월 25일 10시,일요일,대전광역시 동구 중동,경상사고,0,0,2,0,차대차 - 기타,교차로운행방법위반,건조,맑음,교차로 - 교차로안,승용,남,66세,상해없음,승용,남,43세,경상
2022092500100123,2022년 9월 25일 10시,일요일,대전광역시 동구 마산동,경상사고,0,0,2,0,차대차 - 측면충돌,안전운전불이행,건조,맑음,단일로 - 기타,승합,남,61세,상해없음,이륜,남,69세,경상
2022092500100124,2022년 9월 25일 10시,일요일,대전광역시 대덕구 법동,중상사고,0,1,0,0,차대사람 - 차도통행중,안전운전불이행,건조,맑음,교차로 - 교차로부근,승용,남,77세,상해없음,보행자,여,80세,중상
2022092500100171,2022년 9월 25일 12시,일요일,대전광역시 중구 부사동,중상사고,0,1,0,0,차량단독 - 기타,안전운전불이행,건조,맑음,단일로 - 기타,승합,남,56세,상해없음,,,,
2022092500100172,2022년 9월 25일 12시,일요일,대전광역시 유성구 장대동,경상사고,0,0,4,0,차대차 - 측면충돌,안전운전불이행,건조,맑음,단일로 - 기타,승용,남,39세,경상,승용,남,43세,경상
2022092500100202,2022년 9월 25일 13시,일요일,대전광역시 중구 문화동,경상사고,0,0,2,0,차대차 - 기타,중앙선침범,건조,맑음,교차로 - 교차로부근,승용,남,38세,상해없음,승용,남,46세,경상
2022092500100203,2022년 9월 25일 13시,일요일,대전광역시 대덕구 중리동,경상사고,0,0,1,0,차대차 - 측면충돌,교차로운행방법위반,건조,맑음,교차로 - 교차로안,승용,남,81세 이상,상해없음,승용,여,43세,경상
2022092500100204,2022년 9월 25일 13시,일요일,대전광역시 서구 갈마동,경상사고,0,0,3,0,차대차 - 기타,안전운전불이행,건조,맑음,단일로 - 기타,승용,남,81세 이상,상해없음,승용,여,23세,경상
2022092500100227,2022년 9월 25일 14시,일요일,대전광역시 유성구 덕명동,경상사고,0,0,1,0,차대차 - 측면충돌,안전운전불이행,건조,맑음,교차로 - 교차로안,이륜,남,26세,기타불명,승용,여,30세,경상
2022092500100312,2022년 9월 25일 17시,일요일,대전광역시 서구 탄방동,경상사고,0,0,1,0,차량단독 - 기타,안전운전불이행,건조,맑음,교차로 - 교차로안,승용,남,64세,상해없음,,,,
2022092500100355,2022년 9월 25일 18시,일요일,대전광역시 서구 괴정동,경상사고,0,0,1,0,차대차 - 기타,안전운전불이행,건조,맑음,교차로 - 교차로안,승용,남,32세,상해없음,자전거,남,59세,경상
2022092500100395,2022년 9월 25일 19시,일요일,대전광역시 서구 관저동,경상사고,0,0,1,0,차대차 - 기타,안전거리미확보,건조,맑음,교차로 - 교차로횡단보도내,승용,남,66세,상해없음,이륜,남,22세,경상
2022092500100396,2022년 9월 25일 19시,일요일,대전광역시 서구 월평동,경상사고,0,0,1,0,차대차 - 기타,신호위반,건조,맑음,교차로 - 교차로안,이륜,남,25세,상해없음,이륜,남,57세,경상
2022092600100015,2022년 9월 26일 02시,월요일,대전광역시 유성구 봉명동,경상사고,0,0,1,0,차대차 - 기타,안전운전불이행,건조,맑음,교차로 - 교차로부근,기타불명,기타불명,미분류,기타불명,승용,남,60세,상해없음