사고번호,사고일시,요일,시군구,사고내용,사망자수,중상자수,경상자수,부상신고자수,사고유형,법규위반,노면상태,기상상태,도로형태,가해운전자 차종,가해운전자 성별,가해운전자 연령,가해운전자 상해정도,피해운전자 차종,피해운전자 성별,피해운전자 연령,피해운전자 상해정도
2022100100100318,2022년 10월 1일 13시,토요일,대전광역시 서구 만년동,경상사고,0,0,1,0,차대차 - 후진중충돌,안전운전불이행,건조,맑음,교차로 - 교차로안,승용,남,59세,상해없음,승용,남,37세,경상
2022100100100319,2022년 10월 1일 13시,토요일,대전광역시 서구 둔산동,경상사고,0,0,2,0,차대차 - 측면충돌,안전거리미확보,건조,맑음,단일로 - 기타,승용,남,30세,기타불명,승용,여,54세,경상
2022100100100320,2022년 10월 1일 13시,토요일,대전광역시 유성구 구성동,중상사고,0,3,0,0,차대차 - 기타,안전운전불이행,건조,맑음,교차로 - 교차로안,승용,남,38세,상해없음,승용,남,62세,중상
2022100100100354,2022년 10월 1일 14시,토요일,대전광역시 동구 용운동,중상사고,0,1,0,0,차대차 - 추돌,안전운전불이행,건조,맑음,교차로 - 교차로안,승용,남,66세,상해없음,원동기,남,22세,중상
2022100100100356,2022년 10월 1일 14시,토요일,대전광역시 유성구 노은동,경상사고,0,0,1,1,차대차 - 기타,안전거리미확보,건조,맑음,교차로 - 교차로부근,승용,여,43세,상해없음,승용,남,51세,경상
2022100100100391,2022년 10월 1일 15시,토요일,대전광역시 중구 대흥동,경상사고,0,0,1,0,차대차 - 기타,신호위반,건조,맑음,교차로 - 교차로안,승용,여,29세,상해없음,승용,남,37세,경상
2022100100100428,2022년 10월 1일 16시,토요일,대전광역시 유성구 가정동,경상사고,0,0,2,0,차대차 - 기타,안전운전불이행,건조,맑음,교차로 - 교차로부근,승용,남,58세,상해없음,승용,남,66세,경상
2022100100100464,2022년 10월 1일 17시,토요일,대전광역시 서구 월평동,경상사고,0,0,1,0,차대사람 - 기타,안전운전불이행,건조,맑음,단일로 - 기타,화물,남,55세,상해없음,보행자,남,67세,경상
2022100100100465,2022년 10월 1일 17시,토요일,대전광역시 서구 월평동,경상사고,0,0,2,1,차대차 - 기타,안전운전불이행,건조,맑음,교차로 - 교차로횡단보도내,승용,남,45세,상해없음,승용,남,35세,경상
2022100100100508,2022년 10월 1일 18시,토요일,대전광역시 중구 석교동,부상신고사고,0,0,0,1,차대차 - 기타,신호위반,건조,맑음,교차로 - 교차로안,원동기,남,67세,부상신고,승용,남,38세,상해없음
2022100100100509,2022년 10월 1일 18시,토요일,대전광역시 서구 가수원동,경상사고,0,0,1,0,차대차 - 측면충돌,안전거리미확보,건조,맑음,단일로 - 기타,승용,여,51세,상해없음,원동기,남,19세,경상
2022100100100510,2022년 10월 1일 18시,토요일,대전광역시 대덕구 중리동,경상사고,0,0,1,0,차대차 - 기타,안전운전불이행,건조,흐림,단일로 - 기타,이륜,남,20세 이하,기타불명,승용,남,71세,경상
2022100100100511,2022년 10월 1일 18시,토요일,대전광역시 유성구 용계동,중상사고,0,1,1,0,차대차 - 기타,안전운전불이행,건조,맑음,교차로 - 교차로부근,승용,여,47세,상해없음,승용,남,33세,경상
2022100100100564,2022년 10월 1일 19시,토요일,대전광역시 중구 석교동,경상사고,0,0,1,0,차대차 - 기타,안전운전불이행,건조,맑음,단일로 - 기타,승용,여,55세,상해없음,이륜,여,31세,경상
2022100100100565,2022년 10월 1일 19시,토요일,대전광역시 서구 괴정동,중상사고,0,1,0,0,차대사람 - 횡단중,안전운전불이행,건조,맑음,교차로 - 교차로안,이륜,여,56세,상해없음,보행자,남,81세 이상,중상
2022100100100566,2022년 10월 1일 19시,토요일,대전광역시 대덕구 읍내동,경상사고,0,0,1,0,차대차 - 기타,신호위반,건조,맑음,교차로 - 교차로안,이륜,남,21세,상해없음,이륜,남,58세,경상
2022100100100567,2022년 10월 1일 19시,토요일,대전광역시 서구 갈마동,경상사고,0,0,1,0,차대차 - 측면충돌,안전운전불이행,건조,흐림,단일로 - 기타,승용,남,54세,상해없음,이륜,남,49세,경상
2022100100100568,2022년 10월 1일 19시,토요일,대전광역시 유성구 송강동,중상사고,0,1,0,0,차대차 - 기타,신호위반,건조,맑음,교차로 - 교차로안,승용,남,61세,상해없음,원동기,남,56세,중상
2022100100100629,2022년 10월 1일 21시,토요일,대전광역시 서구 변동,경상사고,0,0,1,0,차대사람 - 기타,기타,건조,맑음,기타 - 기타,승합,남,60세,상해없음,보행자,남,36세,경상
2022100100100630,2022년 10월 1일 21시,토요일,대전광역시 서구 가수원동,경상사고,0,0,1,0,차대차 - 기타,안전운전불이행,건조,맑음,단일로 - 기타,승용,남,30세,상해없음,이륜,남,17세,경상
2022100100100671,2022년 10월 1일 23시,토요일,대전광역시 서구 도마동,경상사고,0,0,2,0,차대차 - 기타,안전운전불이행,건조,맑음,단일로 - 기타,승용,남,40세,상해없음,승용,남,26세,경상
2022100200100012,2022년 10월 2일 00시,일요일,대전광역시 동구 중동,경상사고,0,0,2,0,차대사람 - 보도통행중,기타,건조,맑음,기타 - 기타,개인형이동수단(PM),남,20세 이하,기타불명,보행자,남,59세,경상
2022100200100013,2022년 10월 2일 00시,일요일,대전광역시 유성구 구암동,경상사고,0,0,1,1,차대차 - 기타,기타,건조,맑음,교차로 - 교차로안,승용,남,33세,경상,이륜,남,36세,부상신고
2022100200100030,2022년 10월 2일 01시,일요일,대전광역시 서구 둔산동,경상사고,0,0,2,0,차대사람 - 기타,안전운전불이행,건조,맑음,단일로 - 기타,승용,여,45세,상해없음,보행자,여,27세,경상
2022100200100061,2022년 10월 2일 06시,일요일,대전광역시 동구 가양동,중상사고,0,1,0,0,차대차 - 기타,안전운전불이행,건조,맑음,단일로 - 기타,승용,남,45세,상해없음,개인형이동수단(PM),여,54세,중상
2022100200100066,2022년 10월 2일 07시,일요일,대전광역시 중구 유천동,경상사고,0,0,1,0,차량단독 - 기타,안전운전불이행,건조,맑음,교차로 - 교차로부근,승용,남,68세,상해없음,,,,
2022100200100089,2022년 10월 2일 09시,일요일,대전광역시 중구 산성동,경상사고,0,0,3,0,차대차 - 기타,신호위반,건조,맑음,교차로 - 교차로안,승용,남,27세,상해없음,승용,여,45세,경상
2022100200100156,2022년 10월 2일 12시,일요일,대전광역시 중구 대사동,경상사고,0,0,1,0,차대사람 - 기타,안전운전불이행,건조,맑음,단일로 - 기타,자전거,남,67세,상해없음,보행자,남,65세,경상
2022100200100157,2022년 10월 2일 12시,일요일,대전광역시 대덕구 신대동,경상사고,0,0,1,0,차대차 - 기타,안전거리미확보,건조,맑음,단일로 - 기타,승용,남,64세,기타불명,승용,남,71세,경상
2022100200100177,2022년 10월 2일 13시,일요일,대전광역시 서구 관저동,중상사고,0,1,0,0,차대차 - 정면충돌,안전운전불이행,건조,맑음,교차로 - 교차로안,승용,남,41세,상해없음,이륜,남,35세,중상
2022100200100210,2022년 10월 2일 14시,일요일,대전광역시 유성구 봉명동,경상사고,0,0,1,0,차대차 - 기타,신호위반,건조,맑음,교차로 - 교차로부근,특수,남,20세 이하,상해없음,승합,남,40세,경상
2022100200100234,2022년 10월 2일 15시,일요일,대전광역시 동구 중동,경상사고,0,0,4,0,차대차 - 측면충돌,신호위반,건조,맑음,교차로 - 교차로안,승용,남,46세,경상,승용,남,45세,경상
2022100200100235,2022년 10월 2일 15시,일요일,대전광역시 유성구 장대동,경상사고,0,0,2,0,차대차 - 기타,안전운전불이행,건조,맑음,교차로 - 교차로안,승용,남,48세,상해없음,승용,여,40세,경상
2022100200100268,2022년 10월 2일 16시,일요일,대전광역시 중구 안영동,경상사고,0,0,10,0,차대차 - 기타,안전운전불이행,건조,맑음,단일로 - 기타,승용,남,77세,경상,승용,여,60세,경상
2022100200100299,2022년 10월 2일 17시,일요일,대전광역시 유성구 봉명동,경상사고,0,0,2,0,차대차 - 추돌,안전거리미확보,건조,맑음,교차로 - 교차로안,승용,남,51세,상해없음,승용,여,45세,경상
2022100200100330,2022년 10월 2일 18시,일요일,대전광역시 서구 월평동,경상사고,0,0,1,0,차대차 - 측면충돌,안전운전불이행,건조,맑음,교차로 - 교차로부근,승용,남,34세,상해없음,이륜,남,26세,경상
2022100200100331,2022년 10월 2일 18시,일요일,대전광역시 유성구 덕명동,경상사고,0,0,1,0,차량단독 - 기타,기타,건조,맑음,단일로 - 기타,승합,남,56세,상해없음,,,,
2022100200100361,2022년 10월 2일 19시,일요일,대전광역시 서구 둔산동,경상사고,0,0,1,0,차대사람 - 기타,안전운전불이행,건조,맑음,기타 - 기타,승용,남,28세,상해없음,보행자,남,22세,경상
2022100200100427,2022년 10월 2일 21시,일요일,대전광역시 서구 탄방동,중상사고,0,1,1,0,차대차 - 측면충돌,신호위반,젖음/습기,비,교차로 - 교차로안,승용,남,33세,상해없음,승용,남,53세,경상
2022100200100451,2022년 10월 2일 22시,일요일,대전광역시 서구 탄방동,중상사고,0,1,2,0,차대차 - 측면충돌,신호위반,젖음/습기,흐림,단일로 - 기타,이륜,남,53세,중상,승용,남,23세,경상
2022100200100453,2022년 10월 2일 22시,일요일,대전광역시 유성구 도룡동,경상사고,0,0,2,0,차대차 - 기타,안전운전불이행,젖음/습기,흐림,교차로 - 교차로안,승용,남,60세,상해없음,승용,남,28세,경상
2022100200100469,2022년 10월 2일 23시,일요일,대전광역시 서구 둔산동,경상사고,0,0,1,0,차대사람 - 길가장자리구역통행중,안전운전불이행,건조,맑음,단일로 - 기타,승용,남,21세,상해없음,보행자,여,29세,경상
2022100300100015,2022년 10월 3일 00시,월요일,대전광역시 서구 둔산동,경상사고,0,0,1,0,차대사람 - 길가장자리구역통행중,안전운전불이행,건조,맑음,단일로 - 기타,승용,남,29세,상해없음,보행자,남,39세,경상
2022100300100016,2022년 10월 3일 00시,월요일,대전광역시 유성구 봉명동,경상사고,0,0,1,0,차대차 - 기타,신호위반,건조,맑음,단일로 - 기타,승용,남,28세,상해없음,이륜,남,30세,경상
2022100300100037,2022년 10월 3일 02시,월요일,대전광역시 대덕구 신탄진동,경상사고,0,0,2,0,차대차 - 기타,신호위반,젖음/습기,비,교차로 - 교차로안,이륜,남,20세 이하,경상,승용,여,30세,경상
2022100300100132,2022년 10월 3일 10시,월요일,대전광역시 대덕구 법동,경상사고,0,0,1,0,차대사람 - 횡단중,안전운전불이행,건조,맑음,단일로 - 기타,화물,남,65세,상해없음,보행자,남,74세,경상
2022100300100154,2022년 10월 3일 11시,월요일,대전광역시 유성구 학하동,경상사고,0,0,1,0,차대차 - 측면충돌,안전운전불이행,건조,흐림,교차로 - 교차로안,화물,남,72세,상해없음,화물,남,41세,경상
2022100300100210,2022년 10월 3일 13시,월요일,대전광역시 동구 판암동,경상사고,0,0,2,0,차대차 - 측면충돌,안전거리미확보,건조,맑음,단일로 - 기타,승용,남,65세,상해없음,승용,남,50세,경상
2022100300100211,2022년 10월 3일 13시,월요일,대전광역시 유성구 궁동,중상사고,0,1,0,0,차대차 - 측면충돌,불법유턴,건조,맑음,단일로 - 기타,승용,남,32세,상해없음,이륜,남,23세,중상
2022100300100303,2022년 10월 3일 16시,월요일,대전광역시 서구 관저동,경상사고,0,0,4,0,차대차 - 추돌,안전거리미확보,건조,맑음,단일로 - 기타,승용,남,29세,상해없음,승용,남,67세,경상
2022100300100362,2022년 10월 3일 18시,월요일,대전광역시 동구 대동,경상사고,0,0,1,0,차대차 - 측면충돌,안전운전불이행,건조,맑음,교차로 - 교차로안,승용,남,41세,상해없음,이륜,남,19세,경상
2022100300100363,2022년 10월 3일 18시,월요일,대전광역시 대덕구 송촌동,경상사고,0,0,1,0,차대차 - 기타,안전운전불이행,건조,맑음,단일로 - 기타,승용,여,40세,상해없음,승용,여,54세,경상
2022100300100364,2022년 10월 3일 18시,월요일,대전광역시 서구 갈마동,경상사고,0,0,1,0,차대차 - 기타,안전운전불이행,건조,맑음,단일로 - 기타,승용,여,63세,기타불명,이륜,남,39세,경상
2022100300100422,2022년 10월 3일 20시,월요일,대전광역시 서구 복수동,중상사고,0,1,0,0,차대차 - 측면충돌,안전운전불이행,건조,맑음,교차로 - 교차로안,승용,남,80세,상해없음,이륜,남,30세,중상
2022100300100444,2022년 10월 3일 21시,월요일,대전광역시 서구 복수동,경상사고,0,0,1,0,차대차 - 기타,안전운전불이행,젖음/습기,비,단일로 - 기타,이륜,남,31세,경상,승용,남,36세,기타불명
2022100300100445,2022년 10월 3일 21시,월요일,대전광역시 유성구 장대동,경상사고,0,0,1,0,차대차 - 기타,안전운전불이행,젖음/습기,비,교차로 - 교차로부근,승용,남,65세,상해없음,승용,남,40세,경상
2022100300100470,2022년 10월 3일 22시,월요일,대전광역시 중구 용두동,경상사고,0,0,1,0,차대차 - 추돌,안전거리미확보,건조,맑음,단일로 - 기타,승용,남,22세,상해없음,승용,남,32세,경상
2022100300100471,2022년 10월 3일 22시,월요일,대전광역시 동구 대동,경상사고,0,0,1,0,차대사람 - 횡단중,신호위반,젖음/습기,비,교차로 - 교차로횡단보도내,승용,여,25세,상해없음,보행자,여,21세,경상
2022100300100472,2022년 10월 3일 22시,월요일,대전광역시 동구 용전동,경상사고,0,0,1,0,차대차 - 정면충돌,직진우회전진행방해,젖음/습기,비,교차로 - 교차로안,승용,남,34세,상해없음,승용,남,66세,상해없음
2022100300100473,2022년 10월 3일 22시,월요일,대전광역시 대덕구 읍내동,경상사고,0,0,1,0,차대차 - 추돌,안전운전불이행,젖음/습기,비,교차로 - 교차로부근,승용,남,57세,상해없음,이륜,남,39세,경상
2022100300100474,2022년 10월 3일 22시,월요일,대전광역시 서구 월평동,중상사고,0,1,0,0,차대사람 - 횡단중,안전운전불이행,젖음/습기,비,교차로 - 교차로횡단보도내,승용,남,25세,상해없음,보행자,남,65세,중상
2022100300100494,2022년 10월 3일 23시,월요일,대전광역시 서구 관저동,경상사고,0,0,2,0,차대차 - 측면충돌,신호위반,젖음/습기,비,교차로 - 교차로부근,승용,남,71세,상해없음,승용,여,25세,경상
2022100300100495,2022년 10월 3일 23시,월요일,대전광역시 서구 관저동,경상사고,0,0,2,0,차대차 - 추돌,안전운전불이행,젖음/습기,비,교차로 - 교차로안,승용,여,39세,기타불명,승용,여,56세,경상
2022100400100021,2022년 10월 4일 02시,화요일,대전광역시 동구 용전동,경상사고,0,0,2,0,차대차 - 추돌,안전운전불이행,젖음/습기,비,단일로 - 기타,승용,남,63세,기타불명,승용,남,61세,상해없음
2022100400100022,2022년 10월 4일 02시,화요일,대전광역시 서구 둔산동,경상사고,0,0,1,0,차대사람 - 기타,안전운전불이행,건조,맑음,기타 - 기타,승용,남,49세,상해없음,보행자,남,47세,경상
2022100400100039,2022년 10월 4일 05시,화요일,대전광역시 대덕구 오정동,경상사고,0,0,1,0,차대차 - 측면충돌,신호위반,젖음/습기,비,교차로 - 교차로안,화물,남,54세,상해없음,승합,남,66세,경상
2022100400100052,2022년 10월 4일 06시,화요일,대전광역시 서구 월평동,경상사고,0,0,1,0,차대차 - 기타,안전운전불이행,젖음/습기,비,단일로 - 기타,승용,남,25세,상해없음,승용,여,65세,경상
2022100400100101,2022년 10월 4일 08시,화요일,대전광역시 대덕구 상서동,경상사고,0,0,2,0,차대차 - 측면충돌,교차로운행방법위반,건조,맑음,교차로 - 교차로안,승용,남,48세,경상,승용,남,26세,경상
2022100400100102,2022년 10월 4일 08시,화요일,대전광역시 서구 갈마동,경상사고,0,0,1,0,차대차 - 기타,안전거리미확보,건조,맑음,교차로 - 교차로안,승용,남,28세,상해없음,승용,남,52세,경상
2022100400100103,2022년 10월 4일 08시,화요일,대전광역시 유성구 반석동,경상사고,0,0,1,0,차대차 - 기타,안전운전불이행,젖음/습기,흐림,교차로 - 교차로안,승용,여,42세,상해없음,승용,여,43세,경상
2022100400100137,2022년 10월 4일 09시,화요일,대전광역시 대덕구 석봉동,경상사고,0,0,1,0,차대차 - 측면충돌,기타,건조,맑음,단일로 - 기타,승용,남,54세,상해없음,승용,남,51세,경상
2022100400100138,2022년 10월 4일 09시,화요일,대전광역시 유성구 원촌동,경상사고,0,0,4,0,차대차 - 측면충돌,안전운전불이행,젖음/습기,비,단일로 - 기타,승용,여,63세,기타불명,승용,남,25세,경상
2022100400100168,2022년 10월 4일 10시,화요일,대전광역시 동구 삼성동,경상사고,0,0,1,0,차대사람 - 횡단중,보행자보호의무위반,젖음/습기,비,교차로 - 교차로횡단보도내,승용,여,42세,기타불명,보행자,남,66세,경상
2022100400100344,2022년 10월 4일 15시,화요일,대전광역시 유성구 상대동,경상사고,0,0,1,0,차대차 - 기타,안전운전불이행,건조,맑음,교차로 - 교차로횡단보도내,승용,남,71세,상해없음,자전거,남,12세 이하,경상
2022100400100408,2022년 10월 4일 17시,화요일,대전광역시 유성구 봉명동,경상사고,0,0,2,0,차대차 - 추돌,안전운전불이행,건조,맑음,교차로 - 교차로부근,화물,남,31세,상해없음,승용,여,28세,경상
2022100400100409,2022년 10월 4일 17시,화요일,대전광역시 유성구 탑립동,경상사고,0,0,3,0,차대차 - 측면충돌,교차로운행방법위반,건조,맑음,교차로 - 교차로안,승용,남,65세,경상,승용,남,24세,경상
2022100400100451,2022년 10월 4일 18시,화요일,대전광역시 서구 관저동,경상사고,0,0,1,0,차대사람 - 횡단중,안전운전불이행,건조,맑음,단일로 - 기타,화물,남,57세,상해없음,보행자,여,64세,경상
2022100400100540,2022년 10월 4일 21시,화요일,대전광역시 중구 태평동,경상사고,0,0,1,0,차대차 - 기타,안전운전불이행,건조,맑음,주차장 - 주차장,승용,여,51세,상해없음,승용,남,26세,경상
2022100400100541,2022년 10월 4일 21시,화요일,대전광역시 유성구 노은동,경상사고,0,0,1,0,차대차 - 측면충돌,안전운전불이행,건조,맑음,단일로 - 기타,화물,남,35세,상해없음,승용,남,36세,상해없음
2022100500100020,2022년 10월 5일 01시,수요일,대전광역시 대덕구 신일동,부상신고사고,0,0,0,1,차량단독 - 공작물충돌,안전운전불이행,건조,맑음,단일로 - 기타,승용,남,34세,부상신고,,,,
2022100500100027,2022년 10월 5일 03시,수요일,대전광역시 동구 자양동,경상사고,0,0,1,0,차대차 - 추돌,안전운전불이행,건조,맑음,교차로 - 교차로부근,승용,남,62세,상해없음,화물,남,43세,경상
2022100500100055,2022년 10월 5일 06시,수요일,대전광역시 대덕구 중리동,중상사고,0,1,0,0,차대차 - 측면충돌,안전운전불이행,건조,맑음,단일로 - 기타,승용,남,51세,상해없음,자전거,남,58세,중상
2022100500100078,2022년 10월 5일 07시,수요일,대전광역시 중구 오류동,경상사고,0,0,1,0,차대사람 - 기타,안전운전불이행,건조,맑음,단일로 - 기타,승합,여,52세,상해없음,보행자,여,75세,경상
2022100500100112,2022년 10월 5일 08시,수요일,대전광역시 서구 가수원동,경상사고,0,0,1,0,차대사람 - 기타,안전운전불이행,건조,맑음,단일로 - 고가도로위,화물,남,62세,상해없음,보행자,여,64세,경상
2022100500100113,2022년 10월 5일 08시,수요일,대전광역시 대덕구 송촌동,경상사고,0,0,1,0,차대사람 - 보도통행중,보행자보호의무위반,건조,맑음,단일로 - 기타,승용,여,33세,상해없음,보행자,남,15세,경상
2022100500100114,2022년 10월 5일 08시,수요일,대전광역시 서구 탄방동,경상사고,0,0,1,0,차대사람 - 차도통행중,안전운전불이행,건조,맑음,단일로 - 기타,승용,여,64세,상해없음,보행자,여,23세,경상
2022100500100146,2022년 10월 5일 09시,수요일,대전광역시 서구 월평동,경상사고,0,0,1,0,차대차 - 기타,안전거리미확보,건조,맑음,단일로 - 기타,승용,남,37세,기타불명,승용,남,42세,경상
2022100500100172,2022년 10월 5일 10시,수요일,대전광역시 서구 둔산동,경상사고,0,0,1,0,차대차 - 기타,안전운전불이행,건조,맑음,단일로 - 기타,승용,여,62세,상해없음,승용,남,33세,경상
2022100500100173,2022년 10월 5일 10시,수요일,대전광역시 유성구 노은동,경상사고,0,0,1,0,차대차 - 측면충돌,안전운전불이행,건조,맑음,교차로 - 교차로횡단보도내,승용,남,75세,기타불명,자전거,남,46세,경상
2022100500100266,2022년 10월 5일 13시,수요일,대전광역시 동구 낭월동,경상사고,0,0,1,0,차대차 - 측면충돌,기타,건조,맑음,단일로 - 기타,자전거,남,77세,경상,승용,남,58세,상해없음
2022100500100345,2022년 10월 5일 15시,수요일,대전광역시 대덕구 오정동,경상사고,0,0,1,0,차대사람 - 기타,안전운전불이행,건조,맑음,단일로 - 기타,승용,남,48세,상해없음,보행자,남,49세,경상
2022100500100346,2022년 10월 5일 15시,수요일,대전광역시 유성구 봉명동,경상사고,0,0,1,0,차대차 - 측면충돌,안전운전불이행,건조,맑음,기타 - 기타,자전거,남,66세,경상,승용,여,52세,상해없음
2022100500100383,2022년 10월 5일 16시,수요일,대전광역시 서구 탄방동,경상사고,0,0,1,0,차대사람 - 횡단중,신호위반,건조,맑음,교차로 - 교차로횡단보도내,승용,여,57세,상해없음,보행자,남,18세,경상
2022100500100384,2022년 10월 5일 16시,수요일,대전광역시 서구 둔산동,중상사고,0,1,0,0,차대사람 - 보도통행중,신호위반,건조,맑음,교차로 - 교차로횡단보도내,승용,여,78세,상해없음,보행자,남,12세 이하,중상
2022100500100385,2022년 10월 5일 16시,수요일,대전광역시 유성구 장대동,경상사고,0,0,1,0,차대차 - 기타,안전거리미확보,건조,맑음,기타 - 기타,승합,남,36세,기타불명,승용,남,32세,경상
2022100500100424,2022년 10월 5일 17시,수요일,대전광역시 서구 가수원동,경상사고,0,0,4,0,차대차 - 기타,안전운전불이행,건조,맑음,교차로 - 교차로안,승용,여,45세,상해없음,승용,여,52세,경상
2022100500100425,2022년 10월 5일 17시,수요일,대전광역시 서구 갈마동,경상사고,0,0,2,0,차대차 - 기타,안전운전불이행,건조,맑음,교차로 - 교차로안,원동기,남,46세,경상,승용,남,35세,경상
2022100500100474,2022년 10월 5일 18시,수요일,대전광역시 서구 도안동,경상사고,0,0,2,0,차대차 - 추돌,안전거리미확보,건조,맑음,단일로 - 기타,승용,여,30세,상해없음,승용,남,40세,경상
2022100500100526,2022년 10월 5일 19시,수요일,대전광역시 동구 자양동,중상사고,0,1,2,0,차대차 - 정면충돌,안전운전불이행,건조,맑음,교차로 - 교차로안,이륜,남,25세,중상,승용,남,28세,경상
2022100500100550,2022년 10월 5일 20시,수요일,대전광역시 유성구 문지동,경상사고,0,0,1,0,차대차 - 기타,안전운전불이행,건조,맑음,교차로 - 교차로안,승용,여,42세,기타불명,승용,여,62세,경상
2022100500100551,2022년 10월 5일 20시,수요일,대전광역시 유성구 용산동,경상사고,0,0,1,0,차대차 - 기타,신호위반,건조,맑음,단일로 - 기타,자전거,남,44세,상해없음,승용,남,56세,상해없음
2022100500100591,2022년 10월 5일 22시,수요일,대전광역시 유성구 구암동,경상사고,0,0,1,0,차대차 - 기타,신호위반,건조,맑음,교차로 - 교차로안,승용,여,32세,상해없음,승용,남,26세,경상
2022100600100016,2022년 10월 6일 03시,목요일,대전광역시 중구 선화동,경상사고,0,0,6,0,차대차 - 추돌,안전운전불이행,건조,맑음,교차로 - 교차로부근,승용,남,35세,상해없음,승합,여,61세,경상
2022100600100073,2022년 10월 6일 07시,목요일,대전광역시 중구 유천동,경상사고,0,0,1,0,차대사람 - 길가장자리구역통행중,안전운전불이행,건조,맑음,교차로 - 교차로안,승합,남,64세,상해없음,보행자,여,70세,경상
2022100600100074,2022년 10월 6일 07시,목요일,대전광역시 서구 관저동,중상사고,0,1,0,0,차대차 - 기타,신호위반,건조,맑음,교차로 - 교차로횡단보도내,승용,여,60세,상해없음,자전거,남,49세,중상
2022100600100118,2022년 10월 6일 08시,목요일,대전광역시 동구 삼정동,경상사고,0,0,3,0,차대차 - 추돌,안전운전불이행,건조,맑음,교차로 - 교차로부근,건설기계,남,62세,상해없음,승용,남,62세,경상
2022100600100151,2022년 10월 6일 09시,목요일,대전광역시 동구 가양동,경상사고,0,0,1,0,차대사람 - 횡단중,보행자보호의무위반,건조,맑음,단일로 - 기타,승용,남,69세,상해없음,보행자,여,39세,경상
2022100600100152,2022년 10월 6일 09시,목요일,대전광역시 대덕구 신탄진동,경상사고,0,0,1,0,차대차 - 측면충돌,안전거리미확보,건조,맑음,교차로 - 교차로부근,승용,남,62세,상해없음,승용,남,30세,경상
2022100600100182,2022년 10월 6일 10시,목요일,대전광역시 서구 괴정동,중상사고,0,1,0,0,차대사람 - 기타,안전운전불이행,건조,맑음,단일로 - 기타,특수,남,64세,상해없음,보행자,여,81세 이상,중상
2022100600100216,2022년 10월 6일 11시,목요일,대전광역시 중구 태평동,경상사고,0,0,1,0,차대차 - 측면충돌,교차로운행방법위반,건조,맑음,교차로 - 교차로안,승용,여,57세,상해없음,승용,남,35세,경상
2022100600100217,2022년 10월 6일 11시,목요일,대전광역시 유성구 송정동,경상사고,0,0,1,0,차대차 - 측면충돌,교차로운행방법위반,건조,맑음,교차로 - 교차로안,이륜,남,56세,경상,승용,남,66세,상해없음
2022100600100267,2022년 10월 6일 13시,목요일,대전광역시 대덕구 신일동,경상사고,0,0,2,0,차대차 - 기타,안전운전불이행,건조,맑음,단일로 - 기타,승용,남,23세,상해없음,승용,남,64세,경상
2022100600100268,2022년 10월 6일 13시,목요일,대전광역시 유성구 봉명동,경상사고,0,0,1,0,차대사람 - 기타,안전운전불이행,건조,맑음,교차로 - 교차로안,승용,여,62세,상해없음,보행자,여,63세,경상
2022100600100336,2022년 10월 6일 15시,목요일,대전광역시 동구 용운동,경상사고,0,0,1,0,차대사람 - 기타,안전운전불이행,건조,맑음,단일로 - 기타,이륜,남,44세,상해없음,보행자,남,81세 이상,경상
2022100600100337,2022년 10월 6일 15시,목요일,대전광역시 대덕구 읍내동,경상사고,0,0,1,0,차대차 - 측면충돌,안전운전불이행,건조,맑음,기타 - 기타,승용,여,55세,상해없음,자전거,남,68세,경상
2022100600100412,2022년 10월 6일 17시,목요일,대전광역시 동구 성남동,경상사고,0,0,3,0,차대차 - 후진중충돌,안전운전불이행,건조,맑음,단일로 - 기타,승용,여,49세,상해없음,승용,남,28세,경상
2022100600100463,2022년 10월 6일 18시,목요일,대전광역시 중구 중촌동,경상사고,0,0,1,0,차대차 - 측면충돌,교차로운행방법위반,건조,맑음,교차로 - 교차로횡단보도내,승용,남,40세,상해없음,승용,남,35세,경상
2022100600100464,2022년 10월 6일 18시,목요일,대전광역시 서구 용문동,경상사고,0,0,1,0,차대사람 - 길가장자리구역통행중,안전운전불이행,건조,맑음,단일로 - 기타,승용,여,40세,상해없음,보행자,남,38세,경상
2022100600100465,2022년 10월 6일 18시,목요일,대전광역시 서구 둔산동,경상사고,0,0,1,0,차대사람 - 보도통행중,기타,건조,맑음,기타 - 기타,이륜,남,48세,상해없음,보행자,남,62세,경상
2022100600100466,2022년 10월 6일 18시,목요일,대전광역시 서구 갈마동,경상사고,0,0,3,0,차대차 - 기타,안전거리미확보,건조,맑음,교차로 - 교차로부근,승용,여,20세 이하,상해없음,승합,남,62세,경상
2022100600100467,2022년 10월 6일 18시,목요일,대전광역시 서구 월평동,경상사고,0,0,1,0,차대차 - 측면충돌,안전운전불이행,건조,맑음,단일로 - 기타,승용,남,49세,상해없음,승용,남,61세,경상
2022100600100520,2022년 10월 6일 19시,목요일,대전광역시 서구 둔산동,경상사고,0,0,1,0,차대사람 - 기타,안전운전불이행,건조,맑음,기타 - 기타,자전거,남,21세,상해없음,보행자,여,49세,경상
2022100600100540,2022년 10월 6일 20시,목요일,대전광역시 유성구 상대동,중상사고,0,1,0,0,차대차 - 기타,안전운전불이행,건조,맑음,교차로 - 교차로안,이륜,남,57세,중상,승용,남,40세,상해없음