사고번호,사고일시,요일,시군구,사고내용,사망자수,중상자수,경상자수,부상신고자수,사고유형,법규위반,노면상태,기상상태,도로형태,가해운전자 차종,가해운전자 성별,가해운전자 연령,가해운전자 상해정도,피해운전자 차종,피해운전자 성별,피해운전자 연령,피해운전자 상해정도
2022102400100186,2022년 10월 24일 09시,월요일,대전광역시 대덕구 오정동,사망사고,1,0,0,0,차대차 - 기타,안전운전불이행,건조,맑음,교차로 - 교차로횡단보도내,건설기계,남,65세,상해없음,자전거,여,21세,사망
2022102400100187,2022년 10월 24일 09시,월요일,대전광역시 서구 갈마동,경상사고,0,0,1,0,차대차 - 측면충돌,안전운전불이행,건조,맑음,교차로 - 교차로부근,승용,남,46세,상해없음,승용,남,44세,경상
2022102400100188,2022년 10월 24일 09시,월요일,대전광역시 유성구 봉명동,경상사고,0,0,1,0,차량단독 - 기타,안전운전불이행,건조,맑음,교차로 - 교차로부근,승합,남,60세,상해없음,,,,
2022102400100189,2022년 10월 24일 09시,월요일,대전광역시 유성구 지족동,경상사고,0,0,1,0,차대차 - 측면충돌,안전운전불이행,건조,맑음,단일로 - 기타,특수,남,46세,상해없음,승용,여,33세,경상
2022102400100230,2022년 10월 24일 10시,월요일,대전광역시 서구 갈마동,경상사고,0,0,4,0,차대차 - 기타,안전운전불이행,건조,맑음,단일로 - 기타,승용,남,62세,경상,승용,여,31세,경상
2022102400100306,2022년 10월 24일 12시,월요일,대전광역시 유성구 봉명동,경상사고,0,0,1,0,차대차 - 측면충돌,신호위반,건조,맑음,교차로 - 교차로횡단보도내,승용,여,27세,상해없음,자전거,남,62세,경상
2022102400100307,2022년 10월 24일 12시,월요일,대전광역시 유성구 봉명동,중상사고,0,1,0,0,차량단독 - 기타,안전운전불이행,건조,맑음,기타 - 기타,승합,남,30세,상해없음,,,,
2022102400100340,2022년 10월 24일 13시,월요일,대전광역시 동구 삼성동,중상사고,0,1,1,0,차대차 - 측면충돌,중앙선침범,건조,맑음,교차로 - 교차로부근,화물,남,56세,경상,원동기,남,19세,중상
2022102400100445,2022년 10월 24일 16시,월요일,대전광역시 대덕구 중리동,경상사고,0,0,2,0,차대차 - 기타,교차로운행방법위반,건조,맑음,교차로 - 교차로안,화물,남,28세,상해없음,승용,남,19세,경상
2022102400100485,2022년 10월 24일 17시,월요일,대전광역시 서구 둔산동,경상사고,0,0,2,0,차대차 - 기타,안전운전불이행,건조,맑음,단일로 - 기타,승용,남,55세,경상,승용,남,68세,상해없음
2022102400100551,2022년 10월 24일 18시,월요일,대전광역시 서구 둔산동,경상사고,0,0,1,0,차대차 - 기타,신호위반,건조,맑음,교차로 - 교차로부근,승용,남,35세,상해없음,승용,여,38세,경상
2022102400100552,2022년 10월 24일 18시,월요일,대전광역시 유성구 봉명동,부상신고사고,0,0,0,1,차대차 - 측면충돌,안전운전불이행,건조,맑음,단일로 - 기타,승용,남,26세,상해없음,승용,남,66세,부상신고
2022102400100553,2022년 10월 24일 18시,월요일,대전광역시 유성구 봉산동,경상사고,0,0,1,0,차대사람 - 횡단중,안전운전불이행,건조,맑음,단일로 - 기타,승용,남,44세,상해없음,보행자,남,12세 이하,경상
2022102400100554,2022년 10월 24일 18시,월요일,대전광역시 유성구 노은동,경상사고,0,0,1,0,차대차 - 추돌,안전운전불이행,건조,맑음,교차로 - 교차로부근,화물,남,46세,상해없음,승용,여,41세,경상
2022102400100587,2022년 10월 24일 19시,월요일,대전광역시 서구 월평동,경상사고,0,0,1,0,차대사람 - 횡단중,안전운전불이행,건조,맑음,교차로 - 교차로부근,승용,여,38세,상해없음,보행자,남,59세,경상
2022102500100018,2022년 10월 25일 01시,화요일,대전광역시 중구 선화동,중상사고,0,1,1,0,차대차 - 기타,안전운전불이행,건조,맑음,교차로 - 교차로부근,승용,남,41세,상해없음,이륜,남,55세,중상
2022102500100121,2022년 10월 25일 08시,화요일,대전광역시 서구 만년동,경상사고,0,0,2,0,차량단독 - 기타,기타,건조,맑음,단일로 - 기타,승용,남,72세,기타불명,,,,
2022102500100122,2022년 10월 25일 08시,화요일,대전광역시 유성구 궁동,경상사고,0,0,1,0,차대차 - 기타,안전운전불이행,건조,맑음,단일로 - 기타,승용,남,26세,상해없음,승용,남,42세,상해없음
2022102500100157,2022년 10월 25일 09시,화요일,대전광역시 서구 관저동,경상사고,0,0,1,0,차대차 - 측면충돌,안전운전불이행,건조,맑음,교차로 - 교차로안,승용,남,69세,상해없음,승용,여,48세,경상
2022102500100158,2022년 10월 25일 09시,화요일,대전광역시 유성구 봉명동,경상사고,0,0,1,0,차대차 - 기타,안전운전불이행,건조,맑음,단일로 - 기타,승용,여,44세,상해없음,승용,여,33세,경상
2022102500100222,2022년 10월 25일 11시,화요일,대전광역시 유성구 노은동,경상사고,0,0,1,0,차대차 - 기타,안전운전불이행,건조,맑음,단일로 - 기타,건설기계,남,58세,상해없음,승용,남,54세,경상
2022102500100320,2022년 10월 25일 14시,화요일,대전광역시 중구 대사동,경상사고,0,0,2,0,차대차 - 측면충돌,안전거리미확보,건조,맑음,단일로 - 기타,승용,남,81세 이상,상해없음,승용,남,69세,경상
2022102500100370,2022년 10월 25일 15시,화요일,대전광역시 중구 선화동,경상사고,0,0,2,0,차대차 - 기타,안전운전불이행,건조,맑음,교차로 - 교차로안,승용,남,52세,상해없음,승용,남,43세,상해없음
2022102500100423,2022년 10월 25일 16시,화요일,대전광역시 서구 용문동,경상사고,0,0,2,0,차대차 - 측면충돌,신호위반,건조,맑음,교차로 - 교차로안,화물,남,49세,상해없음,승용,남,40세,경상
2022102500100424,2022년 10월 25일 16시,화요일,대전광역시 대덕구 읍내동,경상사고,0,0,1,0,차대차 - 측면충돌,안전운전불이행,건조,맑음,단일로 - 기타,화물,남,50세,상해없음,승용,남,72세,경상
2022102500100469,2022년 10월 25일 17시,화요일,대전광역시 서구 괴정동,경상사고,0,0,1,0,차대차 - 기타,안전거리미확보,건조,맑음,단일로 - 기타,승합,남,44세,상해없음,승용,여,51세,경상
2022102500100537,2022년 10월 25일 18시,화요일,대전광역시 중구 사정동,중상사고,0,1,0,0,차대사람 - 기타,기타,건조,맑음,단일로 - 기타,개인형이동수단(PM),남,20세 이하,상해없음,보행자,남,75세,중상
2022102500100580,2022년 10월 25일 19시,화요일,대전광역시 중구 용두동,중상사고,0,1,1,0,차대차 - 기타,중앙선침범,건조,맑음,단일로 - 기타,승용,남,65세,상해없음,승용,남,42세,중상
2022102500100582,2022년 10월 25일 19시,화요일,대전광역시 유성구 상대동,중상사고,0,1,0,0,차대사람 - 횡단중,신호위반,건조,맑음,교차로 - 교차로횡단보도내,이륜,남,21세,상해없음,보행자,남,12세 이하,중상
2022102500100639,2022년 10월 25일 21시,화요일,대전광역시 서구 도안동,경상사고,0,0,1,0,차대차 - 기타,교차로운행방법위반,건조,맑음,단일로 - 기타,승용,여,51세,상해없음,이륜,남,31세,경상
2022102500100640,2022년 10월 25일 21시,화요일,대전광역시 서구 월평동,경상사고,0,0,1,0,차대사람 - 기타,안전운전불이행,건조,맑음,단일로 - 기타,자전거,남,44세,기타불명,보행자,남,29세,경상
2022102500100658,2022년 10월 25일 22시,화요일,대전광역시 유성구 도룡동,중상사고,0,1,3,0,차대차 - 기타,신호위반,건조,맑음,교차로 - 교차로안,승용,남,21세,상해없음,승용,남,39세,중상
2022102600100020,2022년 10월 26일 01시,수요일,대전광역시 대덕구 덕암동,사망사고,1,0,0,0,차대차 - 후진중충돌,기타,건조,맑음,단일로 - 기타,특수,남,60세,상해없음,특수,남,58세,사망
2022102600100029,2022년 10월 26일 02시,수요일,대전광역시 대덕구 비래동,경상사고,0,0,1,0,차대차 - 추돌,안전운전불이행,건조,맑음,단일로 - 기타,화물,남,58세,상해없음,승용,남,54세,경상
2022102600100085,2022년 10월 26일 07시,수요일,대전광역시 서구 둔산동,경상사고,0,0,1,0,차대차 - 기타,안전운전불이행,건조,맑음,주차장 - 주차장,승용,남,59세,기타불명,승용,남,47세,경상
2022102600100132,2022년 10월 26일 08시,수요일,대전광역시 서구 변동,중상사고,0,1,0,0,차대차 - 측면충돌,안전운전불이행,건조,맑음,단일로 - 기타,승용,여,32세,상해없음,자전거,남,27세,중상
2022102600100133,2022년 10월 26일 08시,수요일,대전광역시 유성구 방동,경상사고,0,0,3,0,차대차 - 기타,안전거리미확보,건조,맑음,단일로 - 기타,승용,여,44세,상해없음,화물,남,59세,경상
2022102600100175,2022년 10월 26일 09시,수요일,대전광역시 서구 월평동,경상사고,0,0,1,0,차대차 - 기타,안전운전불이행,건조,맑음,단일로 - 기타,건설기계,남,46세,상해없음,승용,남,45세,경상
2022102600100204,2022년 10월 26일 10시,수요일,대전광역시 서구 괴정동,경상사고,0,0,1,0,차대사람 - 기타,안전운전불이행,건조,맑음,단일로 - 기타,승용,여,34세,상해없음,보행자,여,59세,경상
2022102600100222,2022년 10월 26일 11시,수요일,대전광역시 서구 용문동,경상사고,0,0,1,0,차대차 - 기타,신호위반,건조,맑음,교차로 - 교차로안,승용,여,34세,상해없음,이륜,남,24세,경상
2022102600100246,2022년 10월 26일 12시,수요일,대전광역시 동구 용전동,경상사고,0,0,1,0,차대차 - 측면충돌,불법유턴,건조,맑음,교차로 - 교차로부근,승용,남,42세,상해없음,승용,남,54세,경상
2022102600100247,2022년 10월 26일 12시,수요일,대전광역시 서구 도안동,경상사고,0,0,1,0,차대차 - 추돌,안전운전불이행,건조,맑음,교차로 - 교차로부근,승용,여,51세,상해없음,승용,여,45세,경상
2022102600100248,2022년 10월 26일 12시,수요일,대전광역시 유성구 송강동,중상사고,0,1,0,0,차대차 - 기타,신호위반,건조,맑음,교차로 - 교차로부근,승용,남,74세,상해없음,이륜,남,43세,중상
2022102600100343,2022년 10월 26일 15시,수요일,대전광역시 유성구 구암동,경상사고,0,0,2,0,차대차 - 기타,신호위반,건조,맑음,교차로 - 교차로안,승용,남,39세,상해없음,승용,남,40세,경상
2022102600100385,2022년 10월 26일 16시,수요일,대전광역시 서구 관저동,경상사고,0,0,1,0,차대사람 - 차도통행중,신호위반,건조,맑음,교차로 - 교차로횡단보도내,승용,여,37세,기타불명,보행자,남,12세 이하,경상
2022102600100428,2022년 10월 26일 17시,수요일,대전광역시 서구 복수동,경상사고,0,0,1,0,차대차 - 기타,교차로운행방법위반,건조,맑음,교차로 - 교차로부근,승용,남,62세,상해없음,이륜,남,44세,경상
2022102600100491,2022년 10월 26일 18시,수요일,대전광역시 서구 정림동,경상사고,0,0,1,0,차대차 - 측면충돌,안전운전불이행,건조,맑음,기타 - 기타,승용,남,43세,상해없음,자전거,남,56세,경상
2022102600100492,2022년 10월 26일 18시,수요일,대전광역시 서구 둔산동,경상사고,0,0,1,0,차대차 - 측면충돌,안전운전불이행,건조,맑음,교차로 - 교차로안,승용,남,66세,상해없음,승용,남,38세,경상
2022102600100531,2022년 10월 26일 19시,수요일,대전광역시 서구 관저동,경상사고,0,0,1,0,차대차 - 기타,신호위반,건조,맑음,교차로 - 교차로부근,이륜,여,52세,상해없음,승용,여,47세,경상
2022102600100571,2022년 10월 26일 20시,수요일,대전광역시 유성구 원신흥동,경상사고,0,0,1,0,차대차 - 기타,안전거리미확보,건조,맑음,단일로 - 기타,승용,남,20세 이하,상해없음,승용,남,39세,경상
2022102600100592,2022년 10월 26일 21시,수요일,대전광역시 동구 용전동,중상사고,0,1,0,0,차대사람 - 기타,보행자보호의무위반,건조,맑음,교차로 - 교차로횡단보도내,승합,남,27세,상해없음,보행자,여,22세,중상
2022102700100012,2022년 10월 27일 00시,목요일,대전광역시 대덕구 중리동,경상사고,0,0,1,0,차대차 - 기타,교차로운행방법위반,건조,맑음,교차로 - 교차로안,승용,남,46세,상해없음,승용,남,18세,경상
2022102700100042,2022년 10월 27일 05시,목요일,대전광역시 중구 유천동,경상사고,0,0,1,0,차대사람 - 기타,안전운전불이행,건조,맑음,단일로 - 기타,승용,남,47세,상해없음,보행자,남,29세,경상
2022102700100137,2022년 10월 27일 08시,목요일,대전광역시 동구 가양동,경상사고,0,0,1,0,차대차 - 정면충돌,안전운전불이행,건조,맑음,교차로 - 교차로안,화물,남,76세,상해없음,승용,남,37세,경상
2022102700100138,2022년 10월 27일 08시,목요일,대전광역시 유성구 방동,경상사고,0,0,2,0,차대차 - 추돌,안전운전불이행,건조,맑음,교차로 - 교차로부근,건설기계,남,69세,상해없음,화물,남,39세,경상
2022102700100179,2022년 10월 27일 09시,목요일,대전광역시 서구 월평동,중상사고,0,1,0,0,차대차 - 추돌,안전운전불이행,건조,맑음,단일로 - 기타,승용,남,39세,상해없음,승용,여,66세,중상
2022102700100180,2022년 10월 27일 09시,목요일,대전광역시 유성구 하기동,경상사고,0,0,1,0,차대차 - 측면충돌,신호위반,건조,맑음,교차로 - 교차로안,승용,남,67세,상해없음,승용,남,46세,경상
2022102700100215,2022년 10월 27일 10시,목요일,대전광역시 서구 둔산동,경상사고,0,0,1,0,차대사람 - 기타,안전운전불이행,건조,맑음,단일로 - 기타,승용,여,25세,상해없음,보행자,여,22세,경상
2022102700100249,2022년 10월 27일 11시,목요일,대전광역시 동구 용운동,중상사고,0,1,0,0,차대차 - 기타,안전거리미확보,건조,맑음,단일로 - 기타,승용,남,58세,상해없음,이륜,남,41세,중상
2022102700100282,2022년 10월 27일 12시,목요일,대전광역시 동구 자양동,경상사고,0,0,2,0,차대차 - 추돌,안전운전불이행,건조,맑음,교차로 - 교차로부근,승용,남,64세,상해없음,승용,여,36세,경상
2022102700100283,2022년 10월 27일 12시,목요일,대전광역시 동구 성남동,경상사고,0,0,2,0,차대차 - 측면충돌,신호위반,건조,맑음,교차로 - 교차로부근,승용,남,67세,기타불명,승용,남,44세,경상
2022102700100356,2022년 10월 27일 14시,목요일,대전광역시 서구 도안동,경상사고,0,0,1,0,차대차 - 정면충돌,직진우회전진행방해,건조,맑음,교차로 - 교차로안,이륜,여,32세,상해없음,승용,남,31세,경상
2022102700100400,2022년 10월 27일 15시,목요일,대전광역시 대덕구 법동,경상사고,0,0,1,0,차대차 - 기타,안전운전불이행,건조,맑음,단일로 - 기타,이륜,남,39세,상해없음,승용,남,34세,경상
2022102700100401,2022년 10월 27일 15시,목요일,대전광역시 유성구 학하동,경상사고,0,0,1,0,차대사람 - 횡단중,보행자보호의무위반,건조,맑음,교차로 - 교차로부근,화물,남,57세,상해없음,보행자,여,77세,경상
2022102700100428,2022년 10월 27일 16시,목요일,대전광역시 중구 산성동,경상사고,0,0,1,0,차대차 - 기타,안전운전불이행,건조,맑음,교차로 - 교차로부근,화물,남,78세,상해없음,화물,남,33세,경상
2022102700100429,2022년 10월 27일 16시,목요일,대전광역시 서구 괴곡동,경상사고,0,0,2,0,차대차 - 측면충돌,안전운전불이행,건조,맑음,단일로 - 기타,승용,남,56세,기타불명,승용,남,62세,경상
2022102700100430,2022년 10월 27일 16시,목요일,대전광역시 서구 관저동,경상사고,0,0,1,0,차대차 - 추돌,안전운전불이행,건조,맑음,기타 - 기타,승용,남,68세,상해없음,승용,여,41세,경상
2022102700100551,2022년 10월 27일 18시,목요일,대전광역시 중구 오류동,중상사고,0,1,0,0,차대차 - 기타,신호위반,건조,맑음,교차로 - 교차로횡단보도내,승용,여,47세,상해없음,자전거,남,60세,중상
2022102700100552,2022년 10월 27일 18시,목요일,대전광역시 동구 가양동,경상사고,0,0,1,0,차대차 - 기타,안전운전불이행,건조,맑음,교차로 - 교차로안,승합,남,48세,상해없음,이륜,남,62세,경상
2022102700100553,2022년 10월 27일 18시,목요일,대전광역시 대덕구 오정동,경상사고,0,0,2,0,차대차 - 기타,안전거리미확보,건조,맑음,단일로 - 기타,승용,남,33세,기타불명,승용,남,44세,경상
2022102700100554,2022년 10월 27일 18시,목요일,대전광역시 유성구 구암동,경상사고,0,0,1,0,차대차 - 기타,안전운전불이행,건조,맑음,기타 - 기타,이륜,남,52세,경상,승용,남,30세,상해없음
2022102700100678,2022년 10월 27일 23시,목요일,대전광역시 서구 도마동,경상사고,0,0,3,0,차대차 - 기타,안전운전불이행,건조,기타,교차로 - 교차로횡단보도내,승용,여,48세,상해없음,승용,남,62세,경상
2022102800100015,2022년 10월 28일 00시,금요일,대전광역시 서구 가수원동,경상사고,0,0,1,0,차대차 - 기타,안전운전불이행,건조,기타,교차로 - 교차로횡단보도내,승용,남,64세,상해없음,승용,여,63세,경상
2022102800100016,2022년 10월 28일 00시,금요일,대전광역시 서구 둔산동,경상사고,0,0,1,0,차대사람 - 기타,안전운전불이행,건조,맑음,기타 - 기타,승용,남,20세 이하,상해없음,보행자,남,27세,경상
2022102800100084,2022년 10월 28일 07시,금요일,대전광역시 대덕구 덕암동,경상사고,0,0,1,0,차대차 - 기타,교차로운행방법위반,건조,맑음,교차로 - 교차로안,승용,남,58세,기타불명,승합,남,49세,상해없음
2022102800100127,2022년 10월 28일 08시,금요일,대전광역시 서구 변동,경상사고,0,0,2,0,차대차 - 측면충돌,신호위반,건조,맑음,교차로 - 교차로안,승용,남,30세,경상,승용,남,24세,경상
2022102800100128,2022년 10월 28일 08시,금요일,대전광역시 서구 용문동,경상사고,0,0,1,0,차대사람 - 횡단중,신호위반,건조,맑음,기타 - 기타,승용,남,67세,상해없음,보행자,남,29세,경상
2022102800100173,2022년 10월 28일 09시,금요일,대전광역시 중구 대흥동,경상사고,0,0,1,0,차대사람 - 기타,안전운전불이행,건조,맑음,교차로 - 교차로안,승용,여,72세,상해없음,보행자,여,20세,경상
2022102800100174,2022년 10월 28일 09시,금요일,대전광역시 유성구 송강동,경상사고,0,0,1,0,차대차 - 측면충돌,안전운전불이행,건조,맑음,교차로 - 교차로안,화물,남,70세,상해없음,승용,여,57세,경상
2022102800100207,2022년 10월 28일 10시,금요일,대전광역시 중구 용두동,중상사고,0,1,1,0,차대차 - 기타,교차로운행방법위반,건조,맑음,교차로 - 교차로안,화물,남,64세,상해없음,승용,남,59세,중상
2022102800100208,2022년 10월 28일 10시,금요일,대전광역시 서구 탄방동,경상사고,0,0,2,0,차대차 - 기타,안전운전불이행,건조,맑음,기타 - 기타,승용,남,61세,상해없음,승용,남,35세,경상
2022102800100250,2022년 10월 28일 11시,금요일,대전광역시 동구 홍도동,사망사고,1,0,0,0,차대사람 - 횡단중,보행자보호의무위반,건조,맑음,교차로 - 교차로횡단보도내,승용,남,57세,상해없음,보행자,여,75세,사망
2022102800100251,2022년 10월 28일 11시,금요일,대전광역시 서구 도마동,경상사고,0,0,1,0,차대차 - 측면충돌,교차로운행방법위반,건조,맑음,교차로 - 교차로안,승용,남,24세,상해없음,이륜,남,36세,경상
2022102800100252,2022년 10월 28일 11시,금요일,대전광역시 서구 둔산동,경상사고,0,0,1,0,차대차 - 측면충돌,신호위반,건조,맑음,교차로 - 교차로안,승용,여,67세,상해없음,승용,여,28세,경상
2022102800100323,2022년 10월 28일 13시,금요일,대전광역시 동구 판암동,경상사고,0,0,1,0,차대차 - 측면충돌,안전운전불이행,건조,맑음,교차로 - 교차로안,승용,남,55세,상해없음,승용,여,58세,경상
2022102800100360,2022년 10월 28일 14시,금요일,대전광역시 대덕구 대화동,경상사고,0,0,1,0,차대차 - 측면충돌,신호위반,건조,맑음,교차로 - 교차로안,승용,남,78세,상해없음,승용,남,40세,경상
2022102800100361,2022년 10월 28일 14시,금요일,대전광역시 유성구 지족동,경상사고,0,0,1,0,차대차 - 측면충돌,안전운전불이행,건조,맑음,교차로 - 교차로안,승용,여,56세,상해없음,승용,남,52세,경상
2022102800100419,2022년 10월 28일 15시,금요일,대전광역시 대덕구 오정동,경상사고,0,0,2,0,차대차 - 추돌,안전거리미확보,건조,맑음,교차로 - 교차로부근,승용,여,66세,기타불명,승용,여,37세,경상
2022102800100510,2022년 10월 28일 17시,금요일,대전광역시 대덕구 중리동,중상사고,0,1,0,0,차대사람 - 횡단중,보행자보호의무위반,건조,맑음,교차로 - 교차로횡단보도내,승용,남,52세,상해없음,보행자,여,62세,중상
2022102800100593,2022년 10월 28일 18시,금요일,대전광역시 중구 대흥동,경상사고,0,0,1,0,차대차 - 기타,안전운전불이행,건조,맑음,교차로 - 교차로부근,승합,남,72세,상해없음,승용,여,40세,경상
2022102800100594,2022년 10월 28일 18시,금요일,대전광역시 중구 은행동,경상사고,0,0,1,0,차대사람 - 기타,기타,건조,맑음,기타 - 기타,승용,남,69세,상해없음,보행자,남,30세,경상
2022102800100595,2022년 10월 28일 18시,금요일,대전광역시 유성구 둔곡동,경상사고,0,0,3,0,차대차 - 추돌,안전운전불이행,건조,맑음,단일로 - 기타,승용,남,30세,기타불명,승용,남,42세,경상
2022102800100596,2022년 10월 28일 18시,금요일,대전광역시 유성구 방동,경상사고,0,0,1,0,차대차 - 기타,안전거리미확보,건조,맑음,단일로 - 기타,승용,여,44세,기타불명,승용,여,56세,경상
2022102800100661,2022년 10월 28일 19시,금요일,대전광역시 서구 도안동,경상사고,0,0,1,0,차대사람 - 차도통행중,안전운전불이행,건조,맑음,교차로 - 교차로횡단보도내,승용,남,40세,상해없음,보행자,남,16세,경상
2022102800100662,2022년 10월 28일 19시,금요일,대전광역시 서구 도안동,경상사고,0,0,1,0,차대사람 - 기타,보행자보호의무위반,건조,맑음,교차로 - 교차로횡단보도내,이륜,남,20세 이하,상해없음,보행자,남,29세,경상
2022102800100663,2022년 10월 28일 19시,금요일,대전광역시 서구 만년동,경상사고,0,0,2,0,차대차 - 기타,안전운전불이행,건조,맑음,교차로 - 교차로안,승용,여,54세,상해없음,승용,여,41세,경상
2022102800100664,2022년 10월 28일 19시,금요일,대전광역시 유성구 복용동,중상사고,0,2,0,0,차대차 - 측면충돌,교차로운행방법위반,건조,맑음,교차로 - 교차로안,특수,남,62세,상해없음,승용,여,35세,중상
2022102800100747,2022년 10월 28일 22시,금요일,대전광역시 서구 탄방동,경상사고,0,0,2,0,차대차 - 기타,안전운전불이행,건조,맑음,단일로 - 기타,승용,남,74세,상해없음,승용,남,42세,경상
2022102900100044,2022년 10월 29일 04시,토요일,대전광역시 동구 삼성동,중상사고,0,2,1,0,차대차 - 추돌,안전운전불이행,건조,맑음,교차로 - 교차로부근,승용,남,36세,상해없음,승용,남,73세,경상
2022102900100093,2022년 10월 29일 08시,토요일,대전광역시 동구 삼성동,경상사고,0,0,1,0,차대차 - 측면충돌,불법유턴,건조,맑음,단일로 - 기타,승용,남,62세,상해없음,개인형이동수단(PM),남,23세,경상
2022102900100094,2022년 10월 29일 08시,토요일,대전광역시 서구 용문동,경상사고,0,0,1,0,차대차 - 기타,안전운전불이행,건조,맑음,단일로 - 기타,승용,남,51세,상해없음,승용,남,41세,경상
2022102900100121,2022년 10월 29일 09시,토요일,대전광역시 유성구 지족동,경상사고,0,0,1,0,차대차 - 측면충돌,안전운전불이행,건조,맑음,교차로 - 교차로부근,승용,여,52세,상해없음,승용,여,60세,경상
2022102900100160,2022년 10월 29일 10시,토요일,대전광역시 대덕구 대화동,경상사고,0,0,2,0,차대차 - 측면충돌,안전운전불이행,건조,맑음,단일로 - 기타,승용,남,62세,상해없음,승용,남,52세,경상
2022102900100210,2022년 10월 29일 11시,토요일,대전광역시 중구 부사동,경상사고,0,0,1,0,차대차 - 기타,안전거리미확보,건조,맑음,교차로 - 교차로안,원동기,남,36세,상해없음,승용,남,35세,경상
2022102900100211,2022년 10월 29일 11시,토요일,대전광역시 서구 도마동,경상사고,0,0,4,0,차대차 - 측면충돌,교차로운행방법위반,건조,맑음,교차로 - 교차로안,승용,남,34세,경상,이륜,남,35세,경상
2022102900100212,2022년 10월 29일 11시,토요일,대전광역시 유성구 봉산동,경상사고,0,0,2,0,차대차 - 추돌,안전운전불이행,건조,맑음,교차로 - 교차로부근,승용,남,60세,상해없음,승용,남,32세,경상
2022102900100248,2022년 10월 29일 12시,토요일,대전광역시 서구 도마동,중상사고,0,1,1,0,차대차 - 측면충돌,안전운전불이행,건조,맑음,교차로 - 교차로안,승용,남,38세,상해없음,이륜,남,72세,경상
2022102900100249,2022년 10월 29일 12시,토요일,대전광역시 대덕구 신탄진동,경상사고,0,0,1,0,차대차 - 측면충돌,안전운전불이행,건조,맑음,교차로 - 교차로안,승용,남,54세,상해없음,화물,남,43세,경상
2022102900100325,2022년 10월 29일 14시,토요일,대전광역시 서구 도마동,경상사고,0,0,3,0,차대차 - 기타,안전운전불이행,건조,맑음,단일로 - 기타,승용,남,68세,기타불명,승용,남,28세,경상
2022102900100326,2022년 10월 29일 14시,토요일,대전광역시 서구 변동,중상사고,0,1,0,0,차대사람 - 횡단중,안전운전불이행,건조,맑음,단일로 - 기타,승용,남,60세,상해없음,보행자,여,13세,중상
2022102900100522,2022년 10월 29일 19시,토요일,대전광역시 유성구 장대동,경상사고,0,0,1,1,차대차 - 측면충돌,교차로운행방법위반,건조,맑음,교차로 - 교차로안,승용,남,53세,상해없음,원동기,남,17세,부상신고
2022102900100560,2022년 10월 29일 20시,토요일,대전광역시 서구 괴정동,경상사고,0,0,1,0,차대차 - 측면충돌,안전운전불이행,건조,맑음,단일로 - 기타,승용,남,24세,경상,원동기,남,32세,기타불명
2022102900100602,2022년 10월 29일 21시,토요일,대전광역시 동구 홍도동,경상사고,0,0,1,0,차대차 - 기타,안전운전불이행,건조,맑음,단일로 - 기타,승용,남,26세,상해없음,원동기,남,39세,경상
2022102900100603,2022년 10월 29일 21시,토요일,대전광역시 동구 인동,중상사고,0,1,0,0,차량단독 - 기타,기타,건조,맑음,단일로 - 기타,승합,남,41세,상해없음,,,,
2022102900100630,2022년 10월 29일 22시,토요일,대전광역시 중구 오류동,경상사고,0,0,2,0,차대차 - 기타,신호위반,건조,맑음,단일로 - 기타,승용,남,65세,상해없음,승용,남,68세,경상
2022102900100631,2022년 10월 29일 22시,토요일,대전광역시 서구 관저동,경상사고,0,0,1,0,차대차 - 기타,신호위반,건조,맑음,교차로 - 교차로부근,승용,여,50세,상해없음,승용,남,65세,경상
2022102900100632,2022년 10월 29일 22시,토요일,대전광역시 서구 도안동,경상사고,0,0,1,0,차대차 - 기타,불법유턴,건조,맑음,교차로 - 교차로횡단보도내,자전거,여,20세 이하,경상,승용,남,35세,상해없음
2022103000100014,2022년 10월 30일 00시,일요일,대전광역시 서구 둔산동,경상사고,0,0,2,0,차대사람 - 기타,안전운전불이행,건조,맑음,단일로 - 기타,승용,남,20세 이하,상해없음,보행자,남,24세,경상
2022103000100235,2022년 10월 30일 13시,일요일,대전광역시 대덕구 신탄진동,경상사고,0,0,2,0,차대차 - 측면충돌,기타,건조,맑음,교차로 - 교차로부근,승용,남,79세,상해없음,이륜,남,27세,경상
2022103000100236,2022년 10월 30일 13시,일요일,대전광역시 대덕구 법동,경상사고,0,0,4,0,차대차 - 추돌,안전운전불이행,건조,맑음,교차로 - 교차로부근,승용,남,41세,상해없음,승용,여,49세,경상
2022103000100282,2022년 10월 30일 15시,일요일,대전광역시 유성구 죽동,중상사고,0,3,0,0,차대차 - 추돌,안전운전불이행,건조,맑음,단일로 - 기타,승용,남,27세,상해없음,승용,여,52세,중상
2022103000100292,2022년 10월 30일 15시,일요일,대전광역시 중구 대흥동,경상사고,0,0,1,0,차대사람 - 길가장자리구역통행중,안전운전불이행,건조,맑음,단일로 - 기타,승용,여,22세,상해없음,보행자,여,24세,경상
2022103000100293,2022년 10월 30일 15시,일요일,대전광역시 서구 정림동,경상사고,0,0,1,0,차대차 - 추돌,안전운전불이행,건조,맑음,단일로 - 기타,승용,여,60세,상해없음,승용,남,36세,경상