사고번호,사고일시,요일,시군구,사고내용,사망자수,중상자수,경상자수,부상신고자수,사고유형,법규위반,노면상태,기상상태,도로형태,가해운전자 차종,가해운전자 성별,가해운전자 연령,가해운전자 상해정도,피해운전자 차종,피해운전자 성별,피해운전자 연령,피해운전자 상해정도
2022103000100318,2022년 10월 30일 16시,일요일,대전광역시 중구 부사동,경상사고,0,0,1,0,차대차 - 추돌,안전운전불이행,건조,맑음,교차로 - 교차로안,이륜,남,24세,상해없음,승용,남,58세,경상
2022103000100319,2022년 10월 30일 16시,일요일,대전광역시 서구 탄방동,중상사고,0,1,0,0,차대차 - 기타,안전운전불이행,건조,맑음,교차로 - 교차로횡단보도내,이륜,남,25세,상해없음,자전거,남,63세,중상
2022103000100404,2022년 10월 30일 19시,일요일,대전광역시 서구 월평동,경상사고,0,0,1,0,차대차 - 기타,기타,건조,맑음,교차로 - 교차로부근,승용,남,29세,상해없음,이륜,남,39세,경상
2022103000100419,2022년 10월 30일 20시,일요일,대전광역시 중구 대흥동,경상사고,0,0,1,0,차대차 - 측면충돌,교차로운행방법위반,건조,맑음,교차로 - 교차로안,원동기,남,48세,상해없음,승용,남,73세,상해없음
2022103000100420,2022년 10월 30일 20시,일요일,대전광역시 대덕구 신탄진동,경상사고,0,0,2,0,차대차 - 기타,신호위반,건조,맑음,교차로 - 교차로안,승용,여,55세,상해없음,승용,남,30세,경상
2022103000100421,2022년 10월 30일 20시,일요일,대전광역시 유성구 노은동,중상사고,0,1,0,0,차대차 - 기타,신호위반,건조,맑음,교차로 - 교차로부근,승용,남,75세,상해없음,이륜,남,42세,중상
2022103000100439,2022년 10월 30일 22시,일요일,대전광역시 대덕구 법동,경상사고,0,0,1,0,차대차 - 후진중충돌,안전운전불이행,건조,맑음,교차로 - 교차로부근,화물,남,56세,상해없음,이륜,남,59세,경상
2022103100100008,2022년 10월 31일 01시,월요일,대전광역시 서구 도안동,중상사고,0,1,1,0,차대차 - 기타,신호위반,건조,맑음,교차로 - 교차로안,개인형이동수단(PM),남,21세,중상,승용,남,29세,경상
2022103100100027,2022년 10월 31일 05시,월요일,대전광역시 유성구 용산동,경상사고,0,0,1,0,차대사람 - 기타,보행자보호의무위반,건조,맑음,교차로 - 교차로부근,승용,남,36세,상해없음,보행자,남,52세,경상
2022103100100108,2022년 10월 31일 08시,월요일,대전광역시 서구 갈마동,경상사고,0,0,1,0,차대사람 - 횡단중,신호위반,건조,맑음,교차로 - 교차로안,승용,남,64세,상해없음,보행자,여,13세,경상
2022103100100210,2022년 10월 31일 11시,월요일,대전광역시 서구 탄방동,중상사고,0,1,0,0,차대사람 - 길가장자리구역통행중,안전운전불이행,건조,맑음,단일로 - 기타,화물,남,27세,상해없음,보행자,남,20세,중상
2022103100100211,2022년 10월 31일 11시,월요일,대전광역시 서구 만년동,중상사고,0,1,0,0,차량단독 - 기타,기타,건조,맑음,단일로 - 기타,승합,남,51세,상해없음,,,,
2022103100100212,2022년 10월 31일 11시,월요일,대전광역시 유성구 봉명동,경상사고,0,0,2,0,차대차 - 추돌,안전운전불이행,건조,맑음,단일로 - 기타,승용,여,64세,상해없음,승용,남,28세,경상
2022103100100254,2022년 10월 31일 12시,월요일,대전광역시 동구 신흥동,경상사고,0,0,1,0,차대차 - 기타,신호위반,건조,맑음,교차로 - 교차로안,승용,남,69세,상해없음,승용,여,34세,경상
2022103100100255,2022년 10월 31일 12시,월요일,대전광역시 동구 판암동,경상사고,0,0,1,0,차대사람 - 횡단중,안전운전불이행,건조,맑음,단일로 - 기타,승용,남,60세,상해없음,보행자,남,19세,경상
2022103100100256,2022년 10월 31일 12시,월요일,대전광역시 유성구 봉명동,경상사고,0,0,1,0,차대차 - 측면충돌,안전운전불이행,건조,맑음,교차로 - 교차로부근,이륜,남,27세,경상,승용,여,39세,상해없음
2022103100100283,2022년 10월 31일 13시,월요일,대전광역시 중구 대흥동,중상사고,0,1,1,0,차대차 - 측면충돌,교차로운행방법위반,건조,맑음,교차로 - 교차로안,승용,남,50세,상해없음,승용,남,79세,중상
2022103100100363,2022년 10월 31일 15시,월요일,대전광역시 서구 도안동,중상사고,0,1,1,0,차대차 - 기타,안전거리미확보,건조,맑음,단일로 - 기타,건설기계,남,57세,상해없음,승용,남,38세,경상
2022103100100364,2022년 10월 31일 15시,월요일,대전광역시 유성구 반석동,경상사고,0,0,1,0,차대차 - 추돌,안전운전불이행,건조,맑음,단일로 - 기타,승용,여,60세,상해없음,승용,남,48세,경상
2022103100100399,2022년 10월 31일 16시,월요일,대전광역시 유성구 구암동,경상사고,0,0,1,1,차대차 - 측면충돌,안전운전불이행,건조,맑음,교차로 - 교차로안,승용,여,41세,기타불명,승용,여,66세,경상
2022103100100400,2022년 10월 31일 16시,월요일,대전광역시 유성구 덕명동,경상사고,0,0,1,0,차대차 - 측면충돌,교차로운행방법위반,건조,맑음,교차로 - 교차로횡단보도내,승용,여,66세,상해없음,자전거,남,39세,경상
2022103100100499,2022년 10월 31일 18시,월요일,대전광역시 서구 정림동,중상사고,0,1,0,0,차대차 - 측면충돌,안전운전불이행,건조,맑음,단일로 - 기타,승용,남,44세,상해없음,이륜,남,26세,중상
2022103100100500,2022년 10월 31일 18시,월요일,대전광역시 유성구 봉명동,경상사고,0,0,1,0,차대사람 - 기타,보행자보호의무위반,건조,맑음,교차로 - 교차로횡단보도내,승용,남,27세,상해없음,보행자,여,34세,경상
2022103100100501,2022년 10월 31일 18시,월요일,대전광역시 유성구 대정동,부상신고사고,0,0,0,1,차대차 - 기타,신호위반,건조,맑음,교차로 - 교차로안,승용,남,61세,상해없음,승용,남,57세,부상신고
2022103100100540,2022년 10월 31일 19시,월요일,대전광역시 중구 선화동,경상사고,0,0,1,0,차대차 - 추돌,안전운전불이행,건조,맑음,단일로 - 기타,이륜,남,26세,상해없음,승용,남,28세,경상
2022103100100564,2022년 10월 31일 20시,월요일,대전광역시 중구 호동,경상사고,0,0,1,0,차대사람 - 기타,안전운전불이행,건조,맑음,단일로 - 기타,승용,남,74세,상해없음,보행자,남,42세,경상
2022103100100582,2022년 10월 31일 21시,월요일,대전광역시 동구 용전동,중상사고,0,1,0,0,차대사람 - 보도통행중,보행자보호의무위반,건조,맑음,단일로 - 기타,승용,남,58세,상해없음,보행자,남,39세,중상
2022103100100583,2022년 10월 31일 21시,월요일,대전광역시 대덕구 오정동,경상사고,0,0,4,0,차대차 - 측면충돌,안전운전불이행,건조,맑음,교차로 - 교차로안,화물,남,47세,상해없음,승용,여,42세,경상
2022103100100605,2022년 10월 31일 22시,월요일,대전광역시 서구 만년동,경상사고,0,0,2,0,차대차 - 추돌,안전운전불이행,건조,맑음,교차로 - 교차로부근,승용,남,55세,상해없음,승용,여,26세,경상
2022103100100606,2022년 10월 31일 22시,월요일,대전광역시 유성구 원내동,중상사고,0,1,2,0,차대차 - 기타,신호위반,건조,맑음,교차로 - 교차로안,승용,여,24세,경상,이륜,남,43세,중상
2022103100100622,2022년 10월 31일 23시,월요일,대전광역시 서구 괴정동,경상사고,0,0,1,0,차대사람 - 길가장자리구역통행중,안전운전불이행,건조,맑음,단일로 - 기타,승용,여,24세,상해없음,보행자,남,38세,경상
2022110100100011,2022년 11월 1일 00시,화요일,대전광역시 서구 갈마동,경상사고,0,0,1,0,차대차 - 기타,안전운전불이행,건조,맑음,기타 - 기타,승용,남,29세,상해없음,승용,여,48세,경상
2022110100100020,2022년 11월 1일 01시,화요일,대전광역시 서구 도마동,경상사고,0,0,1,0,차대사람 - 기타,안전운전불이행,건조,맑음,교차로 - 교차로안,승용,남,26세,상해없음,보행자,남,29세,경상
2022110100100028,2022년 11월 1일 02시,화요일,대전광역시 서구 갈마동,경상사고,0,0,1,0,차대차 - 측면충돌,안전운전불이행,건조,맑음,단일로 - 기타,승용,남,22세,상해없음,승용,남,31세,경상
2022110100100141,2022년 11월 1일 09시,화요일,대전광역시 유성구 문지동,경상사고,0,0,1,0,차대차 - 기타,안전운전불이행,건조,맑음,교차로 - 교차로안,승용,여,62세,상해없음,이륜,남,56세,경상
2022110100100170,2022년 11월 1일 10시,화요일,대전광역시 서구 복수동,경상사고,0,0,1,0,차대차 - 측면충돌,안전거리미확보,건조,맑음,교차로 - 교차로부근,승용,여,68세,상해없음,승합,남,64세,경상
2022110100100199,2022년 11월 1일 11시,화요일,대전광역시 유성구 원내동,중상사고,0,1,0,0,차대차 - 기타,안전운전불이행,건조,맑음,교차로 - 교차로안,승용,남,63세,상해없음,이륜,남,58세,중상
2022110100100270,2022년 11월 1일 13시,화요일,대전광역시 동구 홍도동,경상사고,0,0,2,0,차대차 - 측면충돌,안전운전불이행,건조,맑음,교차로 - 교차로안,승용,남,69세,상해없음,승합,남,36세,경상
2022110100100303,2022년 11월 1일 14시,화요일,대전광역시 중구 문화동,경상사고,0,0,1,0,차대사람 - 기타,보행자보호의무위반,건조,맑음,교차로 - 교차로횡단보도내,승용,여,44세,상해없음,보행자,여,23세,경상
2022110100100346,2022년 11월 1일 15시,화요일,대전광역시 유성구 봉명동,경상사고,0,0,1,0,차대차 - 기타,신호위반,건조,맑음,단일로 - 기타,승용,여,33세,상해없음,이륜,남,25세,경상
2022110100100390,2022년 11월 1일 16시,화요일,대전광역시 유성구 노은동,중상사고,0,1,0,0,차대차 - 측면충돌,안전운전불이행,건조,맑음,교차로 - 교차로안,승용,남,63세,상해없음,이륜,남,27세,중상
2022110100100437,2022년 11월 1일 17시,화요일,대전광역시 대덕구 오정동,부상신고사고,0,0,0,1,차대차 - 기타,안전운전불이행,건조,맑음,단일로 - 기타,화물,남,42세,상해없음,승용,남,67세,부상신고
2022110100100502,2022년 11월 1일 18시,화요일,대전광역시 중구 오류동,경상사고,0,0,2,0,차대차 - 기타,안전운전불이행,건조,맑음,교차로 - 교차로안,승용,남,34세,상해없음,승용,여,31세,경상
2022110100100503,2022년 11월 1일 18시,화요일,대전광역시 중구 문창동,경상사고,0,0,1,0,차대사람 - 횡단중,안전운전불이행,건조,맑음,교차로 - 교차로횡단보도내,승용,남,55세,상해없음,보행자,여,29세,경상
2022110100100504,2022년 11월 1일 18시,화요일,대전광역시 서구 월평동,중상사고,0,1,0,0,차대차 - 기타,안전운전불이행,건조,맑음,교차로 - 교차로안,승용,여,22세,상해없음,이륜,남,19세,중상
2022110100100505,2022년 11월 1일 18시,화요일,대전광역시 유성구 하기동,중상사고,0,1,0,0,차대차 - 후진중충돌,안전운전불이행,건조,맑음,단일로 - 지하차도(도로)내,화물,남,46세,상해없음,승용,여,28세,중상
2022110100100536,2022년 11월 1일 19시,화요일,대전광역시 유성구 장대동,경상사고,0,0,2,0,차대차 - 추돌,안전운전불이행,건조,맑음,기타 - 기타,승용,여,65세,상해없음,승용,여,59세,경상
2022110100100546,2022년 11월 1일 19시,화요일,대전광역시 서구 변동,중상사고,0,1,0,0,차대차 - 측면충돌,기타,건조,맑음,기타 - 기타,승용,남,74세,상해없음,이륜,남,27세,중상
2022110100100574,2022년 11월 1일 20시,화요일,대전광역시 대덕구 신탄진동,경상사고,0,0,1,0,차대차 - 추돌,안전운전불이행,건조,맑음,단일로 - 기타,승용,남,66세,상해없음,승용,여,47세,경상
2022110100100597,2022년 11월 1일 21시,화요일,대전광역시 중구 문화동,중상사고,0,1,0,0,차대차 - 기타,안전운전불이행,건조,맑음,단일로 - 기타,승용,여,60세,상해없음,승용,남,33세,기타불명
2022110100100626,2022년 11월 1일 23시,화요일,대전광역시 서구 관저동,중상사고,0,1,0,0,차대사람 - 기타,안전운전불이행,건조,맑음,교차로 - 교차로안,승용,여,31세,상해없음,보행자,남,35세,중상
2022110200100038,2022년 11월 2일 05시,수요일,대전광역시 중구 옥계동,중상사고,0,1,0,0,차대사람 - 횡단중,안전운전불이행,건조,맑음,교차로 - 교차로부근,화물,남,56세,상해없음,보행자,여,65세,중상
2022110200100059,2022년 11월 2일 06시,수요일,대전광역시 대덕구 법동,경상사고,0,0,1,0,차대사람 - 횡단중,안전운전불이행,젖음/습기,안개,단일로 - 기타,승용,남,66세,상해없음,보행자,남,58세,경상
2022110200100060,2022년 11월 2일 06시,수요일,대전광역시 유성구 가정동,중상사고,0,1,0,0,차대차 - 측면충돌,안전운전불이행,젖음/습기,안개,교차로 - 교차로횡단보도내,승용,여,50세,상해없음,자전거,남,54세,중상
2022110200100061,2022년 11월 2일 06시,수요일,대전광역시 유성구 장대동,경상사고,0,0,1,0,차대차 - 측면충돌,안전거리미확보,건조,맑음,기타 - 기타,건설기계,남,61세,상해없음,승용,남,60세,경상
2022110200100134,2022년 11월 2일 08시,수요일,대전광역시 동구 자양동,중상사고,0,1,0,0,차대사람 - 횡단중,신호위반,건조,맑음,교차로 - 교차로횡단보도내,승용,남,70세,상해없음,보행자,여,61세,중상
2022110200100136,2022년 11월 2일 08시,수요일,대전광역시 서구 탄방동,경상사고,0,0,1,0,차대차 - 측면충돌,안전거리미확보,건조,맑음,단일로 - 기타,건설기계,남,55세,기타불명,승용,남,27세,경상
2022110200100157,2022년 11월 2일 09시,수요일,대전광역시 대덕구 신대동,경상사고,0,0,1,0,차대차 - 측면충돌,안전운전불이행,건조,맑음,기타 - 기타,승용,여,30세,경상,승용,남,81세 이상,상해없음
2022110200100170,2022년 11월 2일 09시,수요일,대전광역시 서구 용문동,부상신고사고,0,0,0,1,차대사람 - 기타,안전운전불이행,건조,맑음,교차로 - 교차로안,자전거,기타불명,미분류,기타불명,보행자,남,12세 이하,부상신고
2022110200100171,2022년 11월 2일 09시,수요일,대전광역시 유성구 지족동,경상사고,0,0,1,0,차대차 - 기타,중앙선침범,건조,맑음,단일로 - 기타,승용,여,62세,상해없음,승용,남,66세,상해없음
2022110200100226,2022년 11월 2일 11시,수요일,대전광역시 유성구 궁동,부상신고사고,0,0,0,2,차대차 - 기타,신호위반,건조,맑음,단일로 - 기타,화물,남,27세,상해없음,승용,남,28세,부상신고
2022110200100250,2022년 11월 2일 12시,수요일,대전광역시 유성구 신성동,경상사고,0,0,1,0,차대차 - 추돌,안전운전불이행,건조,맑음,교차로 - 교차로안,승용,여,28세,기타불명,승용,여,53세,경상
2022110200100315,2022년 11월 2일 14시,수요일,대전광역시 대덕구 법동,경상사고,0,0,1,0,차대차 - 추돌,안전운전불이행,건조,맑음,단일로 - 기타,승용,여,42세,상해없음,승용,남,63세,경상
2022110200100316,2022년 11월 2일 14시,수요일,대전광역시 대덕구 평촌동,경상사고,0,0,2,0,차대차 - 기타,안전운전불이행,건조,맑음,단일로 - 기타,승용,여,65세,상해없음,승용,여,64세,경상
2022110200100317,2022년 11월 2일 14시,수요일,대전광역시 유성구 장대동,경상사고,0,0,1,0,차대차 - 기타,안전거리미확보,건조,맑음,단일로 - 기타,승용,남,66세,상해없음,승용,여,52세,경상
2022110200100318,2022년 11월 2일 14시,수요일,대전광역시 유성구 학하동,경상사고,0,0,2,0,차대차 - 기타,안전거리미확보,건조,맑음,교차로 - 교차로부근,승용,남,69세,상해없음,승용,남,33세,경상
2022110200100348,2022년 11월 2일 15시,수요일,대전광역시 유성구 구암동,경상사고,0,0,2,0,차대차 - 측면충돌,교차로운행방법위반,건조,맑음,교차로 - 교차로안,이륜,남,46세,기타불명,화물,남,60세,경상
2022110200100349,2022년 11월 2일 15시,수요일,대전광역시 유성구 상대동,경상사고,0,0,1,0,차량단독 - 기타,안전운전불이행,건조,맑음,기타 - 기타,승합,남,59세,상해없음,,,,
2022110200100444,2022년 11월 2일 17시,수요일,대전광역시 서구 괴정동,경상사고,0,0,1,0,차대차 - 기타,안전운전불이행,건조,맑음,교차로 - 교차로부근,화물,남,56세,상해없음,자전거,남,56세,경상
2022110200100445,2022년 11월 2일 17시,수요일,대전광역시 유성구 봉명동,경상사고,0,0,2,0,차대차 - 후진중충돌,안전운전불이행,건조,맑음,단일로 - 기타,화물,남,67세,상해없음,승용,여,45세,경상
2022110200100446,2022년 11월 2일 17시,수요일,대전광역시 유성구 원내동,경상사고,0,0,1,0,차대차 - 기타,안전거리미확보,건조,맑음,기타 - 기타,승용,남,27세,상해없음,승용,남,27세,경상
2022110200100550,2022년 11월 2일 19시,수요일,대전광역시 중구 태평동,중상사고,0,1,0,0,차대사람 - 차도통행중,안전운전불이행,건조,맑음,교차로 - 교차로부근,승용,남,60세,상해없음,보행자,여,81세 이상,중상
2022110200100551,2022년 11월 2일 19시,수요일,대전광역시 유성구 노은동,경상사고,0,0,2,0,차대차 - 기타,신호위반,건조,맑음,교차로 - 교차로안,승용,남,25세,상해없음,승용,남,28세,경상
2022110200100566,2022년 11월 2일 20시,수요일,대전광역시 서구 괴정동,경상사고,0,0,1,0,차대사람 - 기타,안전운전불이행,건조,맑음,단일로 - 기타,승용,여,30세,상해없음,보행자,여,51세,경상
2022110200100567,2022년 11월 2일 20시,수요일,대전광역시 유성구 하기동,부상신고사고,0,0,0,1,차대차 - 측면충돌,안전거리미확보,건조,맑음,교차로 - 교차로부근,승용,남,59세,상해없음,원동기,남,27세,부상신고
2022110300100008,2022년 11월 3일 00시,목요일,대전광역시 중구 대사동,경상사고,0,0,1,0,차대차 - 추돌,안전운전불이행,건조,맑음,단일로 - 기타,승용,여,20세 이하,상해없음,이륜,남,39세,경상
2022110300100017,2022년 11월 3일 02시,목요일,대전광역시 중구 대흥동,경상사고,0,0,1,0,차대차 - 기타,중앙선침범,건조,맑음,교차로 - 교차로부근,승용,남,26세,상해없음,승용,남,31세,경상
2022110300100022,2022년 11월 3일 03시,목요일,대전광역시 서구 탄방동,경상사고,0,0,1,0,차대사람 - 기타,안전운전불이행,건조,맑음,단일로 - 기타,승용,남,29세,상해없음,보행자,남,28세,경상
2022110300100036,2022년 11월 3일 05시,목요일,대전광역시 대덕구 비래동,경상사고,0,0,1,0,차대차 - 측면충돌,안전운전불이행,건조,맑음,교차로 - 교차로안,승용,남,81세 이상,상해없음,승용,남,62세,경상
2022110300100054,2022년 11월 3일 06시,목요일,대전광역시 유성구 봉명동,경상사고,0,0,2,0,차대차 - 측면충돌,안전거리미확보,건조,맑음,교차로 - 교차로부근,승용,남,52세,상해없음,승용,여,53세,경상
2022110300100082,2022년 11월 3일 07시,목요일,대전광역시 서구 용문동,경상사고,0,0,1,0,차대차 - 기타,안전운전불이행,건조,맑음,단일로 - 기타,승합,여,48세,상해없음,승용,남,32세,경상
2022110300100083,2022년 11월 3일 07시,목요일,대전광역시 유성구 둔곡동,경상사고,0,0,2,0,차대차 - 추돌,안전운전불이행,건조,맑음,단일로 - 기타,건설기계,남,59세,기타불명,승용,남,40세,경상
2022110300100143,2022년 11월 3일 09시,목요일,대전광역시 서구 월평동,중상사고,0,1,0,0,차대사람 - 횡단중,보행자보호의무위반,건조,맑음,교차로 - 교차로횡단보도내,화물,여,55세,상해없음,보행자,남,52세,중상
2022110300100169,2022년 11월 3일 10시,목요일,대전광역시 유성구 방현동,경상사고,0,0,1,0,차량단독 - 기타,안전운전불이행,건조,맑음,교차로 - 교차로부근,승합,남,47세,상해없음,,,,
2022110300100211,2022년 11월 3일 11시,목요일,대전광역시 동구 신안동,중상사고,0,1,0,0,차대차 - 기타,안전운전불이행,건조,맑음,기타 - 기타,화물,남,60세,상해없음,자전거,남,70세,중상
2022110300100212,2022년 11월 3일 11시,목요일,대전광역시 유성구 화암동,경상사고,0,0,1,0,차대차 - 기타,신호위반,건조,맑음,교차로 - 교차로안,화물,남,32세,상해없음,승용,남,35세,경상
2022110300100213,2022년 11월 3일 11시,목요일,대전광역시 유성구 죽동,경상사고,0,0,1,0,차대차 - 기타,안전운전불이행,건조,맑음,주차장 - 주차장,승용,여,51세,상해없음,승용,남,26세,경상
2022110300100237,2022년 11월 3일 12시,목요일,대전광역시 서구 관저동,중상사고,0,1,0,0,차대차 - 기타,신호위반,건조,맑음,교차로 - 교차로안,건설기계,남,62세,상해없음,이륜,남,32세,중상
2022110300100238,2022년 11월 3일 12시,목요일,대전광역시 유성구 지족동,중상사고,0,1,0,0,차대차 - 측면충돌,신호위반,건조,맑음,교차로 - 교차로안,승용,남,48세,상해없음,승용,남,61세,중상
2022110300100367,2022년 11월 3일 16시,목요일,대전광역시 동구 정동,경상사고,0,0,1,0,차대차 - 측면충돌,안전거리미확보,건조,맑음,단일로 - 기타,승용,남,65세,상해없음,화물,남,30세,경상
2022110300100368,2022년 11월 3일 16시,목요일,대전광역시 유성구 구암동,경상사고,0,0,1,0,차대사람 - 횡단중,보행자보호의무위반,건조,맑음,기타 - 기타,승용,여,40세,상해없음,보행자,남,70세,경상
2022110300100400,2022년 11월 3일 17시,목요일,대전광역시 서구 도마동,경상사고,0,0,2,0,차대차 - 기타,안전운전불이행,건조,맑음,교차로 - 교차로안,승용,남,56세,경상,승용,여,56세,경상
2022110300100401,2022년 11월 3일 17시,목요일,대전광역시 유성구 교촌동,부상신고사고,0,0,0,1,차대차 - 기타,안전운전불이행,건조,맑음,교차로 - 교차로안,화물,남,49세,상해없음,자전거,남,12세 이하,부상신고
2022110300100462,2022년 11월 3일 18시,목요일,대전광역시 서구 탄방동,경상사고,0,0,1,0,차대사람 - 길가장자리구역통행중,안전운전불이행,건조,맑음,교차로 - 교차로부근,승용,여,26세,상해없음,보행자,남,53세,경상
2022110300100463,2022년 11월 3일 18시,목요일,대전광역시 서구 둔산동,경상사고,0,0,2,0,차대차 - 측면충돌,신호위반,건조,맑음,교차로 - 교차로부근,승용,여,28세,상해없음,승용,남,19세,경상
2022110300100464,2022년 11월 3일 18시,목요일,대전광역시 서구 둔산동,중상사고,0,1,0,0,차량단독 - 기타,안전운전불이행,건조,맑음,단일로 - 기타,승합,남,59세,상해없음,,,,
2022110300100465,2022년 11월 3일 18시,목요일,대전광역시 유성구 도룡동,경상사고,0,0,1,0,차대차 - 후진중충돌,안전운전불이행,건조,맑음,주차장 - 주차장,승용,여,67세,상해없음,승용,남,31세,경상
2022110300100501,2022년 11월 3일 19시,목요일,대전광역시 중구 선화동,경상사고,0,0,2,0,차대차 - 측면충돌,안전운전불이행,건조,맑음,교차로 - 교차로안,승용,여,56세,기타불명,승용,남,41세,경상
2022110300100502,2022년 11월 3일 19시,목요일,대전광역시 유성구 관평동,중상사고,0,1,0,0,차대차 - 기타,안전운전불이행,건조,맑음,단일로 - 기타,승용,남,59세,상해없음,원동기,여,17세,중상
2022110300100559,2022년 11월 3일 22시,목요일,대전광역시 동구 비룡동,경상사고,0,0,1,0,차대차 - 측면충돌,안전운전불이행,건조,맑음,단일로 - 기타,승용,남,23세,상해없음,화물,남,59세,경상
2022110300100576,2022년 11월 3일 23시,목요일,대전광역시 동구 용전동,경상사고,0,0,1,0,차대차 - 정면충돌,신호위반,건조,맑음,단일로 - 기타,승용,남,57세,상해없음,이륜,남,24세,경상
2022110400100010,2022년 11월 4일 00시,금요일,대전광역시 서구 괴정동,경상사고,0,0,1,0,차대차 - 추돌,안전운전불이행,건조,맑음,단일로 - 기타,승용,여,57세,상해없음,승용,남,27세,경상
2022110400100011,2022년 11월 4일 00시,금요일,대전광역시 대덕구 문평동,경상사고,0,0,1,0,차대차 - 추돌,안전운전불이행,건조,흐림,교차로 - 교차로부근,승용,남,22세,상해없음,승용,여,48세,경상
2022110400100176,2022년 11월 4일 09시,금요일,대전광역시 서구 변동,경상사고,0,0,1,0,차대차 - 추돌,교차로운행방법위반,건조,맑음,교차로 - 교차로안,승용,여,66세,상해없음,승용,남,56세,경상
2022110400100219,2022년 11월 4일 10시,금요일,대전광역시 서구 내동,중상사고,0,1,0,0,차대차 - 기타,안전운전불이행,건조,맑음,교차로 - 교차로부근,승용,남,57세,상해없음,이륜,남,49세,중상
2022110400100261,2022년 11월 4일 11시,금요일,대전광역시 중구 문화동,경상사고,0,0,1,0,차대사람 - 횡단중,기타,건조,맑음,기타 - 기타,이륜,남,58세,상해없음,보행자,여,57세,경상
2022110400100262,2022년 11월 4일 11시,금요일,대전광역시 유성구 학하동,경상사고,0,0,2,0,차대차 - 측면충돌,안전운전불이행,건조,맑음,교차로 - 교차로횡단보도내,승용,여,46세,경상,특수,남,40세,경상
2022110400100290,2022년 11월 4일 12시,금요일,대전광역시 서구 변동,경상사고,0,0,1,0,차대사람 - 횡단중,보행자보호의무위반,건조,맑음,단일로 - 기타,승합,남,64세,상해없음,보행자,남,74세,경상
2022110400100291,2022년 11월 4일 12시,금요일,대전광역시 대덕구 신대동,경상사고,0,0,1,0,차대차 - 추돌,안전거리미확보,건조,맑음,단일로 - 고가도로위,승용,남,29세,기타불명,승용,남,47세,경상
2022110400100336,2022년 11월 4일 13시,금요일,대전광역시 유성구 원내동,경상사고,0,0,1,0,차대차 - 기타,안전운전불이행,건조,맑음,단일로 - 기타,승용,여,68세,상해없음,이륜,남,34세,경상
2022110400100375,2022년 11월 4일 14시,금요일,대전광역시 대덕구 오정동,경상사고,0,0,1,0,차대차 - 측면충돌,안전운전불이행,건조,맑음,단일로 - 기타,이륜,남,66세,상해없음,화물,남,53세,경상
2022110400100425,2022년 11월 4일 15시,금요일,대전광역시 중구 문화동,중상사고,0,1,0,0,차대사람 - 기타,안전운전불이행,건조,맑음,단일로 - 기타,승용,여,51세,상해없음,보행자,여,74세,중상
2022110400100426,2022년 11월 4일 15시,금요일,대전광역시 서구 둔산동,중상사고,0,1,0,0,차대사람 - 기타,안전운전불이행,건조,맑음,단일로 - 기타,승용,남,39세,상해없음,보행자,남,12세 이하,중상
2022110400100427,2022년 11월 4일 15시,금요일,대전광역시 유성구 봉명동,경상사고,0,0,1,0,차대차 - 측면충돌,안전운전불이행,건조,맑음,단일로 - 기타,승용,여,61세,상해없음,자전거,남,16세,경상
2022110400100472,2022년 11월 4일 16시,금요일,대전광역시 유성구 궁동,경상사고,0,0,1,0,차대차 - 측면충돌,안전운전불이행,건조,맑음,단일로 - 지하차도(도로)내,승용,남,30세,상해없음,승용,여,68세,경상
2022110400100526,2022년 11월 4일 17시,금요일,대전광역시 유성구 구암동,경상사고,0,0,1,0,차대차 - 기타,교차로운행방법위반,건조,맑음,교차로 - 교차로안,승용,남,57세,상해없음,건설기계,남,33세,경상
2022110400100611,2022년 11월 4일 18시,금요일,대전광역시 중구 선화동,경상사고,0,0,1,0,차대차 - 기타,안전운전불이행,건조,맑음,교차로 - 교차로부근,승용,남,53세,상해없음,이륜,남,19세,경상
2022110400100612,2022년 11월 4일 18시,금요일,대전광역시 유성구 장대동,경상사고,0,0,1,0,차대차 - 기타,안전운전불이행,건조,맑음,단일로 - 기타,승합,남,49세,상해없음,승용,여,49세,경상
2022110400100658,2022년 11월 4일 19시,금요일,대전광역시 유성구 가정동,경상사고,0,0,1,0,차대차 - 기타,신호위반,기타,맑음,교차로 - 교차로안,승용,남,55세,상해없음,승용,여,27세,경상
2022110400100659,2022년 11월 4일 19시,금요일,대전광역시 유성구 반석동,중상사고,0,1,0,0,차대차 - 기타,안전운전불이행,건조,맑음,교차로 - 교차로안,승용,남,22세,상해없음,이륜,남,27세,중상
2022110400100694,2022년 11월 4일 20시,금요일,대전광역시 동구 용전동,경상사고,0,0,2,0,차대차 - 측면충돌,불법유턴,건조,맑음,교차로 - 교차로안,승용,남,53세,상해없음,승용,남,35세,경상
2022110400100695,2022년 11월 4일 20시,금요일,대전광역시 동구 성남동,경상사고,0,0,1,0,차대차 - 정면충돌,신호위반,건조,맑음,교차로 - 교차로안,이륜,남,38세,상해없음,승용,남,36세,경상
2022110400100696,2022년 11월 4일 20시,금요일,대전광역시 서구 만년동,경상사고,0,0,1,0,차대차 - 기타,안전운전불이행,건조,맑음,교차로 - 교차로안,승용,남,54세,상해없음,승용,남,67세,상해없음
2022110400100727,2022년 11월 4일 21시,금요일,대전광역시 동구 가오동,경상사고,0,0,1,0,차대차 - 추돌,안전운전불이행,건조,맑음,교차로 - 교차로부근,승용,여,34세,상해없음,승용,남,31세,경상