사고번호,사고일시,요일,시군구,사고내용,사망자수,중상자수,경상자수,부상신고자수,사고유형,법규위반,노면상태,기상상태,도로형태,가해운전자 차종,가해운전자 성별,가해운전자 연령,가해운전자 상해정도,피해운전자 차종,피해운전자 성별,피해운전자 연령,피해운전자 상해정도
2022111000100389,2022년 11월 10일 16시,목요일,대전광역시 동구 삼성동,경상사고,0,0,1,0,차대차 - 기타,신호위반,건조,맑음,단일로 - 기타,기타불명,기타불명,미분류,기타불명,승합,남,64세,상해없음
2022111000100439,2022년 11월 10일 17시,목요일,대전광역시 대덕구 비래동,경상사고,0,0,1,0,차대차 - 측면충돌,안전운전불이행,건조,맑음,단일로 - 기타,승합,남,66세,상해없음,승용,남,30세,경상
2022111000100508,2022년 11월 10일 18시,목요일,대전광역시 대덕구 송촌동,경상사고,0,0,1,0,차대차 - 측면충돌,교차로운행방법위반,건조,맑음,교차로 - 교차로안,화물,남,50세,상해없음,승용,남,75세,경상
2022111000100509,2022년 11월 10일 18시,목요일,대전광역시 서구 갈마동,경상사고,0,0,1,0,차대차 - 기타,안전운전불이행,건조,맑음,교차로 - 교차로부근,승용,남,37세,상해없음,이륜,남,68세,경상
2022111000100510,2022년 11월 10일 18시,목요일,대전광역시 서구 탄방동,경상사고,0,0,1,0,차대차 - 기타,안전운전불이행,건조,맑음,교차로 - 교차로안,승용,남,33세,상해없음,승용,남,27세,경상
2022111000100546,2022년 11월 10일 19시,목요일,대전광역시 동구 자양동,경상사고,0,0,1,0,차대차 - 측면충돌,안전운전불이행,건조,맑음,교차로 - 교차로부근,승용,여,42세,기타불명,이륜,남,51세,경상
2022111000100576,2022년 11월 10일 20시,목요일,대전광역시 동구 용전동,경상사고,0,0,1,0,차대사람 - 횡단중,보행자보호의무위반,건조,맑음,교차로 - 교차로횡단보도내,승용,남,62세,상해없음,보행자,남,42세,경상
2022111000100629,2022년 11월 10일 23시,목요일,대전광역시 유성구 전민동,중상사고,0,1,1,2,차대차 - 추돌,안전운전불이행,건조,맑음,단일로 - 기타,승용,남,35세,중상,화물,남,54세,경상
2022111000100641,2022년 11월 10일 23시,목요일,대전광역시 대덕구 대화동,경상사고,0,0,1,1,차대차 - 기타,중앙선침범,건조,맑음,교차로 - 교차로부근,승용,남,40세,상해없음,특수,남,23세,부상신고
2022111000100642,2022년 11월 10일 23시,목요일,대전광역시 서구 둔산동,경상사고,0,0,1,0,차대차 - 기타,안전운전불이행,건조,맑음,교차로 - 교차로부근,승용,여,21세,상해없음,개인형이동수단(PM),남,49세,경상
2022111100100027,2022년 11월 11일 01시,금요일,대전광역시 서구 둔산동,경상사고,0,0,1,0,차대사람 - 기타,안전운전불이행,건조,맑음,교차로 - 교차로부근,승용,남,33세,상해없음,보행자,여,41세,경상
2022111100100065,2022년 11월 11일 06시,금요일,대전광역시 서구 관저동,경상사고,0,0,1,0,차대차 - 측면충돌,안전운전불이행,건조,맑음,단일로 - 기타,승용,남,67세,상해없음,화물,남,57세,경상
2022111100100119,2022년 11월 11일 08시,금요일,대전광역시 동구 가양동,경상사고,0,0,1,0,차대차 - 측면충돌,안전운전불이행,건조,맑음,교차로 - 교차로안,이륜,남,81세 이상,상해없음,승용,남,53세,경상
2022111100100120,2022년 11월 11일 08시,금요일,대전광역시 유성구 자운동,경상사고,0,0,1,0,차대차 - 기타,신호위반,건조,맑음,교차로 - 교차로횡단보도내,승용,남,20세 이하,기타불명,개인형이동수단(PM),남,27세,경상
2022111100100187,2022년 11월 11일 10시,금요일,대전광역시 중구 중촌동,경상사고,0,0,1,0,차대차 - 기타,신호위반,건조,맑음,교차로 - 교차로안,승용,여,61세,상해없음,승용,남,41세,경상
2022111100100188,2022년 11월 11일 10시,금요일,대전광역시 유성구 교촌동,경상사고,0,0,1,0,차대사람 - 기타,안전운전불이행,건조,맑음,단일로 - 기타,승용,남,69세,상해없음,보행자,남,33세,경상
2022111100100253,2022년 11월 11일 12시,금요일,대전광역시 유성구 지족동,경상사고,0,0,1,0,차대사람 - 기타,안전운전불이행,건조,맑음,단일로 - 기타,승용,남,47세,상해없음,보행자,여,42세,경상
2022111100100293,2022년 11월 11일 13시,금요일,대전광역시 대덕구 신일동,경상사고,0,0,1,0,차대차 - 기타,안전운전불이행,건조,맑음,교차로 - 교차로안,승용,남,59세,경상,승용,여,28세,상해없음
2022111100100327,2022년 11월 11일 14시,금요일,대전광역시 서구 가장동,경상사고,0,0,1,0,차대차 - 추돌,안전운전불이행,건조,맑음,기타 - 기타,승용,남,28세,상해없음,승용,여,28세,경상
2022111100100365,2022년 11월 11일 15시,금요일,대전광역시 중구 산성동,경상사고,0,0,3,0,차대차 - 기타,교차로운행방법위반,건조,맑음,교차로 - 교차로안,승용,남,44세,상해없음,승용,여,54세,경상
2022111100100366,2022년 11월 11일 15시,금요일,대전광역시 중구 산성동,중상사고,0,1,0,0,차대차 - 기타,안전운전불이행,건조,맑음,단일로 - 기타,자전거,남,50세,상해없음,자전거,남,60세,중상
2022111100100367,2022년 11월 11일 15시,금요일,대전광역시 유성구 지족동,경상사고,0,0,1,0,차대차 - 기타,안전운전불이행,건조,맑음,교차로 - 교차로안,승용,남,62세,상해없음,승용,남,36세,경상
2022111100100463,2022년 11월 11일 17시,금요일,대전광역시 중구 중촌동,경상사고,0,0,1,0,차대차 - 기타,안전운전불이행,건조,맑음,단일로 - 기타,승용,남,57세,상해없음,승용,남,26세,경상
2022111100100464,2022년 11월 11일 17시,금요일,대전광역시 동구 가양동,경상사고,0,0,1,0,차대사람 - 횡단중,보행자보호의무위반,건조,맑음,교차로 - 교차로횡단보도내,승용,남,40세,상해없음,보행자,여,66세,경상
2022111100100465,2022년 11월 11일 17시,금요일,대전광역시 대덕구 신대동,경상사고,0,0,1,0,차대차 - 추돌,안전운전불이행,건조,맑음,단일로 - 기타,화물,남,34세,상해없음,승용,남,60세,경상
2022111100100522,2022년 11월 11일 18시,금요일,대전광역시 유성구 신성동,경상사고,0,0,1,0,차대차 - 측면충돌,신호위반,건조,맑음,교차로 - 교차로횡단보도내,승용,남,69세,상해없음,자전거,남,38세,경상
2022111100100566,2022년 11월 11일 19시,금요일,대전광역시 대덕구 오정동,경상사고,0,0,1,0,차대차 - 기타,중앙선침범,건조,맑음,단일로 - 기타,승용,남,49세,상해없음,이륜,남,17세,경상
2022111100100596,2022년 11월 11일 20시,금요일,대전광역시 서구 둔산동,중상사고,0,1,0,0,차대사람 - 횡단중,안전운전불이행,건조,맑음,교차로 - 교차로안,승용,남,77세,상해없음,보행자,남,62세,중상
2022111100100629,2022년 11월 11일 21시,금요일,대전광역시 중구 옥계동,경상사고,0,0,1,0,차대차 - 기타,신호위반,건조,맑음,교차로 - 교차로부근,승용,여,40세,상해없음,승합,남,47세,경상
2022111100100630,2022년 11월 11일 21시,금요일,대전광역시 동구 가오동,경상사고,0,0,1,0,차대차 - 추돌,안전운전불이행,건조,맑음,교차로 - 교차로부근,승용,남,38세,상해없음,승용,남,61세,경상
2022111100100631,2022년 11월 11일 21시,금요일,대전광역시 유성구 봉명동,경상사고,0,0,1,0,차대차 - 기타,안전운전불이행,건조,맑음,단일로 - 기타,화물,남,58세,상해없음,이륜,남,31세,경상
2022111100100654,2022년 11월 11일 22시,금요일,대전광역시 대덕구 연축동,경상사고,0,0,1,0,차대차 - 측면충돌,안전거리미확보,건조,맑음,단일로 - 기타,승용,남,22세,상해없음,승용,남,39세,경상
2022111200100014,2022년 11월 12일 00시,토요일,대전광역시 유성구 탑립동,경상사고,0,0,2,0,차대차 - 추돌,안전운전불이행,건조,맑음,교차로 - 교차로부근,승용,남,39세,기타불명,승용,남,31세,경상
2022111200100061,2022년 11월 12일 05시,토요일,대전광역시 서구 둔산동,경상사고,0,0,1,0,차량단독 - 공작물충돌,안전운전불이행,건조,맑음,단일로 - 기타,승용,남,62세,상해없음,,,,
2022111200100118,2022년 11월 12일 09시,토요일,대전광역시 서구 갈마동,경상사고,0,0,1,0,차대차 - 측면충돌,안전운전불이행,건조,맑음,교차로 - 교차로부근,승용,여,58세,기타불명,이륜,남,30세,경상
2022111200100197,2022년 11월 12일 11시,토요일,대전광역시 서구 탄방동,경상사고,0,0,1,0,차대차 - 기타,안전운전불이행,건조,맑음,단일로 - 기타,승용,남,41세,상해없음,승용,남,68세,경상
2022111200100312,2022년 11월 12일 14시,토요일,대전광역시 서구 내동,경상사고,0,0,2,0,차대차 - 추돌,안전거리미확보,건조,맑음,교차로 - 교차로안,승용,여,67세,상해없음,승용,남,33세,경상
2022111200100313,2022년 11월 12일 14시,토요일,대전광역시 서구 둔산동,경상사고,0,0,2,0,차대차 - 추돌,안전운전불이행,건조,맑음,단일로 - 기타,승용,남,33세,상해없음,승용,여,41세,경상
2022111200100314,2022년 11월 12일 14시,토요일,대전광역시 서구 탄방동,경상사고,0,0,1,0,차대차 - 기타,불법유턴,건조,맑음,단일로 - 기타,승용,남,61세,상해없음,승용,여,56세,경상
2022111200100341,2022년 11월 12일 15시,토요일,대전광역시 대덕구 신대동,경상사고,0,0,6,0,차대차 - 측면충돌,안전거리미확보,건조,맑음,단일로 - 기타,승용,남,59세,상해없음,승용,남,41세,경상
2022111200100342,2022년 11월 12일 15시,토요일,대전광역시 유성구 봉명동,경상사고,0,0,1,0,차대차 - 측면충돌,안전운전불이행,건조,맑음,교차로 - 교차로부근,승용,남,62세,상해없음,자전거,남,51세,경상
2022111200100343,2022년 11월 12일 15시,토요일,대전광역시 유성구 봉명동,경상사고,0,0,1,0,차대차 - 측면충돌,안전운전불이행,건조,맑음,교차로 - 교차로부근,승용,남,51세,상해없음,승용,남,56세,경상
2022111200100387,2022년 11월 12일 16시,토요일,대전광역시 대덕구 중리동,경상사고,0,0,2,0,차대차 - 기타,안전거리미확보,젖음/습기,비,단일로 - 기타,승용,남,29세,상해없음,화물,남,24세,경상
2022111200100388,2022년 11월 12일 16시,토요일,대전광역시 유성구 장대동,경상사고,0,0,1,0,차대차 - 기타,안전운전불이행,건조,맑음,기타 - 기타,승용,남,52세,상해없음,승용,남,61세,경상
2022111200100434,2022년 11월 12일 17시,토요일,대전광역시 중구 문화동,경상사고,0,0,1,0,차대사람 - 기타,안전운전불이행,건조,맑음,교차로 - 교차로안,승합,남,52세,상해없음,보행자,남,70세,경상
2022111200100436,2022년 11월 12일 17시,토요일,대전광역시 서구 월평동,경상사고,0,0,3,0,차대차 - 기타,안전운전불이행,건조,맑음,기타 - 기타,승용,남,28세,상해없음,승용,여,33세,경상
2022111200100494,2022년 11월 12일 18시,토요일,대전광역시 중구 태평동,경상사고,0,0,1,0,차대차 - 측면충돌,안전운전불이행,건조,맑음,교차로 - 교차로안,승용,남,56세,기타불명,승용,남,59세,경상
2022111200100495,2022년 11월 12일 18시,토요일,대전광역시 동구 가양동,경상사고,0,0,1,0,차대차 - 측면충돌,안전운전불이행,건조,맑음,기타 - 기타,승용,남,59세,상해없음,화물,남,54세,경상
2022111200100496,2022년 11월 12일 18시,토요일,대전광역시 대덕구 중리동,경상사고,0,0,2,1,차대차 - 측면충돌,안전거리미확보,건조,맑음,교차로 - 교차로부근,승용,남,50세,기타불명,승용,여,54세,경상
2022111200100552,2022년 11월 12일 19시,토요일,대전광역시 동구 용전동,경상사고,0,0,1,0,차대차 - 측면충돌,안전운전불이행,건조,맑음,교차로 - 교차로부근,승용,남,60세,상해없음,승용,남,60세,경상
2022111200100553,2022년 11월 12일 19시,토요일,대전광역시 서구 도마동,경상사고,0,0,2,0,차대차 - 추돌,안전운전불이행,건조,맑음,단일로 - 기타,승용,남,53세,상해없음,승용,여,56세,경상
2022111200100554,2022년 11월 12일 19시,토요일,대전광역시 유성구 하기동,경상사고,0,0,1,0,차대차 - 기타,안전운전불이행,건조,맑음,교차로 - 교차로횡단보도내,승용,남,44세,상해없음,자전거,남,12세 이하,경상
2022111200100638,2022년 11월 12일 21시,토요일,대전광역시 대덕구 중리동,경상사고,0,0,1,0,차대차 - 기타,교차로운행방법위반,건조,맑음,교차로 - 교차로안,승용,남,53세,상해없음,이륜,남,35세,경상
2022111200100672,2022년 11월 12일 22시,토요일,대전광역시 동구 가오동,사망사고,1,0,2,0,차대차 - 측면충돌,신호위반,젖음/습기,비,교차로 - 교차로안,승용,남,63세,사망,승합,남,55세,경상
2022111200100673,2022년 11월 12일 22시,토요일,대전광역시 대덕구 읍내동,경상사고,0,0,1,0,차대차 - 기타,기타,건조,맑음,단일로 - 기타,승용,남,40세,상해없음,승용,남,40세,경상
2022111200100704,2022년 11월 12일 23시,토요일,대전광역시 서구 갈마동,경상사고,0,0,2,0,차대차 - 정면충돌,안전운전불이행,젖음/습기,비,교차로 - 교차로안,승용,남,41세,상해없음,승용,남,40세,경상
2022111300100013,2022년 11월 13일 00시,일요일,대전광역시 대덕구 오정동,경상사고,0,0,4,0,차대차 - 측면충돌,안전운전불이행,젖음/습기,비,단일로 - 기타,화물,남,40세,상해없음,승용,남,55세,경상
2022111300100014,2022년 11월 13일 00시,일요일,대전광역시 대덕구 중리동,경상사고,0,0,1,0,차대차 - 기타,안전운전불이행,젖음/습기,비,교차로 - 교차로부근,승용,남,44세,상해없음,승용,남,59세,경상
2022111300100032,2022년 11월 13일 01시,일요일,대전광역시 유성구 봉명동,경상사고,0,0,1,0,차대차 - 추돌,안전운전불이행,젖음/습기,비,단일로 - 기타,승용,남,35세,상해없음,승용,남,24세,경상
2022111300100085,2022년 11월 13일 07시,일요일,대전광역시 서구 만년동,경상사고,0,0,2,0,차대차 - 기타,신호위반,건조,맑음,교차로 - 교차로안,화물,남,57세,상해없음,승용,남,64세,경상
2022111300100092,2022년 11월 13일 08시,일요일,대전광역시 중구 사정동,중상사고,0,1,0,0,차대차 - 정면충돌,안전운전불이행,젖음/습기,맑음,단일로 - 기타,승용,남,57세,상해없음,승용,여,58세,중상
2022111300100093,2022년 11월 13일 08시,일요일,대전광역시 대덕구 석봉동,경상사고,0,0,1,0,차대차 - 기타,안전운전불이행,건조,맑음,단일로 - 기타,승용,남,61세,상해없음,자전거,남,17세,경상
2022111300100127,2022년 11월 13일 10시,일요일,대전광역시 서구 정림동,경상사고,0,0,1,0,차대차 - 기타,교차로운행방법위반,건조,맑음,교차로 - 교차로횡단보도내,승용,여,51세,상해없음,자전거,남,16세,경상
2022111300100284,2022년 11월 13일 16시,일요일,대전광역시 유성구 봉명동,경상사고,0,0,3,0,차대차 - 기타,안전운전불이행,건조,맑음,교차로 - 교차로안,승용,남,34세,상해없음,승용,남,54세,경상
2022111300100322,2022년 11월 13일 17시,일요일,대전광역시 대덕구 중리동,중상사고,0,1,0,0,차대사람 - 기타,안전운전불이행,건조,맑음,단일로 - 기타,승용,남,51세,상해없음,보행자,여,12세 이하,중상
2022111300100323,2022년 11월 13일 17시,일요일,대전광역시 서구 갈마동,경상사고,0,0,1,0,차대차 - 기타,교차로운행방법위반,건조,맑음,교차로 - 교차로부근,승용,남,27세,상해없음,이륜,남,27세,경상
2022111300100351,2022년 11월 13일 18시,일요일,대전광역시 유성구 원신흥동,중상사고,0,1,0,0,차대차 - 측면충돌,안전거리미확보,건조,맑음,단일로 - 기타,이륜,남,24세,상해없음,이륜,남,29세,중상
2022111300100378,2022년 11월 13일 19시,일요일,대전광역시 서구 관저동,경상사고,0,0,2,0,차대차 - 측면충돌,안전운전불이행,건조,맑음,단일로 - 기타,승용,남,70세,상해없음,승용,남,51세,경상
2022111300100379,2022년 11월 13일 19시,일요일,대전광역시 대덕구 중리동,부상신고사고,0,0,0,1,차대차 - 측면충돌,안전운전불이행,건조,맑음,기타 - 기타,승용,남,63세,부상신고,승용,남,61세,기타불명
2022111300100380,2022년 11월 13일 19시,일요일,대전광역시 서구 둔산동,경상사고,0,0,2,0,차대차 - 기타,신호위반,건조,맑음,단일로 - 기타,승용,남,50세,상해없음,승용,여,26세,경상
2022111300100381,2022년 11월 13일 19시,일요일,대전광역시 서구 둔산동,경상사고,0,0,2,0,차대차 - 기타,직진우회전진행방해,건조,맑음,교차로 - 교차로안,승용,여,41세,상해없음,승용,남,69세,경상
2022111300100410,2022년 11월 13일 20시,일요일,대전광역시 중구 태평동,경상사고,0,0,1,0,차대사람 - 기타,안전운전불이행,건조,맑음,교차로 - 교차로안,승용,여,45세,상해없음,보행자,남,65세,경상
2022111300100433,2022년 11월 13일 21시,일요일,대전광역시 동구 용전동,부상신고사고,0,0,0,1,차대사람 - 기타,안전운전불이행,건조,맑음,교차로 - 교차로안,승용,남,25세,상해없음,보행자,여,77세,부상신고
2022111300100445,2022년 11월 13일 22시,일요일,대전광역시 유성구 봉명동,경상사고,0,0,3,0,차대차 - 측면충돌,기타,건조,흐림,단일로 - 기타,승용,남,36세,경상,개인형이동수단(PM),남,40세,경상
2022111400100031,2022년 11월 14일 05시,월요일,대전광역시 서구 갈마동,경상사고,0,0,2,0,차대차 - 기타,안전운전불이행,건조,맑음,교차로 - 교차로안,승용,남,67세,상해없음,승용,남,21세,경상
2022111400100032,2022년 11월 14일 05시,월요일,대전광역시 서구 갈마동,부상신고사고,0,0,0,2,차대차 - 기타,안전운전불이행,건조,맑음,교차로 - 교차로부근,승용,남,29세,상해없음,승용,남,47세,부상신고
2022111400100033,2022년 11월 14일 05시,월요일,대전광역시 유성구 원신흥동,경상사고,0,0,1,0,차대차 - 추돌,안전거리미확보,건조,맑음,교차로 - 교차로부근,승합,남,43세,기타불명,승용,남,69세,경상
2022111400100051,2022년 11월 14일 06시,월요일,대전광역시 동구 대동,경상사고,0,0,1,0,차대차 - 기타,신호위반,건조,맑음,교차로 - 교차로안,승용,남,76세,상해없음,승용,남,71세,경상
2022111400100073,2022년 11월 14일 07시,월요일,대전광역시 서구 탄방동,경상사고,0,0,1,0,차대사람 - 기타,보행자보호의무위반,건조,맑음,교차로 - 교차로횡단보도내,승용,남,75세,상해없음,보행자,남,18세,경상
2022111400100074,2022년 11월 14일 07시,월요일,대전광역시 유성구 화암동,경상사고,0,0,1,0,차대차 - 기타,안전거리미확보,건조,맑음,단일로 - 기타,승용,남,63세,상해없음,승용,여,35세,경상
2022111400100113,2022년 11월 14일 08시,월요일,대전광역시 서구 괴정동,경상사고,0,0,2,0,차대차 - 기타,안전운전불이행,건조,맑음,단일로 - 기타,승용,남,43세,상해없음,승용,여,47세,경상
2022111400100114,2022년 11월 14일 08시,월요일,대전광역시 서구 둔산동,경상사고,0,0,1,0,차대차 - 기타,교차로운행방법위반,건조,맑음,교차로 - 교차로안,화물,남,60세,상해없음,승용,남,62세,경상
2022111400100115,2022년 11월 14일 08시,월요일,대전광역시 유성구 원내동,경상사고,0,0,1,0,차대차 - 후진중충돌,안전운전불이행,건조,흐림,교차로 - 교차로부근,승용,여,61세,상해없음,승용,여,35세,경상
2022111400100146,2022년 11월 14일 09시,월요일,대전광역시 동구 삼성동,경상사고,0,0,1,1,차대차 - 측면충돌,안전운전불이행,건조,맑음,교차로 - 교차로안,승용,남,80세,부상신고,화물,남,59세,경상
2022111400100173,2022년 11월 14일 10시,월요일,대전광역시 동구 대동,경상사고,0,0,1,0,차대차 - 측면충돌,안전운전불이행,건조,맑음,교차로 - 교차로안,화물,남,78세,상해없음,승용,남,36세,경상
2022111400100227,2022년 11월 14일 12시,월요일,대전광역시 대덕구 신탄진동,경상사고,0,0,1,0,차대차 - 추돌,안전운전불이행,건조,맑음,교차로 - 교차로부근,승용,남,73세,상해없음,화물,남,43세,경상
2022111400100228,2022년 11월 14일 12시,월요일,대전광역시 서구 탄방동,경상사고,0,0,1,0,차대차 - 기타,안전거리미확보,건조,맑음,교차로 - 교차로안,이륜,남,33세,상해없음,이륜,남,32세,경상
2022111400100229,2022년 11월 14일 12시,월요일,대전광역시 서구 둔산동,경상사고,0,0,1,0,차대사람 - 보도통행중,안전운전불이행,건조,맑음,단일로 - 기타,자전거,여,58세,상해없음,보행자,남,12세 이하,경상
2022111400100230,2022년 11월 14일 12시,월요일,대전광역시 유성구 반석동,경상사고,0,0,1,0,차대차 - 기타,안전운전불이행,건조,맑음,단일로 - 기타,건설기계,남,57세,상해없음,승용,남,54세,경상
2022111400100293,2022년 11월 14일 14시,월요일,대전광역시 유성구 봉명동,경상사고,0,0,1,0,차대차 - 기타,안전운전불이행,건조,맑음,기타 - 기타,승용,남,69세,상해없음,승용,남,28세,경상
2022111400100327,2022년 11월 14일 15시,월요일,대전광역시 중구 용두동,경상사고,0,0,1,0,차대차 - 측면충돌,직진우회전진행방해,건조,맑음,교차로 - 교차로안,승용,남,75세,상해없음,승용,여,42세,경상
2022111400100328,2022년 11월 14일 15시,월요일,대전광역시 동구 가양동,경상사고,0,0,2,0,차대차 - 측면충돌,안전운전불이행,건조,맑음,단일로 - 기타,승용,남,69세,상해없음,승용,남,74세,상해없음
2022111400100329,2022년 11월 14일 15시,월요일,대전광역시 대덕구 상서동,경상사고,0,0,1,0,차대차 - 추돌,안전거리미확보,건조,맑음,교차로 - 교차로부근,화물,남,70세,상해없음,승용,남,72세,경상
2022111400100368,2022년 11월 14일 16시,월요일,대전광역시 동구 용전동,경상사고,0,0,1,0,차대사람 - 길가장자리구역통행중,안전운전불이행,건조,맑음,교차로 - 교차로부근,이륜,남,65세,상해없음,보행자,여,14세,경상
2022111400100412,2022년 11월 14일 17시,월요일,대전광역시 대덕구 법동,경상사고,0,0,2,0,차대차 - 측면충돌,직진우회전진행방해,건조,맑음,교차로 - 교차로안,승용,남,59세,상해없음,승용,여,30세,경상
2022111400100413,2022년 11월 14일 17시,월요일,대전광역시 서구 둔산동,경상사고,0,0,1,0,차대차 - 측면충돌,안전운전불이행,건조,맑음,교차로 - 교차로안,승용,여,59세,상해없음,승용,남,34세,경상
2022111400100414,2022년 11월 14일 17시,월요일,대전광역시 유성구 봉명동,부상신고사고,0,0,0,1,차대사람 - 기타,안전운전불이행,건조,맑음,기타 - 기타,기타불명,기타불명,미분류,기타불명,보행자,남,50세,부상신고
2022111400100478,2022년 11월 14일 18시,월요일,대전광역시 대덕구 읍내동,중상사고,0,1,2,0,차대차 - 추돌,안전운전불이행,건조,맑음,교차로 - 교차로부근,이륜,남,54세,경상,승용,남,34세,경상
2022111400100479,2022년 11월 14일 18시,월요일,대전광역시 유성구 관평동,경상사고,0,0,1,0,차대차 - 기타,안전운전불이행,건조,맑음,교차로 - 교차로안,승합,남,60세,상해없음,승용,여,23세,경상
2022111500100010,2022년 11월 15일 00시,화요일,대전광역시 서구 만년동,중상사고,0,1,1,0,차대차 - 기타,신호위반,건조,맑음,교차로 - 교차로안,승용,여,32세,기타불명,승용,남,71세,경상
2022111500100066,2022년 11월 15일 06시,화요일,대전광역시 유성구 교촌동,중상사고,0,1,0,0,차대차 - 기타,안전운전불이행,건조,맑음,기타 - 기타,승합,남,61세,상해없음,자전거,남,52세,중상
2022111500100100,2022년 11월 15일 07시,화요일,대전광역시 유성구 노은동,경상사고,0,0,1,0,차대차 - 기타,신호위반,건조,맑음,교차로 - 교차로안,승용,여,44세,상해없음,승용,남,32세,경상
2022111500100141,2022년 11월 15일 08시,화요일,대전광역시 대덕구 신일동,경상사고,0,0,1,0,차대차 - 기타,신호위반,건조,맑음,교차로 - 교차로안,화물,남,45세,상해없음,승용,남,46세,경상
2022111500100168,2022년 11월 15일 09시,화요일,대전광역시 대덕구 비래동,경상사고,0,0,1,0,차대차 - 기타,안전운전불이행,건조,맑음,단일로 - 기타,승용,남,51세,상해없음,승용,남,32세,경상
2022111500100169,2022년 11월 15일 09시,화요일,대전광역시 유성구 반석동,경상사고,0,0,1,0,차대차 - 기타,안전운전불이행,건조,맑음,기타 - 기타,승용,여,50세,상해없음,승용,남,30세,경상
2022111500100194,2022년 11월 15일 10시,화요일,대전광역시 서구 흑석동,경상사고,0,0,1,0,차대사람 - 기타,안전운전불이행,건조,맑음,단일로 - 기타,승용,여,35세,상해없음,보행자,여,72세,경상
2022111500100226,2022년 11월 15일 11시,화요일,대전광역시 서구 둔산동,경상사고,0,0,1,0,차대사람 - 기타,안전운전불이행,건조,맑음,단일로 - 기타,승용,남,71세,상해없음,보행자,여,40세,경상
2022111500100227,2022년 11월 15일 11시,화요일,대전광역시 서구 둔산동,경상사고,0,0,1,0,차대차 - 추돌,안전운전불이행,건조,맑음,교차로 - 교차로부근,승용,남,75세,상해없음,화물,남,55세,경상
2022111500100271,2022년 11월 15일 12시,화요일,대전광역시 서구 탄방동,경상사고,0,0,1,0,차대차 - 기타,안전운전불이행,건조,맑음,교차로 - 교차로안,이륜,남,49세,상해없음,승용,여,60세,경상
2022111500100336,2022년 11월 15일 14시,화요일,대전광역시 대덕구 법동,경상사고,0,0,3,0,차대차 - 측면충돌,안전운전불이행,건조,맑음,교차로 - 교차로안,승용,남,78세,상해없음,승용,남,46세,경상
2022111500100359,2022년 11월 15일 15시,화요일,대전광역시 중구 안영동,중상사고,0,2,1,0,차대차 - 기타,안전운전불이행,건조,맑음,단일로 - 기타,화물,남,29세,상해없음,화물,남,54세,중상
2022111500100368,2022년 11월 15일 15시,화요일,대전광역시 서구 용문동,중상사고,0,1,0,0,차대차 - 측면충돌,신호위반,건조,맑음,교차로 - 교차로부근,승용,남,20세 이하,상해없음,승합,여,33세,중상
2022111500100369,2022년 11월 15일 15시,화요일,대전광역시 서구 월평동,경상사고,0,0,1,0,차량단독 - 기타,안전운전불이행,건조,맑음,교차로 - 교차로안,승합,남,33세,상해없음,,,,
2022111500100401,2022년 11월 15일 16시,화요일,대전광역시 서구 평촌동,경상사고,0,0,1,0,차대사람 - 기타,안전운전불이행,건조,맑음,단일로 - 기타,화물,남,69세,상해없음,보행자,남,67세,경상
2022111500100402,2022년 11월 15일 16시,화요일,대전광역시 대덕구 중리동,경상사고,0,0,1,0,차대차 - 측면충돌,안전운전불이행,건조,맑음,교차로 - 교차로부근,화물,남,22세,상해없음,이륜,남,40세,경상
2022111500100461,2022년 11월 15일 17시,화요일,대전광역시 대덕구 석봉동,중상사고,0,1,0,0,차대차 - 측면충돌,안전운전불이행,건조,맑음,단일로 - 기타,이륜,남,23세,상해없음,화물,남,59세,중상
2022111500100462,2022년 11월 15일 17시,화요일,대전광역시 대덕구 신탄진동,경상사고,0,0,1,0,차대사람 - 기타,안전운전불이행,건조,맑음,교차로 - 교차로부근,승용,남,70세,상해없음,보행자,여,13세,경상
2022111500100463,2022년 11월 15일 17시,화요일,대전광역시 유성구 노은동,경상사고,0,0,1,0,차대차 - 기타,안전거리미확보,건조,맑음,단일로 - 기타,승용,남,50세,상해없음,이륜,남,26세,경상
2022111500100524,2022년 11월 15일 18시,화요일,대전광역시 중구 선화동,경상사고,0,0,1,0,차대차 - 측면충돌,신호위반,건조,맑음,교차로 - 교차로안,승용,남,68세,상해없음,화물,남,56세,경상
2022111500100549,2022년 11월 15일 19시,화요일,대전광역시 중구 오류동,경상사고,0,0,1,0,차량단독 - 기타,안전운전불이행,건조,맑음,단일로 - 기타,승합,남,54세,상해없음,,,,
2022111500100550,2022년 11월 15일 19시,화요일,대전광역시 대덕구 석봉동,중상사고,0,1,0,0,차대사람 - 횡단중,보행자보호의무위반,건조,맑음,교차로 - 교차로횡단보도내,승용,남,50세,상해없음,보행자,남,31세,중상
2022111500100609,2022년 11월 15일 21시,화요일,대전광역시 서구 변동,경상사고,0,0,1,0,차대차 - 기타,안전운전불이행,건조,기타,교차로 - 교차로안,화물,남,49세,상해없음,승용,여,53세,경상