사고번호,사고일시,요일,시군구,사고내용,사망자수,중상자수,경상자수,부상신고자수,사고유형,법규위반,노면상태,기상상태,도로형태,가해운전자 차종,가해운전자 성별,가해운전자 연령,가해운전자 상해정도,피해운전자 차종,피해운전자 성별,피해운전자 연령,피해운전자 상해정도
2023020300100223,2023년 2월 3일 13시,금요일,대전광역시 서구 괴정동,중상사고,0,1,0,0,차대사람 - 기타,안전운전불이행,건조,맑음,교차로 - 교차로부근,승용,여,53세,상해없음,보행자,여,58세,중상
2023020300100225,2023년 2월 3일 13시,금요일,대전광역시 유성구 원내동,경상사고,0,0,1,0,차대차 - 기타,안전운전불이행,건조,맑음,기타 - 기타,승용,남,67세,상해없음,승용,남,43세,경상
2023020300100248,2023년 2월 3일 14시,금요일,대전광역시 중구 대사동,경상사고,0,0,1,0,차대차 - 측면충돌,안전거리미확보,건조,맑음,교차로 - 교차로부근,건설기계,남,65세,상해없음,승용,여,79세,경상
2023020300100249,2023년 2월 3일 14시,금요일,대전광역시 서구 관저동,경상사고,0,0,1,0,차대차 - 측면충돌,기타,건조,맑음,단일로 - 기타,승용,여,55세,경상,승용,남,38세,상해없음
2023020300100326,2023년 2월 3일 16시,금요일,대전광역시 대덕구 법동,중상사고,0,1,0,0,차대사람 - 횡단중,안전운전불이행,건조,맑음,교차로 - 교차로안,승용,남,68세,상해없음,보행자,여,79세,중상
2023020300100327,2023년 2월 3일 16시,금요일,대전광역시 대덕구 송촌동,중상사고,0,1,0,0,차대사람 - 차도통행중,안전운전불이행,건조,맑음,교차로 - 교차로부근,승용,남,56세,상해없음,보행자,여,67세,중상
2023020300100328,2023년 2월 3일 16시,금요일,대전광역시 유성구 죽동,경상사고,0,0,1,0,차대차 - 기타,안전운전불이행,건조,맑음,단일로 - 기타,승합,남,62세,상해없음,승용,여,32세,경상
2023020300100364,2023년 2월 3일 17시,금요일,대전광역시 유성구 궁동,경상사고,0,0,1,0,차대차 - 측면충돌,직진우회전진행방해,건조,맑음,교차로 - 교차로안,승용,남,35세,상해없음,화물,남,27세,경상
2023020300100424,2023년 2월 3일 18시,금요일,대전광역시 동구 가양동,경상사고,0,0,1,0,차대차 - 측면충돌,신호위반,건조,맑음,교차로 - 교차로안,승합,남,51세,상해없음,승용,남,30세,경상
2023020300100425,2023년 2월 3일 18시,금요일,대전광역시 서구 가수원동,경상사고,0,0,1,0,차대차 - 기타,안전운전불이행,건조,맑음,교차로 - 교차로부근,승합,남,50세,상해없음,승용,여,46세,경상
2023020300100426,2023년 2월 3일 18시,금요일,대전광역시 서구 변동,경상사고,0,0,1,0,차대차 - 기타,안전운전불이행,건조,맑음,교차로 - 교차로안,승용,남,61세,상해없음,승용,남,34세,경상
2023020300100427,2023년 2월 3일 18시,금요일,대전광역시 대덕구 오정동,경상사고,0,0,1,0,차대차 - 추돌,안전운전불이행,건조,맑음,단일로 - 기타,화물,남,31세,상해없음,승용,남,64세,경상
2023020300100428,2023년 2월 3일 18시,금요일,대전광역시 유성구 봉산동,중상사고,0,1,0,2,차대차 - 측면충돌,안전운전불이행,건조,맑음,교차로 - 교차로안,승합,남,56세,상해없음,원동기,남,67세,중상
2023020300100429,2023년 2월 3일 18시,금요일,대전광역시 유성구 노은동,경상사고,0,0,2,0,차대차 - 기타,신호위반,건조,맑음,교차로 - 교차로횡단보도내,승용,남,27세,상해없음,승용,남,43세,경상
2023020300100470,2023년 2월 3일 19시,금요일,대전광역시 서구 복수동,경상사고,0,0,1,0,차대차 - 기타,신호위반,건조,맑음,교차로 - 교차로안,승용,남,70세,상해없음,이륜,남,69세,경상
2023020300100471,2023년 2월 3일 19시,금요일,대전광역시 유성구 지족동,경상사고,0,0,1,0,차대차 - 기타,신호위반,건조,맑음,교차로 - 교차로안,이륜,남,47세,상해없음,승용,여,42세,경상
2023020300100472,2023년 2월 3일 19시,금요일,대전광역시 유성구 궁동,경상사고,0,0,1,0,차대차 - 기타,신호위반,건조,맑음,교차로 - 교차로안,이륜,남,63세,상해없음,이륜,남,28세,경상
2023020300100473,2023년 2월 3일 19시,금요일,대전광역시 유성구 봉명동,경상사고,0,0,1,0,차대차 - 측면충돌,교차로운행방법위반,건조,맑음,교차로 - 교차로안,승용,여,47세,상해없음,승용,여,55세,경상
2023020300100474,2023년 2월 3일 19시,금요일,대전광역시 유성구 반석동,경상사고,0,0,1,0,차대차 - 기타,교차로운행방법위반,건조,맑음,교차로 - 교차로안,화물,남,70세,상해없음,승용,남,33세,경상
2023020300100500,2023년 2월 3일 20시,금요일,대전광역시 동구 용전동,경상사고,0,0,1,0,차대사람 - 기타,안전운전불이행,건조,맑음,교차로 - 교차로안,승용,남,64세,상해없음,보행자,남,54세,경상
2023020300100501,2023년 2월 3일 20시,금요일,대전광역시 유성구 복용동,경상사고,0,0,2,0,차대차 - 측면충돌,안전운전불이행,건조,맑음,교차로 - 교차로부근,승용,남,36세,상해없음,승용,남,44세,경상
2023020300100532,2023년 2월 3일 21시,금요일,대전광역시 중구 대흥동,중상사고,0,1,1,0,차대차 - 측면충돌,직진우회전진행방해,건조,맑음,교차로 - 교차로안,승용,남,27세,상해없음,이륜,남,54세,중상
2023020300100555,2023년 2월 3일 22시,금요일,대전광역시 동구 용전동,경상사고,0,0,1,0,차대사람 - 횡단중,보행자보호의무위반,건조,맑음,단일로 - 기타,승용,여,59세,상해없음,보행자,남,46세,경상
2023020300100556,2023년 2월 3일 22시,금요일,대전광역시 서구 가장동,경상사고,0,0,1,0,차대차 - 측면충돌,신호위반,건조,맑음,교차로 - 교차로안,승용,여,37세,상해없음,이륜,남,37세,경상
2023020300100557,2023년 2월 3일 22시,금요일,대전광역시 서구 도안동,중상사고,0,1,0,0,차대차 - 정면충돌,중앙선침범,건조,기타,단일로 - 기타,승용,남,45세,상해없음,승용,남,50세,중상
2023020300100569,2023년 2월 3일 23시,금요일,대전광역시 유성구 학하동,경상사고,0,0,2,0,차대차 - 추돌,안전운전불이행,건조,맑음,단일로 - 기타,승용,남,53세,상해없음,승용,남,42세,경상
2023020400100039,2023년 2월 4일 01시,토요일,대전광역시 대덕구 중리동,경상사고,0,0,2,0,차대차 - 기타,안전운전불이행,건조,맑음,기타 - 기타,승용,남,45세,상해없음,승용,남,55세,경상
2023020400100064,2023년 2월 4일 05시,토요일,대전광역시 서구 둔산동,경상사고,0,0,1,0,차대사람 - 기타,안전운전불이행,건조,맑음,단일로 - 기타,승용,남,33세,상해없음,보행자,남,23세,경상
2023020400100117,2023년 2월 4일 09시,토요일,대전광역시 중구 문화동,경상사고,0,0,1,0,차대차 - 측면충돌,직진우회전진행방해,건조,맑음,교차로 - 교차로안,화물,남,54세,기타불명,원동기,남,57세,경상
2023020400100165,2023년 2월 4일 11시,토요일,대전광역시 서구 도안동,경상사고,0,0,1,0,차대차 - 기타,안전거리미확보,건조,맑음,단일로 - 기타,이륜,남,34세,상해없음,승용,남,62세,경상
2023020400100166,2023년 2월 4일 11시,토요일,대전광역시 서구 갈마동,중상사고,0,1,0,0,차대사람 - 차도통행중,안전운전불이행,건조,맑음,교차로 - 교차로부근,승용,여,28세,상해없음,보행자,여,76세,중상
2023020400100167,2023년 2월 4일 11시,토요일,대전광역시 유성구 지족동,경상사고,0,0,1,0,차대차 - 기타,안전운전불이행,건조,맑음,교차로 - 교차로안,승용,여,37세,상해없음,승용,여,65세,경상
2023020400100206,2023년 2월 4일 12시,토요일,대전광역시 대덕구 오정동,경상사고,0,0,1,0,차대차 - 측면충돌,신호위반,건조,맑음,교차로 - 교차로횡단보도내,승용,여,74세,상해없음,자전거,여,66세,경상
2023020400100267,2023년 2월 4일 14시,토요일,대전광역시 서구 갈마동,경상사고,0,0,1,0,차대사람 - 기타,신호위반,건조,맑음,교차로 - 교차로횡단보도내,승용,남,67세,상해없음,보행자,남,25세,경상
2023020400100268,2023년 2월 4일 14시,토요일,대전광역시 유성구 봉명동,부상신고사고,0,0,0,4,차대차 - 측면충돌,교차로운행방법위반,건조,맑음,교차로 - 교차로부근,승용,여,63세,상해없음,승용,남,39세,부상신고
2023020400100298,2023년 2월 4일 15시,토요일,대전광역시 동구 대동,경상사고,0,0,1,0,차대차 - 기타,기타,건조,맑음,교차로 - 교차로부근,승용,남,63세,상해없음,이륜,남,40세,경상
2023020400100331,2023년 2월 4일 16시,토요일,대전광역시 중구 태평동,경상사고,0,0,1,0,차대차 - 측면충돌,교차로운행방법위반,건조,맑음,교차로 - 교차로안,승용,남,25세,상해없음,승용,남,29세,경상
2023020400100332,2023년 2월 4일 16시,토요일,대전광역시 동구 원동,경상사고,0,0,1,0,차대사람 - 기타,안전운전불이행,건조,맑음,단일로 - 기타,자전거,남,58세,상해없음,보행자,여,62세,경상
2023020400100333,2023년 2월 4일 16시,토요일,대전광역시 대덕구 중리동,경상사고,0,0,1,0,차대차 - 측면충돌,신호위반,건조,맑음,교차로 - 교차로안,승용,남,61세,상해없음,이륜,남,19세,경상
2023020400100368,2023년 2월 4일 17시,토요일,대전광역시 서구 탄방동,경상사고,0,0,1,0,차대차 - 추돌,안전운전불이행,건조,맑음,단일로 - 기타,승용,남,46세,상해없음,승용,여,23세,경상
2023020400100395,2023년 2월 4일 18시,토요일,대전광역시 중구 사정동,중상사고,0,1,0,0,차대사람 - 보도통행중,안전운전불이행,건조,맑음,교차로 - 교차로횡단보도내,승용,여,62세,상해없음,보행자,여,69세,중상
2023020400100396,2023년 2월 4일 18시,토요일,대전광역시 중구 용두동,경상사고,0,0,1,0,차대차 - 측면충돌,안전거리미확보,건조,맑음,단일로 - 고가도로위,승용,여,63세,상해없음,승용,남,41세,경상
2023020400100478,2023년 2월 4일 21시,토요일,대전광역시 유성구 관평동,중상사고,0,1,0,0,차대차 - 기타,안전운전불이행,건조,맑음,교차로 - 교차로부근,승용,남,50세,상해없음,자전거,남,38세,중상
2023020400100498,2023년 2월 4일 22시,토요일,대전광역시 중구 유천동,중상사고,0,1,0,0,차대사람 - 기타,보행자보호의무위반,건조,맑음,교차로 - 교차로횡단보도내,승용,여,57세,상해없음,보행자,남,58세,중상
2023020500100084,2023년 2월 5일 09시,일요일,대전광역시 서구 변동,경상사고,0,0,1,0,차대차 - 추돌,안전거리미확보,건조,맑음,기타 - 기타,승용,남,27세,상해없음,원동기,남,31세,경상
2023020500100118,2023년 2월 5일 11시,일요일,대전광역시 중구 문창동,중상사고,0,1,0,0,차량단독 - 기타,안전운전불이행,건조,맑음,교차로 - 교차로부근,승용,남,73세,상해없음,,,,
2023020500100119,2023년 2월 5일 11시,일요일,대전광역시 동구 가양동,경상사고,0,0,1,0,차대차 - 측면충돌,안전운전불이행,건조,맑음,교차로 - 교차로안,승용,남,74세,상해없음,승용,남,36세,경상
2023020500100120,2023년 2월 5일 11시,일요일,대전광역시 유성구 원내동,경상사고,0,0,2,0,차대차 - 기타,신호위반,건조,맑음,기타 - 기타,승용,남,36세,상해없음,승용,여,77세,경상
2023020500100167,2023년 2월 5일 13시,일요일,대전광역시 유성구 원신흥동,경상사고,0,0,1,0,차대사람 - 기타,신호위반,건조,맑음,단일로 - 기타,이륜,남,20세 이하,상해없음,보행자,남,25세,경상
2023020500100237,2023년 2월 5일 16시,일요일,대전광역시 동구 용운동,경상사고,0,0,1,0,차대사람 - 길가장자리구역통행중,안전운전불이행,건조,맑음,단일로 - 기타,승용,여,27세,상해없음,보행자,남,45세,경상
2023020500100238,2023년 2월 5일 16시,일요일,대전광역시 대덕구 석봉동,경상사고,0,0,5,0,차대차 - 측면충돌,안전운전불이행,건조,맑음,교차로 - 교차로부근,승용,남,65세,상해없음,승용,남,61세,경상
2023020500100262,2023년 2월 5일 17시,일요일,대전광역시 중구 오류동,중상사고,0,1,1,0,차대차 - 측면충돌,신호위반,건조,맑음,교차로 - 교차로안,승용,남,54세,상해없음,이륜,남,30세,중상
2023020500100263,2023년 2월 5일 17시,일요일,대전광역시 서구 괴정동,중상사고,0,1,0,0,차대차 - 기타,안전운전불이행,건조,맑음,교차로 - 교차로안,승용,남,68세,상해없음,이륜,남,29세,중상
2023020500100295,2023년 2월 5일 18시,일요일,대전광역시 서구 탄방동,경상사고,0,0,3,0,차대차 - 추돌,안전운전불이행,건조,맑음,교차로 - 교차로부근,승용,남,51세,기타불명,승합,남,49세,경상
2023020500100321,2023년 2월 5일 19시,일요일,대전광역시 서구 둔산동,중상사고,0,1,0,0,차대사람 - 기타,안전운전불이행,건조,맑음,주차장 - 주차장,승용,남,39세,상해없음,보행자,남,68세,중상
2023020500100361,2023년 2월 5일 21시,일요일,대전광역시 유성구 지족동,중상사고,0,1,2,0,차대차 - 추돌,안전운전불이행,건조,맑음,교차로 - 교차로부근,승용,남,57세,상해없음,승용,남,46세,중상
2023020600100050,2023년 2월 6일 06시,월요일,대전광역시 유성구 덕진동,경상사고,0,0,1,0,차대차 - 추돌,안전거리미확보,건조,맑음,단일로 - 기타,승용,남,60세,상해없음,화물,남,54세,경상
2023020600100080,2023년 2월 6일 07시,월요일,대전광역시 대덕구 신대동,부상신고사고,0,0,0,1,차량단독 - 공작물충돌,안전운전불이행,젖음/습기,기타,단일로 - 기타,승용,남,42세,부상신고,,,,
2023020600100151,2023년 2월 6일 09시,월요일,대전광역시 서구 관저동,사망사고,1,2,6,0,차대차 - 기타,기타,건조,맑음,교차로 - 교차로부근,승용,여,44세,중상,승용,여,66세,사망
2023020600100226,2023년 2월 6일 12시,월요일,대전광역시 동구 신흥동,경상사고,0,0,1,0,차대차 - 추돌,안전운전불이행,건조,맑음,단일로 - 기타,승용,남,51세,상해없음,승용,남,40세,경상
2023020600100272,2023년 2월 6일 14시,월요일,대전광역시 중구 문화동,중상사고,0,1,0,0,차대사람 - 기타,안전운전불이행,건조,맑음,기타 - 기타,자전거,남,81세 이상,상해없음,보행자,여,77세,중상
2023020600100273,2023년 2월 6일 14시,월요일,대전광역시 서구 월평동,경상사고,0,0,1,0,차대사람 - 길가장자리구역통행중,안전운전불이행,건조,맑음,단일로 - 기타,승용,남,62세,상해없음,보행자,남,39세,경상
2023020600100316,2023년 2월 6일 16시,월요일,대전광역시 서구 둔산동,경상사고,0,0,1,0,차대사람 - 길가장자리구역통행중,안전운전불이행,건조,맑음,단일로 - 기타,승용,여,53세,상해없음,보행자,남,31세,경상
2023020600100343,2023년 2월 6일 17시,월요일,대전광역시 동구 소제동,중상사고,0,1,0,0,차대사람 - 기타,안전운전불이행,건조,맑음,기타 - 기타,자전거,남,60세,상해없음,보행자,여,64세,중상
2023020600100344,2023년 2월 6일 17시,월요일,대전광역시 동구 홍도동,중상사고,0,1,0,0,차대사람 - 기타,보행자보호의무위반,건조,맑음,교차로 - 교차로횡단보도내,승용,남,67세,상해없음,보행자,남,73세,중상
2023020600100392,2023년 2월 6일 18시,월요일,대전광역시 서구 도안동,경상사고,0,0,1,0,차대차 - 측면충돌,안전거리미확보,건조,맑음,단일로 - 기타,승용,여,27세,상해없음,승용,남,53세,경상
2023020600100431,2023년 2월 6일 19시,월요일,대전광역시 유성구 관평동,경상사고,0,0,1,0,차대차 - 측면충돌,안전거리미확보,건조,맑음,단일로 - 기타,승용,여,54세,상해없음,승용,여,51세,경상
2023020600100462,2023년 2월 6일 21시,월요일,대전광역시 중구 문화동,경상사고,0,0,1,0,차대차 - 기타,안전운전불이행,건조,맑음,단일로 - 기타,승용,여,57세,상해없음,원동기,남,51세,경상
2023020600100463,2023년 2월 6일 21시,월요일,대전광역시 서구 둔산동,경상사고,0,0,2,0,차대차 - 기타,신호위반,건조,기타,교차로 - 교차로안,승용,남,67세,상해없음,승용,남,70세,경상
2023020600100478,2023년 2월 6일 22시,월요일,대전광역시 서구 갈마동,중상사고,0,3,0,0,차대차 - 기타,안전운전불이행,건조,맑음,단일로 - 기타,승용,남,40세,상해없음,승용,여,53세,중상
2023020600100487,2023년 2월 6일 23시,월요일,대전광역시 서구 용문동,경상사고,0,0,1,0,차대차 - 기타,불법유턴,건조,맑음,단일로 - 기타,승용,남,70세,상해없음,이륜,남,27세,경상
2023020700100073,2023년 2월 7일 07시,화요일,대전광역시 대덕구 상서동,경상사고,0,0,1,0,차대차 - 추돌,안전운전불이행,건조,맑음,교차로 - 교차로부근,화물,남,45세,상해없음,승용,남,33세,경상
2023020700100290,2023년 2월 7일 14시,화요일,대전광역시 서구 가수원동,사망사고,1,0,0,0,차량단독 - 기타,안전운전불이행,건조,맑음,교차로 - 교차로부근,승용,남,51세,사망,,,,
2023020700100311,2023년 2월 7일 15시,화요일,대전광역시 동구 판암동,중상사고,0,1,0,0,차대차 - 측면충돌,안전운전불이행,건조,맑음,교차로 - 교차로안,승용,남,51세,상해없음,개인형이동수단(PM),남,81세 이상,중상
2023020700100370,2023년 2월 7일 17시,화요일,대전광역시 서구 둔산동,경상사고,0,0,2,0,차대차 - 추돌,안전운전불이행,건조,맑음,단일로 - 기타,승용,남,57세,상해없음,승용,여,43세,경상
2023020700100452,2023년 2월 7일 19시,화요일,대전광역시 대덕구 덕암동,경상사고,0,0,1,0,차대차 - 정면충돌,안전운전불이행,건조,맑음,기타 - 기타,화물,남,66세,상해없음,승용,남,19세,경상
2023020700100453,2023년 2월 7일 19시,화요일,대전광역시 서구 만년동,중상사고,0,1,0,0,차대차 - 기타,중앙선침범,건조,맑음,교차로 - 교차로부근,승용,여,43세,상해없음,이륜,남,29세,중상
2023020700100531,2023년 2월 7일 22시,화요일,대전광역시 서구 괴정동,중상사고,0,1,0,0,차대차 - 추돌,안전운전불이행,건조,맑음,교차로 - 교차로부근,승용,남,47세,상해없음,이륜,남,37세,중상
2023020800100012,2023년 2월 8일 00시,수요일,대전광역시 유성구 궁동,경상사고,0,0,1,0,차대차 - 기타,안전운전불이행,건조,맑음,교차로 - 교차로안,승용,여,23세,상해없음,이륜,남,51세,경상
2023020800100029,2023년 2월 8일 02시,수요일,대전광역시 서구 월평동,중상사고,0,1,2,0,차대사람 - 차도통행중,안전운전불이행,건조,기타,단일로 - 기타,승용,남,21세,상해없음,보행자,남,58세,중상
2023020800100054,2023년 2월 8일 05시,수요일,대전광역시 서구 관저동,사망사고,1,0,0,0,차량단독 - 도로외이탈 - 기타,안전운전불이행,건조,기타,단일로 - 기타,화물,남,62세,사망,,,,
2023020800100123,2023년 2월 8일 08시,수요일,대전광역시 중구 부사동,경상사고,0,0,1,0,차대차 - 기타,안전운전불이행,건조,맑음,교차로 - 교차로부근,화물,남,74세,상해없음,승용,여,24세,경상
2023020800100124,2023년 2월 8일 08시,수요일,대전광역시 유성구 둔곡동,경상사고,0,0,1,1,차대차 - 추돌,안전거리미확보,건조,맑음,교차로 - 교차로안,승용,여,48세,경상,승용,여,31세,부상신고
2023020800100147,2023년 2월 8일 09시,수요일,대전광역시 서구 괴곡동,사망사고,1,0,3,0,차대차 - 추돌,안전운전불이행,건조,맑음,단일로 - 터널,화물,남,57세,상해없음,화물,남,55세,사망
2023020800100182,2023년 2월 8일 10시,수요일,대전광역시 동구 판암동,경상사고,0,0,2,0,차대차 - 측면충돌,안전운전불이행,건조,맑음,교차로 - 교차로안,승합,남,41세,상해없음,승용,남,71세,경상
2023020800100206,2023년 2월 8일 11시,수요일,대전광역시 중구 대흥동,경상사고,0,0,1,0,차대차 - 기타,신호위반,건조,맑음,교차로 - 교차로안,승용,여,67세,상해없음,이륜,남,55세,경상
2023020800100225,2023년 2월 8일 12시,수요일,대전광역시 동구 가양동,경상사고,0,0,1,0,차대차 - 측면충돌,안전거리미확보,건조,맑음,단일로 - 기타,승용,남,64세,상해없음,승합,남,42세,경상
2023020800100226,2023년 2월 8일 12시,수요일,대전광역시 유성구 봉명동,경상사고,0,0,1,0,차대차 - 측면충돌,교차로운행방법위반,건조,맑음,교차로 - 교차로안,승용,여,63세,기타불명,승용,여,58세,경상
2023020800100257,2023년 2월 8일 13시,수요일,대전광역시 중구 산성동,중상사고,0,1,0,0,차대사람 - 기타,안전운전불이행,건조,맑음,단일로 - 기타,화물,남,54세,상해없음,보행자,남,12세 이하,중상
2023020800100295,2023년 2월 8일 14시,수요일,대전광역시 동구 원동,중상사고,0,1,0,0,차대사람 - 횡단중,보행자보호의무위반,건조,맑음,교차로 - 교차로횡단보도내,승용,여,61세,상해없음,보행자,남,67세,중상
2023020800100322,2023년 2월 8일 15시,수요일,대전광역시 동구 판암동,경상사고,0,0,1,0,차대차 - 추돌,안전운전불이행,건조,맑음,단일로 - 기타,건설기계,남,69세,상해없음,승용,남,37세,경상
2023020800100353,2023년 2월 8일 16시,수요일,대전광역시 유성구 궁동,경상사고,0,0,2,0,차대차 - 측면충돌,안전거리미확보,건조,맑음,단일로 - 교량,승용,남,20세 이하,상해없음,승용,남,64세,경상
2023020800100432,2023년 2월 8일 18시,수요일,대전광역시 중구 대흥동,경상사고,0,0,2,0,차대차 - 기타,신호위반,건조,맑음,교차로 - 교차로횡단보도내,승용,여,23세,상해없음,승용,남,66세,경상
2023020800100433,2023년 2월 8일 18시,수요일,대전광역시 동구 정동,중상사고,0,1,0,0,차대사람 - 횡단중,안전운전불이행,건조,맑음,단일로 - 지하차도(도로)내,승합,남,58세,상해없음,보행자,남,53세,중상
2023020800100434,2023년 2월 8일 18시,수요일,대전광역시 서구 둔산동,경상사고,0,0,1,0,차대차 - 측면충돌,신호위반,건조,맑음,단일로 - 기타,사륜오토바이(ATV),남,25세,상해없음,승용,여,36세,경상
2023020800100435,2023년 2월 8일 18시,수요일,대전광역시 유성구 갑동,중상사고,0,1,1,0,차대차 - 기타,안전운전불이행,건조,맑음,교차로 - 교차로안,승용,남,29세,상해없음,승용,여,29세,중상
2023020800100436,2023년 2월 8일 18시,수요일,대전광역시 유성구 지족동,중상사고,0,1,0,0,차대차 - 기타,신호위반,건조,맑음,교차로 - 교차로부근,승용,남,31세,상해없음,개인형이동수단(PM),남,23세,중상
2023020800100508,2023년 2월 8일 21시,수요일,대전광역시 중구 사정동,경상사고,0,0,1,0,차대사람 - 횡단중,안전운전불이행,건조,맑음,교차로 - 교차로안,승용,남,37세,상해없음,보행자,여,45세,경상
2023020800100523,2023년 2월 8일 22시,수요일,대전광역시 중구 중촌동,경상사고,0,0,1,0,차량단독 - 기타,안전운전불이행,건조,맑음,단일로 - 기타,승합,남,34세,상해없음,,,,
2023020800100538,2023년 2월 8일 23시,수요일,대전광역시 유성구 원신흥동,경상사고,0,0,1,0,차대차 - 기타,안전거리미확보,건조,맑음,단일로 - 기타,승용,남,37세,상해없음,승용,남,44세,경상
2023020800100539,2023년 2월 8일 23시,수요일,대전광역시 유성구 구암동,경상사고,0,0,4,0,차대차 - 기타,안전운전불이행,건조,맑음,단일로 - 기타,승용,남,38세,상해없음,승용,남,18세,경상
2023020900100010,2023년 2월 9일 00시,목요일,대전광역시 서구 둔산동,경상사고,0,0,2,0,차대차 - 기타,안전운전불이행,건조,맑음,교차로 - 교차로안,승용,남,53세,상해없음,승용,여,47세,경상
2023020900100023,2023년 2월 9일 02시,목요일,대전광역시 유성구 관평동,경상사고,0,0,3,0,차대차 - 추돌,안전운전불이행,건조,맑음,교차로 - 교차로부근,승용,남,34세,상해없음,승용,남,56세,경상
2023020900100028,2023년 2월 9일 04시,목요일,대전광역시 유성구 지족동,중상사고,0,1,0,0,차량단독 - 기타,안전운전불이행,건조,맑음,교차로 - 교차로부근,승용,남,70세,상해없음,,,,
2023020900100042,2023년 2월 9일 06시,목요일,대전광역시 유성구 교촌동,중상사고,0,1,0,0,차대차 - 측면충돌,신호위반,건조,맑음,교차로 - 교차로안,승용,남,61세,기타불명,승용,남,63세,중상
2023020900100063,2023년 2월 9일 07시,목요일,대전광역시 동구 삼성동,경상사고,0,0,1,0,차대차 - 측면충돌,안전운전불이행,건조,맑음,단일로 - 기타,승용,남,62세,상해없음,승용,남,44세,경상
2023020900100084,2023년 2월 9일 08시,목요일,대전광역시 중구 은행동,경상사고,0,0,1,0,차대차 - 기타,신호위반,건조,맑음,교차로 - 교차로안,승합,남,54세,상해없음,승합,남,54세,기타불명
2023020900100085,2023년 2월 9일 08시,목요일,대전광역시 동구 인동,중상사고,0,1,0,0,차대차 - 측면충돌,신호위반,건조,맑음,교차로 - 교차로안,승용,여,66세,상해없음,이륜,남,38세,중상
2023020900100162,2023년 2월 9일 11시,목요일,대전광역시 동구 가양동,경상사고,0,0,1,0,차대차 - 측면충돌,직진우회전진행방해,건조,맑음,교차로 - 교차로안,화물,남,63세,상해없음,승용,남,27세,경상
2023020900100163,2023년 2월 9일 11시,목요일,대전광역시 대덕구 중리동,경상사고,0,0,1,0,차대차 - 기타,안전운전불이행,건조,맑음,교차로 - 교차로안,승용,남,65세,상해없음,승용,남,33세,경상
2023020900100164,2023년 2월 9일 11시,목요일,대전광역시 유성구 원내동,중상사고,0,1,0,0,차대사람 - 기타,보행자보호의무위반,건조,맑음,교차로 - 교차로횡단보도내,화물,남,55세,상해없음,보행자,여,71세,중상
2023020900100193,2023년 2월 9일 12시,목요일,대전광역시 서구 둔산동,경상사고,0,0,2,0,차대차 - 측면충돌,안전운전불이행,건조,맑음,교차로 - 교차로부근,승용,여,39세,상해없음,승용,남,41세,경상
2023020900100246,2023년 2월 9일 14시,목요일,대전광역시 서구 둔산동,경상사고,0,0,2,0,차대차 - 측면충돌,신호위반,건조,맑음,교차로 - 교차로부근,승용,남,52세,상해없음,승용,남,64세,경상
2023020900100272,2023년 2월 9일 15시,목요일,대전광역시 유성구 용계동,중상사고,0,1,0,0,차대차 - 기타,안전운전불이행,건조,맑음,단일로 - 기타,승용,남,48세,상해없음,이륜,남,36세,중상
2023020900100299,2023년 2월 9일 16시,목요일,대전광역시 동구 가양동,경상사고,0,0,1,0,차대사람 - 횡단중,보행자보호의무위반,건조,맑음,교차로 - 교차로안,승용,남,51세,상해없음,보행자,여,67세,경상
2023020900100361,2023년 2월 9일 18시,목요일,대전광역시 유성구 송강동,경상사고,0,0,1,0,차대차 - 기타,안전운전불이행,건조,맑음,기타 - 기타,승용,여,24세,상해없음,승용,여,46세,경상
2023020900100403,2023년 2월 9일 19시,목요일,대전광역시 유성구 구룡동,경상사고,0,0,1,0,차량단독 - 전도전복 - 전도,안전운전불이행,건조,맑음,단일로 - 기타,이륜,남,81세 이상,경상,,,,
2023020900100433,2023년 2월 9일 20시,목요일,대전광역시 서구 복수동,경상사고,0,0,1,0,차대차 - 기타,안전거리미확보,건조,맑음,단일로 - 기타,승용,남,67세,상해없음,승용,남,24세,경상
2023020900100456,2023년 2월 9일 21시,목요일,대전광역시 중구 유천동,경상사고,0,0,2,0,차대차 - 측면충돌,안전거리미확보,건조,맑음,교차로 - 교차로부근,승용,여,63세,상해없음,승용,남,56세,경상
2023020900100482,2023년 2월 9일 22시,목요일,대전광역시 대덕구 송촌동,경상사고,0,0,1,0,차대사람 - 횡단중,보행자보호의무위반,젖음/습기,비,교차로 - 교차로횡단보도내,승용,남,34세,상해없음,보행자,여,27세,경상
2023020900100483,2023년 2월 9일 22시,목요일,대전광역시 서구 탄방동,경상사고,0,0,1,0,차대차 - 기타,안전운전불이행,젖음/습기,비,교차로 - 교차로안,승용,남,41세,상해없음,승용,남,47세,경상
2023020900100500,2023년 2월 9일 23시,목요일,대전광역시 대덕구 비래동,경상사고,0,0,1,1,차대차 - 기타,안전운전불이행,젖음/습기,비,교차로 - 교차로안,승용,여,22세,기타불명,승용,남,64세,경상
2023020900100501,2023년 2월 9일 23시,목요일,대전광역시 서구 탄방동,경상사고,0,0,2,0,차대차 - 추돌,안전운전불이행,건조,맑음,단일로 - 기타,승용,남,41세,상해없음,승용,남,39세,경상
2023020900100502,2023년 2월 9일 23시,목요일,대전광역시 서구 둔산동,경상사고,0,0,1,0,차대차 - 기타,신호위반,젖음/습기,비,교차로 - 교차로안,이륜,남,20세 이하,상해없음,승용,남,33세,경상
2023020900100503,2023년 2월 9일 23시,목요일,대전광역시 서구 둔산동,경상사고,0,0,1,0,차대차 - 추돌,안전운전불이행,젖음/습기,비,교차로 - 교차로안,승용,남,30세,상해없음,승용,여,49세,경상