사고번호,사고일시,요일,시군구,사고내용,사망자수,중상자수,경상자수,부상신고자수,사고유형,법규위반,노면상태,기상상태,도로형태,가해운전자 차종,가해운전자 성별,가해운전자 연령,가해운전자 상해정도,피해운전자 차종,피해운전자 성별,피해운전자 연령,피해운전자 상해정도
2023030900100479,2023년 3월 9일 20시,목요일,대전광역시 서구 탄방동,경상사고,0,0,3,0,차대차 - 기타,안전운전불이행,건조,맑음,단일로 - 기타,승용,여,53세,상해없음,승용,여,67세,경상
2023031000100061,2023년 3월 10일 06시,금요일,대전광역시 대덕구 읍내동,경상사고,0,0,1,0,차대차 - 추돌,안전운전불이행,건조,맑음,기타 - 기타,승용,남,38세,상해없음,승용,남,36세,경상
2023031000100089,2023년 3월 10일 07시,금요일,대전광역시 서구 도마동,경상사고,0,0,1,0,차대차 - 측면충돌,교차로운행방법위반,건조,맑음,단일로 - 기타,승용,남,40세,상해없음,승용,남,70세,상해없음
2023031000100090,2023년 3월 10일 07시,금요일,대전광역시 서구 만년동,경상사고,0,0,1,0,차대차 - 기타,안전운전불이행,건조,맑음,단일로 - 기타,승용,남,50세,상해없음,승용,남,34세,경상
2023031000100126,2023년 3월 10일 08시,금요일,대전광역시 유성구 지족동,경상사고,0,0,1,0,차대차 - 측면충돌,신호위반,건조,맑음,단일로 - 지하차도(도로)내,승용,남,50세,상해없음,승용,여,48세,경상
2023031000100158,2023년 3월 10일 09시,금요일,대전광역시 동구 판암동,중상사고,0,1,0,0,차대사람 - 기타,안전운전불이행,건조,맑음,단일로 - 기타,승용,여,62세,상해없음,보행자,남,81세 이상,중상
2023031000100213,2023년 3월 10일 11시,금요일,대전광역시 유성구 구암동,경상사고,0,0,1,0,차대차 - 기타,직진우회전진행방해,건조,맑음,교차로 - 교차로안,승용,남,56세,기타불명,이륜,남,44세,경상
2023031000100236,2023년 3월 10일 12시,금요일,대전광역시 동구 신흥동,경상사고,0,0,1,0,차대차 - 측면충돌,신호위반,건조,맑음,교차로 - 교차로부근,승용,여,43세,상해없음,승용,남,66세,경상
2023031000100237,2023년 3월 10일 12시,금요일,대전광역시 동구 정동,경상사고,0,0,1,0,차대차 - 측면충돌,안전운전불이행,건조,맑음,교차로 - 교차로부근,승용,남,39세,상해없음,승용,남,49세,경상
2023031000100238,2023년 3월 10일 12시,금요일,대전광역시 유성구 지족동,경상사고,0,0,1,0,차대차 - 기타,불법유턴,건조,맑음,단일로 - 기타,승용,여,36세,상해없음,승용,여,35세,경상
2023031000100260,2023년 3월 10일 13시,금요일,대전광역시 동구 용운동,경상사고,0,0,1,0,차대차 - 기타,안전운전불이행,건조,맑음,교차로 - 교차로부근,화물,남,74세,상해없음,이륜,남,44세,경상
2023031000100261,2023년 3월 10일 13시,금요일,대전광역시 동구 용전동,경상사고,0,0,2,0,차대차 - 측면충돌,차로위반,건조,맑음,단일로 - 기타,화물,남,56세,상해없음,승용,남,26세,경상
2023031000100324,2023년 3월 10일 15시,금요일,대전광역시 동구 용전동,경상사고,0,0,1,0,차대차 - 측면충돌,교차로운행방법위반,건조,맑음,교차로 - 교차로안,승용,여,39세,상해없음,승합,남,43세,경상
2023031000100325,2023년 3월 10일 15시,금요일,대전광역시 대덕구 신대동,경상사고,0,0,5,0,차대차 - 기타,안전거리미확보,건조,맑음,기타 - 기타,승용,남,72세,상해없음,승용,여,51세,경상
2023031000100407,2023년 3월 10일 17시,금요일,대전광역시 동구 용전동,경상사고,0,0,1,0,차대차 - 후진중충돌,불법유턴,건조,맑음,교차로 - 교차로안,승용,남,69세,상해없음,승용,여,24세,경상
2023031000100408,2023년 3월 10일 17시,금요일,대전광역시 서구 도안동,중상사고,0,1,6,0,차대차 - 측면충돌,신호위반,건조,맑음,교차로 - 교차로부근,승용,남,24세,경상,승합,남,58세,경상
2023031000100409,2023년 3월 10일 17시,금요일,대전광역시 유성구 원신흥동,경상사고,0,0,1,0,차대차 - 추돌,안전운전불이행,건조,맑음,교차로 - 교차로부근,승용,남,55세,상해없음,승용,남,60세,경상
2023031000100461,2023년 3월 10일 18시,금요일,대전광역시 동구 홍도동,경상사고,0,0,2,0,차대차 - 측면충돌,교차로운행방법위반,건조,맑음,교차로 - 교차로부근,승용,여,49세,상해없음,화물,남,26세,상해없음
2023031000100462,2023년 3월 10일 18시,금요일,대전광역시 서구 괴정동,경상사고,0,0,1,0,차대사람 - 횡단중,안전운전불이행,건조,맑음,교차로 - 교차로부근,승용,남,61세,상해없음,보행자,여,34세,경상
2023031000100463,2023년 3월 10일 18시,금요일,대전광역시 대덕구 덕암동,중상사고,0,1,0,0,차대사람 - 기타,안전운전불이행,건조,맑음,단일로 - 기타,승용,남,31세,상해없음,보행자,남,43세,중상
2023031000100515,2023년 3월 10일 19시,금요일,대전광역시 유성구 장대동,중상사고,0,1,0,0,차대사람 - 보도통행중,안전운전불이행,건조,맑음,기타 - 기타,개인형이동수단(PM),남,24세,상해없음,보행자,여,52세,중상
2023031000100544,2023년 3월 10일 20시,금요일,대전광역시 중구 대사동,경상사고,0,0,1,0,차대차 - 측면충돌,신호위반,건조,맑음,교차로 - 교차로안,승용,여,51세,상해없음,승용,남,40세,경상
2023031000100545,2023년 3월 10일 20시,금요일,대전광역시 동구 성남동,경상사고,0,0,1,0,차대차 - 측면충돌,안전거리미확보,건조,맑음,단일로 - 기타,승용,여,27세,상해없음,이륜,남,26세,경상
2023031000100546,2023년 3월 10일 20시,금요일,대전광역시 서구 갈마동,경상사고,0,0,1,0,차대차 - 측면충돌,기타,건조,맑음,교차로 - 교차로부근,승용,남,28세,상해없음,승용,남,70세,경상
2023031000100577,2023년 3월 10일 21시,금요일,대전광역시 서구 괴정동,경상사고,0,0,1,0,차대사람 - 기타,안전운전불이행,건조,맑음,교차로 - 교차로부근,승용,남,54세,상해없음,보행자,여,19세,경상
2023031000100578,2023년 3월 10일 21시,금요일,대전광역시 유성구 신동,경상사고,0,0,2,0,차량단독 - 공작물충돌,안전운전불이행,건조,맑음,교차로 - 교차로부근,승용,남,20세 이하,상해없음,,,,
2023031000100608,2023년 3월 10일 22시,금요일,대전광역시 유성구 지족동,경상사고,0,0,2,0,차대차 - 추돌,안전운전불이행,건조,맑음,단일로 - 기타,승용,남,43세,상해없음,승용,남,29세,경상
2023031000100634,2023년 3월 10일 23시,금요일,대전광역시 동구 소제동,중상사고,0,1,2,0,차대차 - 측면충돌,신호위반,건조,맑음,교차로 - 교차로안,승용,남,42세,경상,승용,남,62세,중상
2023031100100028,2023년 3월 11일 02시,토요일,대전광역시 서구 월평동,경상사고,0,0,2,0,차대차 - 측면충돌,신호위반,건조,맑음,교차로 - 교차로안,승용,여,40세,상해없음,승용,남,52세,경상
2023031100100064,2023년 3월 11일 06시,토요일,대전광역시 중구 선화동,중상사고,0,1,0,0,차대차 - 기타,교차로운행방법위반,건조,맑음,교차로 - 교차로부근,화물,남,59세,상해없음,승용,여,53세,중상
2023031100100074,2023년 3월 11일 07시,토요일,대전광역시 대덕구 송촌동,경상사고,0,0,1,0,차대차 - 측면충돌,안전거리미확보,건조,맑음,단일로 - 지하차도(도로)내,승용,남,65세,기타불명,승합,남,53세,경상
2023031100100131,2023년 3월 11일 10시,토요일,대전광역시 동구 판암동,경상사고,0,0,1,0,차대사람 - 횡단중,안전운전불이행,건조,맑음,교차로 - 교차로횡단보도내,승용,남,45세,상해없음,보행자,남,45세,경상
2023031100100132,2023년 3월 11일 10시,토요일,대전광역시 서구 도안동,경상사고,0,0,1,0,차대차 - 추돌,안전운전불이행,건조,맑음,교차로 - 교차로부근,승용,남,31세,상해없음,승용,남,64세,상해없음
2023031100100168,2023년 3월 11일 11시,토요일,대전광역시 유성구 신성동,경상사고,0,0,1,0,차대차 - 기타,신호위반,건조,맑음,교차로 - 교차로안,이륜,남,26세,상해없음,승용,여,29세,경상
2023031100100208,2023년 3월 11일 12시,토요일,대전광역시 유성구 하기동,경상사고,0,0,1,0,차대차 - 측면충돌,안전운전불이행,건조,맑음,단일로 - 기타,승용,남,43세,상해없음,이륜,남,26세,경상
2023031100100245,2023년 3월 11일 13시,토요일,대전광역시 중구 문창동,경상사고,0,0,1,0,차대차 - 측면충돌,안전거리미확보,건조,맑음,단일로 - 기타,승용,남,73세,상해없음,화물,여,57세,경상
2023031100100246,2023년 3월 11일 13시,토요일,대전광역시 대덕구 중리동,경상사고,0,0,1,0,차대사람 - 차도통행중,안전운전불이행,건조,맑음,단일로 - 기타,승용,남,81세 이상,상해없음,보행자,남,56세,경상
2023031100100289,2023년 3월 11일 14시,토요일,대전광역시 서구 도마동,경상사고,0,0,1,0,차대차 - 기타,안전운전불이행,건조,맑음,단일로 - 기타,화물,남,75세,상해없음,승용,남,32세,상해없음
2023031100100335,2023년 3월 11일 15시,토요일,대전광역시 서구 둔산동,중상사고,0,1,0,0,차대사람 - 기타,안전운전불이행,건조,맑음,기타 - 기타,자전거,남,20세 이하,상해없음,보행자,여,81세 이상,중상
2023031100100359,2023년 3월 11일 16시,토요일,대전광역시 대덕구 송촌동,경상사고,0,0,1,0,차대차 - 측면충돌,안전운전불이행,건조,맑음,교차로 - 교차로안,승용,남,30세,상해없음,이륜,남,62세,경상
2023031100100392,2023년 3월 11일 17시,토요일,대전광역시 동구 가양동,경상사고,0,0,3,1,차대차 - 기타,안전운전불이행,건조,맑음,교차로 - 교차로안,승용,남,20세 이하,경상,승용,남,25세,경상
2023031100100419,2023년 3월 11일 18시,토요일,대전광역시 동구 대동,경상사고,0,0,4,0,차대차 - 추돌,안전거리미확보,건조,맑음,교차로 - 교차로부근,승용,남,24세,상해없음,승용,남,62세,경상
2023031100100420,2023년 3월 11일 18시,토요일,대전광역시 서구 괴정동,경상사고,0,0,2,0,차대차 - 측면충돌,직진우회전진행방해,건조,맑음,교차로 - 교차로안,승용,남,54세,경상,원동기,남,25세,경상
2023031100100498,2023년 3월 11일 21시,토요일,대전광역시 동구 가양동,경상사고,0,0,1,0,차량단독 - 기타,안전운전불이행,건조,맑음,교차로 - 교차로안,승합,남,51세,상해없음,,,,
2023031100100499,2023년 3월 11일 21시,토요일,대전광역시 서구 복수동,경상사고,0,0,2,0,차대차 - 측면충돌,신호위반,건조,맑음,교차로 - 교차로안,승용,여,46세,상해없음,승용,남,19세,경상
2023031100100500,2023년 3월 11일 21시,토요일,대전광역시 서구 관저동,경상사고,0,0,1,0,차량단독 - 기타,기타,건조,맑음,단일로 - 기타,승합,남,55세,상해없음,,,,
2023031100100501,2023년 3월 11일 21시,토요일,대전광역시 서구 월평동,경상사고,0,0,1,0,차대차 - 측면충돌,신호위반,건조,맑음,교차로 - 교차로안,승용,남,21세,상해없음,승용,남,42세,경상
2023031100100502,2023년 3월 11일 21시,토요일,대전광역시 서구 갈마동,경상사고,0,0,4,0,차대차 - 기타,신호위반,건조,맑음,교차로 - 교차로안,이륜,남,22세,기타불명,승용,남,73세,경상
2023031100100520,2023년 3월 11일 22시,토요일,대전광역시 서구 갈마동,경상사고,0,0,1,0,차대차 - 추돌,안전운전불이행,건조,맑음,교차로 - 교차로부근,승용,남,49세,상해없음,이륜,남,30세,경상
2023031200100009,2023년 3월 12일 00시,일요일,대전광역시 서구 갈마동,경상사고,0,0,1,0,차대차 - 기타,안전거리미확보,건조,맑음,단일로 - 기타,승용,남,56세,상해없음,이륜,남,46세,경상
2023031200100029,2023년 3월 12일 01시,일요일,대전광역시 서구 탄방동,경상사고,0,0,2,0,차대차 - 추돌,안전운전불이행,건조,맑음,단일로 - 기타,승용,남,26세,상해없음,승용,남,51세,경상
2023031200100065,2023년 3월 12일 08시,일요일,대전광역시 유성구 노은동,경상사고,0,0,2,0,차대차 - 측면충돌,신호위반,젖음/습기,비,교차로 - 교차로안,승용,남,67세,상해없음,승용,여,43세,경상
2023031200100097,2023년 3월 12일 10시,일요일,대전광역시 대덕구 송촌동,경상사고,0,0,5,0,차대차 - 측면충돌,안전운전불이행,젖음/습기,비,단일로 - 기타,승용,여,60세,기타불명,승용,남,28세,경상
2023031200100202,2023년 3월 12일 14시,일요일,대전광역시 중구 중촌동,경상사고,0,0,1,0,차대차 - 기타,안전운전불이행,건조,맑음,교차로 - 교차로부근,승용,남,59세,상해없음,승용,여,22세,경상
2023031200100203,2023년 3월 12일 14시,일요일,대전광역시 서구 갈마동,경상사고,0,0,1,0,차대사람 - 기타,안전운전불이행,젖음/습기,비,교차로 - 교차로부근,승용,남,22세,상해없음,보행자,남,27세,경상
2023031200100228,2023년 3월 12일 15시,일요일,대전광역시 서구 둔산동,경상사고,0,0,1,0,차대사람 - 기타,교차로운행방법위반,건조,맑음,교차로 - 교차로안,승용,남,44세,상해없음,보행자,남,38세,경상
2023031200100229,2023년 3월 12일 15시,일요일,대전광역시 유성구 원신흥동,경상사고,0,0,1,0,차대사람 - 기타,안전운전불이행,건조,맑음,단일로 - 기타,기타불명,기타불명,미분류,기타불명,보행자,여,26세,경상
2023031200100278,2023년 3월 12일 17시,일요일,대전광역시 서구 월평동,경상사고,0,0,1,0,차대차 - 측면충돌,안전운전불이행,건조,흐림,교차로 - 교차로부근,승용,남,64세,상해없음,이륜,남,26세,경상
2023031200100348,2023년 3월 12일 21시,일요일,대전광역시 중구 문화동,경상사고,0,0,1,0,차대차 - 기타,직진우회전진행방해,건조,맑음,교차로 - 교차로안,승용,여,39세,상해없음,승용,여,22세,경상
2023031200100367,2023년 3월 12일 23시,일요일,대전광역시 서구 탄방동,경상사고,0,0,1,0,차대사람 - 기타,안전운전불이행,건조,맑음,단일로 - 기타,승용,남,29세,상해없음,보행자,남,38세,경상
2023031300100006,2023년 3월 13일 00시,월요일,대전광역시 서구 갈마동,중상사고,0,1,3,0,차대차 - 기타,안전운전불이행,건조,맑음,교차로 - 교차로부근,승용,남,63세,상해없음,승용,남,23세,경상
2023031300100016,2023년 3월 13일 04시,월요일,대전광역시 유성구 도룡동,경상사고,0,0,1,0,차대차 - 기타,안전운전불이행,건조,맑음,기타 - 기타,화물,남,56세,상해없음,승용,남,24세,경상
2023031300100037,2023년 3월 13일 06시,월요일,대전광역시 유성구 원신흥동,중상사고,0,1,2,0,차대차 - 측면충돌,안전거리미확보,건조,맑음,단일로 - 기타,승용,남,30세,중상,특수,남,43세,경상
2023031300100068,2023년 3월 13일 07시,월요일,대전광역시 중구 중촌동,경상사고,0,0,1,0,차대차 - 측면충돌,신호위반,건조,맑음,교차로 - 교차로안,승용,남,64세,상해없음,승용,남,48세,상해없음
2023031300100069,2023년 3월 13일 07시,월요일,대전광역시 동구 중동,중상사고,0,2,1,0,차대차 - 측면충돌,신호위반,건조,맑음,교차로 - 교차로안,승용,여,29세,상해없음,승용,남,81세 이상,중상
2023031300100070,2023년 3월 13일 07시,월요일,대전광역시 유성구 도룡동,경상사고,0,0,1,0,차대차 - 추돌,안전운전불이행,건조,맑음,교차로 - 교차로부근,화물,남,56세,상해없음,승용,남,42세,경상
2023031300100071,2023년 3월 13일 07시,월요일,대전광역시 유성구 구암동,경상사고,0,0,1,0,차대차 - 기타,교차로운행방법위반,건조,맑음,교차로 - 교차로부근,승용,남,30세,상해없음,승합,남,55세,상해없음
2023031300100117,2023년 3월 13일 08시,월요일,대전광역시 대덕구 비래동,경상사고,0,0,1,0,차대차 - 측면충돌,안전운전불이행,건조,맑음,교차로 - 교차로안,화물,남,62세,상해없음,승용,남,49세,경상
2023031300100118,2023년 3월 13일 08시,월요일,대전광역시 유성구 봉명동,경상사고,0,0,1,0,차대차 - 기타,교차로운행방법위반,건조,맑음,교차로 - 교차로부근,화물,남,32세,상해없음,승합,남,59세,경상
2023031300100156,2023년 3월 13일 09시,월요일,대전광역시 동구 가양동,경상사고,0,0,1,0,차대차 - 측면충돌,안전거리미확보,건조,맑음,단일로 - 기타,승용,남,74세,상해없음,승용,남,30세,경상
2023031300100189,2023년 3월 13일 10시,월요일,대전광역시 서구 도마동,경상사고,0,0,1,0,차량단독 - 기타,안전운전불이행,건조,맑음,단일로 - 기타,승합,남,68세,상해없음,,,,
2023031300100215,2023년 3월 13일 11시,월요일,대전광역시 중구 태평동,경상사고,0,0,2,0,차대차 - 측면충돌,신호위반,건조,맑음,교차로 - 교차로안,승용,여,68세,상해없음,승용,남,23세,경상
2023031300100216,2023년 3월 13일 11시,월요일,대전광역시 서구 월평동,경상사고,0,0,1,0,차대차 - 측면충돌,안전운전불이행,건조,맑음,교차로 - 교차로부근,승용,여,40세,상해없음,자전거,여,65세,경상
2023031300100241,2023년 3월 13일 12시,월요일,대전광역시 유성구 장대동,경상사고,0,0,1,0,차대차 - 기타,안전거리미확보,건조,맑음,단일로 - 기타,승용,남,74세,상해없음,승용,여,61세,경상
2023031300100280,2023년 3월 13일 13시,월요일,대전광역시 서구 둔산동,경상사고,0,0,1,0,차대차 - 추돌,안전운전불이행,건조,맑음,교차로 - 교차로부근,승용,남,57세,상해없음,승용,남,32세,경상
2023031300100317,2023년 3월 13일 14시,월요일,대전광역시 서구 도마동,중상사고,0,1,0,0,차대사람 - 기타,안전운전불이행,기타,기타,교차로 - 교차로부근,승용,남,63세,기타불명,보행자,여,80세,중상
2023031300100401,2023년 3월 13일 16시,월요일,대전광역시 서구 갈마동,경상사고,0,0,1,0,차대차 - 추돌,안전운전불이행,건조,맑음,교차로 - 교차로부근,이륜,남,38세,상해없음,승용,남,67세,경상
2023031300100438,2023년 3월 13일 17시,월요일,대전광역시 서구 관저동,경상사고,0,0,3,0,차대차 - 기타,안전운전불이행,건조,맑음,교차로 - 교차로안,화물,남,66세,상해없음,승용,남,28세,경상
2023031300100439,2023년 3월 13일 17시,월요일,대전광역시 유성구 봉명동,경상사고,0,0,1,0,차대차 - 기타,안전운전불이행,건조,맑음,단일로 - 기타,승용,남,28세,상해없음,승용,여,44세,경상
2023031300100469,2023년 3월 13일 18시,월요일,대전광역시 중구 선화동,경상사고,0,0,1,0,차량단독 - 기타,기타,건조,맑음,단일로 - 기타,승합,남,35세,상해없음,,,,
2023031300100470,2023년 3월 13일 18시,월요일,대전광역시 동구 성남동,경상사고,0,0,1,0,차량단독 - 기타,안전운전불이행,건조,맑음,기타 - 기타,승합,남,56세,상해없음,,,,
2023031300100471,2023년 3월 13일 18시,월요일,대전광역시 유성구 구암동,경상사고,0,0,1,0,차대차 - 측면충돌,교차로운행방법위반,건조,맑음,교차로 - 교차로부근,승용,남,67세,상해없음,승용,남,30세,경상
2023031300100506,2023년 3월 13일 19시,월요일,대전광역시 서구 탄방동,경상사고,0,0,1,0,차대사람 - 기타,안전운전불이행,건조,맑음,단일로 - 기타,승용,여,53세,기타불명,보행자,남,23세,경상
2023031300100507,2023년 3월 13일 19시,월요일,대전광역시 유성구 둔곡동,중상사고,0,1,5,0,차대차 - 추돌,안전거리미확보,건조,맑음,단일로 - 기타,화물,남,28세,상해없음,승용,여,41세,경상
2023031300100574,2023년 3월 13일 22시,월요일,대전광역시 서구 갈마동,경상사고,0,0,2,0,차대차 - 측면충돌,신호위반,건조,맑음,교차로 - 교차로안,이륜,남,20세 이하,상해없음,이륜,남,25세,경상
2023031400100008,2023년 3월 14일 00시,화요일,대전광역시 유성구 봉명동,경상사고,0,0,1,0,차대차 - 추돌,안전운전불이행,건조,맑음,단일로 - 기타,승용,남,35세,상해없음,승용,남,49세,경상
2023031400100017,2023년 3월 14일 01시,화요일,대전광역시 서구 갈마동,경상사고,0,0,3,0,차대차 - 측면충돌,안전운전불이행,건조,맑음,교차로 - 교차로안,승용,남,61세,상해없음,승용,여,39세,경상
2023031400100052,2023년 3월 14일 06시,화요일,대전광역시 대덕구 대화동,부상신고사고,0,0,0,2,차대차 - 측면충돌,교차로운행방법위반,건조,맑음,교차로 - 교차로안,화물,남,62세,상해없음,화물,남,73세,부상신고
2023031400100080,2023년 3월 14일 07시,화요일,대전광역시 동구 대성동,경상사고,0,0,1,0,차대차 - 기타,교차로운행방법위반,건조,맑음,교차로 - 교차로안,화물,남,67세,상해없음,승용,여,62세,경상
2023031400100081,2023년 3월 14일 07시,화요일,대전광역시 유성구 궁동,경상사고,0,0,1,0,차대차 - 추돌,안전운전불이행,건조,맑음,단일로 - 지하차도(도로)내,승용,여,42세,상해없음,승용,여,60세,경상
2023031400100143,2023년 3월 14일 09시,화요일,대전광역시 유성구 지족동,중상사고,0,1,0,0,차대차 - 측면충돌,안전거리미확보,건조,맑음,단일로 - 기타,건설기계,남,54세,상해없음,승용,여,61세,중상
2023031400100144,2023년 3월 14일 09시,화요일,대전광역시 유성구 교촌동,중상사고,0,1,1,0,차대차 - 측면충돌,교차로운행방법위반,건조,맑음,교차로 - 교차로안,승용,여,47세,상해없음,승용,남,69세,경상
2023031400100176,2023년 3월 14일 10시,화요일,대전광역시 중구 목동,경상사고,0,0,1,0,차대차 - 기타,안전운전불이행,건조,맑음,단일로 - 기타,승용,여,48세,상해없음,원동기,남,25세,경상
2023031400100264,2023년 3월 14일 13시,화요일,대전광역시 유성구 봉명동,경상사고,0,0,2,0,차대차 - 기타,교차로운행방법위반,건조,맑음,교차로 - 교차로안,승용,남,57세,상해없음,이륜,여,41세,경상
2023031400100297,2023년 3월 14일 14시,화요일,대전광역시 유성구 봉명동,경상사고,0,0,1,0,차대차 - 기타,안전운전불이행,건조,맑음,교차로 - 교차로부근,승용,남,54세,상해없음,이륜,남,58세,경상
2023031400100298,2023년 3월 14일 14시,화요일,대전광역시 유성구 봉명동,경상사고,0,0,1,0,차대차 - 기타,신호위반,건조,맑음,교차로 - 교차로횡단보도내,승용,여,63세,상해없음,자전거,남,66세,경상
2023031400100387,2023년 3월 14일 16시,화요일,대전광역시 중구 유천동,경상사고,0,0,1,0,차대사람 - 보도통행중,기타,건조,맑음,단일로 - 기타,개인형이동수단(PM),여,20세 이하,상해없음,보행자,여,21세,경상
2023031400100388,2023년 3월 14일 16시,화요일,대전광역시 서구 도마동,경상사고,0,0,2,0,차대차 - 기타,안전운전불이행,건조,맑음,단일로 - 기타,승용,남,47세,상해없음,승용,남,47세,경상
2023031400100389,2023년 3월 14일 16시,화요일,대전광역시 서구 둔산동,중상사고,0,1,0,0,차대사람 - 기타,안전운전불이행,건조,맑음,단일로 - 터널,승합,남,57세,상해없음,보행자,남,29세,중상
2023031400100390,2023년 3월 14일 16시,화요일,대전광역시 유성구 상대동,중상사고,0,1,0,0,차대차 - 기타,안전운전불이행,건조,맑음,단일로 - 기타,자전거,남,64세,상해없음,이륜,남,61세,중상
2023031400100450,2023년 3월 14일 17시,화요일,대전광역시 동구 가양동,경상사고,0,0,1,0,차대차 - 기타,안전운전불이행,건조,맑음,단일로 - 기타,이륜,남,23세,상해없음,승용,여,50세,경상
2023031400100451,2023년 3월 14일 17시,화요일,대전광역시 대덕구 오정동,경상사고,0,0,1,0,차대차 - 기타,안전거리미확보,건조,맑음,단일로 - 기타,승용,남,81세 이상,상해없음,승용,남,52세,경상
2023031400100484,2023년 3월 14일 18시,화요일,대전광역시 서구 탄방동,경상사고,0,0,1,0,차대차 - 추돌,안전운전불이행,건조,맑음,단일로 - 기타,승용,남,20세 이하,상해없음,승용,남,36세,경상
2023031400100485,2023년 3월 14일 18시,화요일,대전광역시 유성구 도룡동,경상사고,0,0,1,0,차대차 - 후진중충돌,안전운전불이행,건조,맑음,기타 - 기타,승용,남,38세,상해없음,승용,여,45세,경상
2023031400100486,2023년 3월 14일 18시,화요일,대전광역시 유성구 용계동,중상사고,0,2,1,0,차대차 - 측면충돌,중앙선침범,건조,맑음,단일로 - 기타,승용,남,66세,기타불명,승용,남,62세,중상
2023031400100487,2023년 3월 14일 18시,화요일,대전광역시 유성구 봉명동,경상사고,0,0,1,0,차대사람 - 횡단중,기타,건조,맑음,기타 - 기타,승용,여,69세,상해없음,보행자,여,36세,경상
2023031400100562,2023년 3월 14일 21시,화요일,대전광역시 동구 판암동,경상사고,0,0,1,0,차대차 - 측면충돌,안전운전불이행,건조,맑음,교차로 - 교차로안,승용,여,54세,상해없음,승용,남,36세,경상
2023031400100563,2023년 3월 14일 21시,화요일,대전광역시 서구 관저동,경상사고,0,0,4,0,차대차 - 추돌,안전운전불이행,건조,맑음,단일로 - 기타,승용,여,52세,상해없음,승용,남,26세,경상
2023031400100581,2023년 3월 14일 22시,화요일,대전광역시 서구 복수동,경상사고,0,0,1,0,차량단독 - 전도전복 - 전도,안전운전불이행,건조,맑음,단일로 - 기타,개인형이동수단(PM),남,51세,경상,,,,
2023031400100582,2023년 3월 14일 22시,화요일,대전광역시 서구 탄방동,경상사고,0,0,1,0,차대사람 - 보도통행중,기타,건조,맑음,단일로 - 기타,원동기,남,43세,상해없음,보행자,여,23세,경상
2023031400100600,2023년 3월 14일 23시,화요일,대전광역시 서구 용문동,경상사고,0,0,1,0,차대사람 - 기타,신호위반,건조,맑음,교차로 - 교차로횡단보도내,승용,여,26세,상해없음,보행자,여,29세,경상
2023031500100008,2023년 3월 15일 00시,수요일,대전광역시 서구 괴정동,경상사고,0,0,1,0,차대차 - 기타,안전운전불이행,건조,맑음,단일로 - 기타,승용,남,21세,상해없음,화물,남,30세,경상
2023031500100021,2023년 3월 15일 03시,수요일,대전광역시 대덕구 중리동,경상사고,0,0,2,0,차대차 - 기타,신호위반,건조,맑음,교차로 - 교차로안,승용,남,32세,경상,화물,남,28세,경상
2023031500100076,2023년 3월 15일 07시,수요일,대전광역시 동구 신상동,경상사고,0,0,1,0,차대차 - 추돌,안전운전불이행,건조,맑음,단일로 - 기타,승용,남,20세 이하,상해없음,승용,여,30세,경상
2023031500100114,2023년 3월 15일 08시,수요일,대전광역시 중구 대흥동,경상사고,0,0,2,0,차대차 - 측면충돌,기타,건조,맑음,교차로 - 교차로안,화물,여,55세,경상,승용,여,54세,경상
2023031500100115,2023년 3월 15일 08시,수요일,대전광역시 서구 갈마동,부상신고사고,0,0,0,1,차대차 - 추돌,안전운전불이행,건조,맑음,교차로 - 교차로안,승용,남,75세,상해없음,승용,남,29세,부상신고
2023031500100116,2023년 3월 15일 08시,수요일,대전광역시 유성구 원내동,중상사고,0,1,0,0,차대차 - 기타,안전거리미확보,건조,맑음,교차로 - 교차로부근,화물,남,33세,상해없음,승용,여,50세,중상
2023031500100148,2023년 3월 15일 09시,수요일,대전광역시 서구 내동,경상사고,0,0,2,0,차대차 - 기타,안전운전불이행,건조,맑음,단일로 - 기타,승용,여,62세,상해없음,승용,남,34세,경상
2023031500100178,2023년 3월 15일 10시,수요일,대전광역시 서구 둔산동,경상사고,0,0,2,0,차대차 - 추돌,안전운전불이행,건조,맑음,교차로 - 교차로부근,승합,남,63세,상해없음,승용,여,62세,경상
2023031500100199,2023년 3월 15일 11시,수요일,대전광역시 동구 가양동,경상사고,0,0,1,0,차대차 - 추돌,중앙선침범,건조,맑음,단일로 - 기타,승용,남,72세,상해없음,승용,남,32세,경상
2023031500100200,2023년 3월 15일 11시,수요일,대전광역시 서구 월평동,중상사고,0,1,0,0,차대차 - 정면충돌,중앙선침범,건조,맑음,교차로 - 교차로횡단보도내,승용,남,63세,상해없음,이륜,남,30세,중상
2023031500100341,2023년 3월 15일 16시,수요일,대전광역시 서구 둔산동,경상사고,0,0,3,0,차대차 - 기타,안전거리미확보,건조,맑음,단일로 - 기타,승합,남,41세,상해없음,승용,남,63세,상해없음
2023031500100375,2023년 3월 15일 17시,수요일,대전광역시 동구 판암동,경상사고,0,0,1,0,차대사람 - 기타,안전운전불이행,건조,맑음,단일로 - 기타,자전거,남,80세,상해없음,보행자,여,76세,경상
2023031500100419,2023년 3월 15일 18시,수요일,대전광역시 중구 선화동,중상사고,0,1,0,0,차대차 - 측면충돌,안전거리미확보,건조,맑음,단일로 - 기타,승용,남,61세,상해없음,승용,남,32세,중상