사고번호,사고일시,요일,시군구,사고내용,사망자수,중상자수,경상자수,부상신고자수,사고유형,법규위반,노면상태,기상상태,도로형태,가해운전자 차종,가해운전자 성별,가해운전자 연령,가해운전자 상해정도,피해운전자 차종,피해운전자 성별,피해운전자 연령,피해운전자 상해정도
2023032900100047,2023년 3월 29일 06시,수요일,대전광역시 유성구 도룡동,경상사고,0,0,1,0,차대차 - 측면충돌,교차로운행방법위반,건조,맑음,교차로 - 교차로안,승합,남,62세,상해없음,승용,남,39세,경상
2023032900100070,2023년 3월 29일 07시,수요일,대전광역시 대덕구 법동,중상사고,0,1,1,1,차대차 - 기타,안전거리미확보,건조,맑음,교차로 - 교차로안,승용,여,20세 이하,상해없음,승합,남,45세,상해없음
2023032900100137,2023년 3월 29일 09시,수요일,대전광역시 중구 선화동,경상사고,0,0,1,0,차대차 - 기타,교차로운행방법위반,건조,맑음,교차로 - 교차로안,건설기계,남,56세,상해없음,승용,여,52세,경상
2023032900100138,2023년 3월 29일 09시,수요일,대전광역시 동구 성남동,경상사고,0,0,1,0,차대차 - 기타,안전운전불이행,건조,맑음,교차로 - 교차로안,승합,남,69세,상해없음,승용,남,34세,경상
2023032900100253,2023년 3월 29일 13시,수요일,대전광역시 동구 삼성동,경상사고,0,0,1,0,차대사람 - 기타,안전운전불이행,젖음/습기,맑음,단일로 - 기타,승합,남,34세,상해없음,보행자,여,52세,경상
2023032900100254,2023년 3월 29일 13시,수요일,대전광역시 유성구 전민동,중상사고,0,1,0,0,차대차 - 측면충돌,직진우회전진행방해,건조,맑음,교차로 - 교차로안,승용,여,35세,상해없음,승용,여,56세,중상
2023032900100301,2023년 3월 29일 14시,수요일,대전광역시 서구 도안동,경상사고,0,0,1,0,차대차 - 기타,안전운전불이행,건조,맑음,단일로 - 기타,승용,여,66세,상해없음,화물,남,49세,경상
2023032900100365,2023년 3월 29일 16시,수요일,대전광역시 서구 가수원동,경상사고,0,0,3,0,차대차 - 기타,안전운전불이행,건조,맑음,단일로 - 기타,화물,남,55세,상해없음,승용,남,27세,경상
2023032900100412,2023년 3월 29일 17시,수요일,대전광역시 서구 도마동,경상사고,0,0,1,0,차대차 - 기타,직진우회전진행방해,건조,맑음,교차로 - 교차로안,화물,남,44세,상해없음,승용,여,38세,경상
2023032900100413,2023년 3월 29일 17시,수요일,대전광역시 유성구 둔곡동,경상사고,0,0,2,0,차대차 - 측면충돌,신호위반,건조,맑음,교차로 - 교차로안,승용,남,47세,상해없음,승용,남,23세,경상
2023032900100495,2023년 3월 29일 19시,수요일,대전광역시 서구 갈마동,경상사고,0,0,1,0,차대차 - 기타,안전운전불이행,건조,맑음,교차로 - 교차로부근,화물,남,37세,상해없음,승용,여,40세,경상
2023032900100496,2023년 3월 29일 19시,수요일,대전광역시 서구 둔산동,중상사고,0,1,0,0,차대사람 - 기타,안전운전불이행,건조,맑음,단일로 - 기타,승용,남,53세,상해없음,보행자,여,29세,중상
2023032900100515,2023년 3월 29일 20시,수요일,대전광역시 유성구 봉명동,경상사고,0,0,1,0,차대차 - 기타,안전운전불이행,건조,맑음,단일로 - 기타,화물,남,56세,상해없음,승용,남,66세,경상
2023032900100529,2023년 3월 29일 21시,수요일,대전광역시 서구 변동,경상사고,0,0,3,0,차대차 - 기타,안전운전불이행,건조,기타,교차로 - 교차로안,기타불명,기타불명,미분류,기타불명,승용,남,31세,경상
2023032900100530,2023년 3월 29일 21시,수요일,대전광역시 서구 용문동,경상사고,0,0,2,0,차량단독 - 기타,안전운전불이행,건조,맑음,교차로 - 교차로부근,승용,남,68세,상해없음,,,,
2023032900100531,2023년 3월 29일 21시,수요일,대전광역시 서구 괴정동,경상사고,0,0,1,0,차대차 - 측면충돌,안전거리미확보,건조,맑음,단일로 - 기타,승용,남,64세,상해없음,승용,남,28세,경상
2023032900100560,2023년 3월 29일 22시,수요일,대전광역시 중구 대흥동,경상사고,0,0,2,0,차대차 - 기타,교차로운행방법위반,건조,맑음,교차로 - 교차로안,승용,남,31세,상해없음,승용,여,63세,경상
2023032900100561,2023년 3월 29일 22시,수요일,대전광역시 서구 도마동,경상사고,0,0,1,0,차대차 - 측면충돌,중앙선침범,건조,맑음,단일로 - 기타,기타불명,기타불명,미분류,기타불명,승용,남,74세,경상
2023032900100562,2023년 3월 29일 22시,수요일,대전광역시 서구 용문동,경상사고,0,0,1,0,차대사람 - 보도통행중,기타,건조,맑음,단일로 - 기타,개인형이동수단(PM),남,20세 이하,상해없음,보행자,여,23세,경상
2023032900100571,2023년 3월 29일 23시,수요일,대전광역시 동구 정동,경상사고,0,0,1,0,차대사람 - 횡단중,신호위반,건조,맑음,단일로 - 기타,승용,남,73세,상해없음,보행자,남,42세,경상
2023033000100014,2023년 3월 30일 00시,목요일,대전광역시 중구 은행동,경상사고,0,0,2,0,차대차 - 기타,신호위반,건조,맑음,교차로 - 교차로부근,승용,여,48세,기타불명,승용,남,62세,경상
2023033000100025,2023년 3월 30일 01시,목요일,대전광역시 서구 둔산동,경상사고,0,0,2,0,차대차 - 추돌,안전운전불이행,건조,맑음,교차로 - 교차로부근,승용,남,20세 이하,상해없음,승용,남,68세,경상
2023033000100031,2023년 3월 30일 03시,목요일,대전광역시 중구 대흥동,경상사고,0,0,1,0,차대사람 - 기타,안전운전불이행,건조,맑음,단일로 - 기타,이륜,남,54세,상해없음,보행자,남,21세,경상
2023033000100032,2023년 3월 30일 03시,목요일,대전광역시 대덕구 신탄진동,중상사고,0,1,0,0,차대차 - 기타,중앙선침범,건조,맑음,단일로 - 기타,화물,남,30세,상해없음,이륜,남,60세,중상
2023033000100084,2023년 3월 30일 07시,목요일,대전광역시 동구 정동,경상사고,0,0,1,0,차대차 - 정면충돌,안전운전불이행,건조,맑음,교차로 - 교차로안,승용,여,75세,상해없음,자전거,남,38세,경상
2023033000100085,2023년 3월 30일 07시,목요일,대전광역시 유성구 원내동,경상사고,0,0,1,0,차대차 - 기타,안전거리미확보,건조,맑음,단일로 - 기타,화물,남,68세,상해없음,화물,남,42세,경상
2023033000100122,2023년 3월 30일 08시,목요일,대전광역시 동구 판암동,경상사고,0,0,2,0,차대차 - 추돌,안전운전불이행,건조,맑음,교차로 - 교차로부근,승용,남,25세,상해없음,화물,남,58세,경상
2023033000100124,2023년 3월 30일 08시,목요일,대전광역시 서구 둔산동,경상사고,0,0,1,0,차대사람 - 길가장자리구역통행중,안전운전불이행,건조,맑음,단일로 - 기타,특수,남,23세,상해없음,보행자,여,30세,경상
2023033000100162,2023년 3월 30일 09시,목요일,대전광역시 동구 낭월동,경상사고,0,0,1,0,차대차 - 측면충돌,불법유턴,건조,맑음,단일로 - 기타,승용,남,49세,기타불명,승용,남,40세,경상
2023033000100163,2023년 3월 30일 09시,목요일,대전광역시 유성구 용계동,경상사고,0,0,1,0,차대차 - 기타,직진우회전진행방해,건조,맑음,교차로 - 교차로부근,승용,여,64세,경상,화물,남,50세,상해없음
2023033000100220,2023년 3월 30일 11시,목요일,대전광역시 동구 용전동,경상사고,0,0,2,0,차대사람 - 기타,안전운전불이행,건조,맑음,기타 - 기타,승용,남,69세,경상,보행자,남,62세,경상
2023033000100249,2023년 3월 30일 12시,목요일,대전광역시 동구 대동,중상사고,0,2,2,0,차대차 - 측면충돌,안전운전불이행,건조,맑음,교차로 - 교차로안,승용,남,32세,경상,승용,남,51세,중상
2023033000100280,2023년 3월 30일 13시,목요일,대전광역시 서구 정림동,경상사고,0,0,1,0,차대차 - 기타,안전거리미확보,건조,맑음,단일로 - 기타,승용,여,20세 이하,상해없음,승용,남,29세,경상
2023033000100332,2023년 3월 30일 15시,목요일,대전광역시 서구 내동,부상신고사고,0,0,0,1,차대사람 - 횡단중,안전운전불이행,건조,맑음,단일로 - 기타,승용,남,70세,상해없음,보행자,여,81세 이상,부상신고
2023033000100333,2023년 3월 30일 15시,목요일,대전광역시 서구 둔산동,경상사고,0,0,1,0,차대차 - 기타,안전운전불이행,건조,맑음,단일로 - 기타,승용,여,59세,상해없음,화물,남,31세,경상
2023033000100458,2023년 3월 30일 18시,목요일,대전광역시 서구 둔산동,중상사고,0,1,0,0,차대사람 - 기타,신호위반,건조,맑음,교차로 - 교차로안,승용,여,69세,상해없음,보행자,여,43세,중상
2023033000100503,2023년 3월 30일 19시,목요일,대전광역시 동구 용전동,경상사고,0,0,1,0,차대차 - 측면충돌,안전운전불이행,건조,맑음,교차로 - 교차로부근,승용,남,57세,상해없음,개인형이동수단(PM),남,18세,경상
2023033000100504,2023년 3월 30일 19시,목요일,대전광역시 유성구 죽동,중상사고,0,1,0,0,차대사람 - 횡단중,안전운전불이행,건조,맑음,단일로 - 기타,이륜,남,38세,기타불명,보행자,여,26세,중상
2023033000100527,2023년 3월 30일 20시,목요일,대전광역시 동구 가양동,경상사고,0,0,1,0,차대차 - 측면충돌,중앙선침범,건조,맑음,단일로 - 기타,승용,남,40세,상해없음,원동기,남,26세,경상
2023033000100528,2023년 3월 30일 20시,목요일,대전광역시 서구 도안동,중상사고,0,1,0,0,차대차 - 기타,신호위반,건조,맑음,교차로 - 교차로안,승용,남,45세,상해없음,이륜,남,52세,중상
2023033000100529,2023년 3월 30일 20시,목요일,대전광역시 서구 갈마동,경상사고,0,0,1,0,차대차 - 추돌,안전운전불이행,건조,맑음,교차로 - 교차로부근,승용,여,28세,상해없음,원동기,남,30세,경상
2023033000100571,2023년 3월 30일 22시,목요일,대전광역시 유성구 반석동,경상사고,0,0,1,0,차대차 - 측면충돌,신호위반,건조,맑음,교차로 - 교차로부근,승용,여,30세,상해없음,승용,여,50세,경상
2023033100100062,2023년 3월 31일 07시,금요일,대전광역시 서구 갈마동,경상사고,0,0,1,0,차대사람 - 길가장자리구역통행중,안전운전불이행,건조,맑음,단일로 - 기타,승용,남,56세,상해없음,보행자,여,16세,경상
2023033100100144,2023년 3월 31일 09시,금요일,대전광역시 중구 중촌동,경상사고,0,0,1,0,차대차 - 측면충돌,안전운전불이행,건조,맑음,단일로 - 기타,승용,남,36세,상해없음,승용,여,61세,경상
2023033100100145,2023년 3월 31일 09시,금요일,대전광역시 동구 가오동,경상사고,0,0,1,0,차대차 - 측면충돌,신호위반,건조,맑음,교차로 - 교차로부근,승합,남,66세,상해없음,승용,남,50세,경상
2023033100100146,2023년 3월 31일 09시,금요일,대전광역시 대덕구 신대동,중상사고,0,1,1,0,차대차 - 추돌,안전운전불이행,건조,맑음,단일로 - 기타,승용,남,59세,상해없음,승용,남,43세,중상
2023033100100189,2023년 3월 31일 10시,금요일,대전광역시 서구 탄방동,경상사고,0,0,1,0,차대차 - 기타,안전운전불이행,건조,맑음,단일로 - 기타,승용,남,57세,상해없음,이륜,남,22세,경상
2023033100100227,2023년 3월 31일 11시,금요일,대전광역시 유성구 봉명동,경상사고,0,0,3,0,차대차 - 기타,신호위반,건조,맑음,교차로 - 교차로안,승용,여,64세,상해없음,승합,남,56세,경상
2023033100100289,2023년 3월 31일 13시,금요일,대전광역시 동구 가오동,경상사고,0,0,4,0,차대차 - 추돌,안전운전불이행,건조,맑음,단일로 - 기타,승용,여,22세,상해없음,승용,여,65세,경상
2023033100100290,2023년 3월 31일 13시,금요일,대전광역시 유성구 상대동,중상사고,0,1,0,0,차대차 - 후진중충돌,신호위반,건조,맑음,교차로 - 교차로부근,승용,여,47세,상해없음,이륜,남,39세,중상
2023033100100362,2023년 3월 31일 15시,금요일,대전광역시 동구 용전동,경상사고,0,0,1,0,차대차 - 기타,안전운전불이행,건조,맑음,기타 - 기타,화물,남,59세,상해없음,승용,여,50세,경상
2023033100100403,2023년 3월 31일 16시,금요일,대전광역시 서구 가장동,경상사고,0,0,1,0,차대사람 - 보도통행중,기타,건조,맑음,기타 - 기타,개인형이동수단(PM),남,24세,상해없음,보행자,여,12세 이하,경상
2023033100100404,2023년 3월 31일 16시,금요일,대전광역시 서구 갈마동,경상사고,0,0,2,0,차대차 - 기타,안전운전불이행,건조,맑음,교차로 - 교차로안,승용,남,25세,기타불명,승용,남,53세,상해없음
2023033100100405,2023년 3월 31일 16시,금요일,대전광역시 유성구 장대동,경상사고,0,0,2,0,차대차 - 기타,안전거리미확보,건조,맑음,기타 - 기타,화물,남,47세,상해없음,승용,남,43세,경상
2023033100100453,2023년 3월 31일 17시,금요일,대전광역시 서구 괴정동,경상사고,0,0,1,0,차대차 - 기타,안전운전불이행,건조,맑음,교차로 - 교차로부근,승용,여,47세,상해없음,승용,여,60세,경상
2023033100100505,2023년 3월 31일 18시,금요일,대전광역시 유성구 구암동,경상사고,0,0,3,0,차대차 - 기타,안전거리미확보,건조,맑음,단일로 - 기타,승용,여,23세,상해없음,승용,여,47세,경상
2023033100100548,2023년 3월 31일 19시,금요일,대전광역시 중구 대흥동,경상사고,0,0,1,0,차대사람 - 기타,안전운전불이행,건조,맑음,단일로 - 기타,승용,남,28세,상해없음,보행자,남,18세,경상
2023033100100549,2023년 3월 31일 19시,금요일,대전광역시 중구 오류동,경상사고,0,0,1,0,차대차 - 측면충돌,안전운전불이행,건조,맑음,단일로 - 기타,승용,여,60세,상해없음,자전거,남,12세 이하,경상
2023033100100550,2023년 3월 31일 19시,금요일,대전광역시 동구 효동,중상사고,0,1,0,0,차대차 - 기타,안전운전불이행,건조,맑음,단일로 - 기타,자전거,남,73세,중상,승용,남,53세,상해없음
2023033100100551,2023년 3월 31일 19시,금요일,대전광역시 서구 월평동,경상사고,0,0,1,0,차대차 - 측면충돌,교차로운행방법위반,건조,맑음,교차로 - 교차로안,화물,남,57세,상해없음,승용,여,40세,경상
2023033100100582,2023년 3월 31일 20시,금요일,대전광역시 대덕구 오정동,경상사고,0,0,2,0,차대차 - 기타,신호위반,건조,맑음,기타 - 기타,승용,남,59세,상해없음,승합,남,62세,경상
2023033100100597,2023년 3월 31일 21시,금요일,대전광역시 중구 목동,부상신고사고,0,0,0,1,차대차 - 추돌,안전운전불이행,건조,맑음,교차로 - 교차로부근,원동기,남,45세,부상신고,승용,여,61세,상해없음
2023040100100016,2023년 4월 1일 00시,토요일,대전광역시 대덕구 석봉동,경상사고,0,0,1,0,차대차 - 기타,직진우회전진행방해,건조,맑음,교차로 - 교차로안,이륜,남,26세,상해없음,승용,남,48세,경상
2023040100100017,2023년 4월 1일 00시,토요일,대전광역시 유성구 노은동,경상사고,0,0,1,0,차대차 - 기타,신호위반,건조,맑음,교차로 - 교차로안,승용,남,25세,상해없음,승용,남,48세,경상
2023040100100031,2023년 4월 1일 01시,토요일,대전광역시 유성구 봉명동,경상사고,0,0,1,0,차대차 - 추돌,안전운전불이행,건조,맑음,단일로 - 기타,승용,남,49세,상해없음,승용,남,69세,경상
2023040100100041,2023년 4월 1일 03시,토요일,대전광역시 중구 대흥동,경상사고,0,0,2,0,차대차 - 기타,신호위반,건조,맑음,교차로 - 교차로안,승용,남,25세,상해없음,승용,남,49세,경상
2023040100100042,2023년 4월 1일 03시,토요일,대전광역시 서구 만년동,부상신고사고,0,0,0,1,차량단독 - 공작물충돌,안전운전불이행,건조,맑음,단일로 - 기타,개인형이동수단(PM),남,23세,부상신고,,,,
2023040100100052,2023년 4월 1일 04시,토요일,대전광역시 서구 둔산동,경상사고,0,0,1,0,차대사람 - 기타,안전운전불이행,건조,맑음,교차로 - 교차로부근,승용,남,21세,상해없음,보행자,남,54세,경상
2023040100100059,2023년 4월 1일 05시,토요일,대전광역시 중구 문화동,중상사고,0,1,0,0,차대사람 - 기타,안전운전불이행,건조,맑음,단일로 - 기타,승용,여,59세,상해없음,보행자,남,38세,중상
2023040100100076,2023년 4월 1일 07시,토요일,대전광역시 서구 둔산동,중상사고,0,1,0,0,차대차 - 기타,신호위반,건조,맑음,교차로 - 교차로안,승용,여,28세,상해없음,승용,남,30세,중상
2023040100100098,2023년 4월 1일 08시,토요일,대전광역시 유성구 관평동,중상사고,0,1,0,0,차대차 - 정면충돌,신호위반,건조,맑음,단일로 - 기타,승용,남,56세,상해없음,자전거,남,13세,중상
2023040100100112,2023년 4월 1일 09시,토요일,대전광역시 유성구 장대동,경상사고,0,0,1,0,차대차 - 추돌,안전거리미확보,건조,맑음,단일로 - 기타,승용,여,31세,상해없음,승용,남,41세,경상
2023040100100120,2023년 4월 1일 09시,토요일,대전광역시 유성구 덕명동,경상사고,0,0,3,0,차대차 - 추돌,안전운전불이행,건조,맑음,교차로 - 교차로안,승용,남,60세,상해없음,승용,남,50세,경상
2023040100100152,2023년 4월 1일 10시,토요일,대전광역시 유성구 방동,경상사고,0,0,2,0,차대차 - 추돌,안전운전불이행,건조,맑음,단일로 - 기타,승용,여,30세,상해없음,화물,남,51세,경상
2023040100100153,2023년 4월 1일 10시,토요일,대전광역시 유성구 봉산동,경상사고,0,0,2,0,차대차 - 기타,안전운전불이행,건조,맑음,교차로 - 교차로안,승용,남,47세,상해없음,승용,남,28세,경상
2023040100100188,2023년 4월 1일 11시,토요일,대전광역시 대덕구 중리동,경상사고,0,0,1,0,차대차 - 추돌,안전거리미확보,건조,맑음,교차로 - 교차로부근,승용,남,43세,상해없음,승용,남,35세,경상
2023040100100189,2023년 4월 1일 11시,토요일,대전광역시 대덕구 중리동,경상사고,0,0,2,0,차대차 - 측면충돌,교차로운행방법위반,건조,맑음,교차로 - 교차로안,승용,남,78세,기타불명,승용,남,31세,경상
2023040100100190,2023년 4월 1일 11시,토요일,대전광역시 대덕구 문평동,경상사고,0,0,1,0,차대차 - 추돌,안전운전불이행,건조,맑음,단일로 - 기타,승용,남,66세,상해없음,화물,남,44세,경상
2023040100100191,2023년 4월 1일 11시,토요일,대전광역시 유성구 지족동,경상사고,0,0,3,0,차대차 - 추돌,신호위반,건조,맑음,교차로 - 교차로부근,승용,남,25세,상해없음,승용,남,30세,경상
2023040100100240,2023년 4월 1일 12시,토요일,대전광역시 서구 갈마동,경상사고,0,0,3,0,차대차 - 기타,안전운전불이행,건조,맑음,기타 - 기타,이륜,남,28세,기타불명,승용,남,25세,경상
2023040100100282,2023년 4월 1일 13시,토요일,대전광역시 중구 사정동,경상사고,0,0,3,0,차대차 - 정면충돌,안전운전불이행,건조,맑음,교차로 - 교차로안,승용,여,44세,기타불명,승용,여,47세,경상
2023040100100283,2023년 4월 1일 13시,토요일,대전광역시 서구 월평동,경상사고,0,0,1,0,차대차 - 측면충돌,차로위반,건조,맑음,교차로 - 교차로부근,승용,여,77세,상해없음,승용,남,26세,경상
2023040100100284,2023년 4월 1일 13시,토요일,대전광역시 유성구 장대동,경상사고,0,0,1,0,차대차 - 기타,안전거리미확보,건조,맑음,단일로 - 기타,승용,남,42세,상해없음,승용,남,30세,경상
2023040100100326,2023년 4월 1일 14시,토요일,대전광역시 중구 옥계동,경상사고,0,0,1,0,차대차 - 측면충돌,안전운전불이행,건조,맑음,단일로 - 기타,건설기계,남,43세,상해없음,승용,여,45세,경상
2023040100100327,2023년 4월 1일 14시,토요일,대전광역시 대덕구 비래동,경상사고,0,0,3,0,차대차 - 기타,안전운전불이행,건조,맑음,교차로 - 교차로부근,승용,여,61세,상해없음,승용,남,27세,경상
2023040100100365,2023년 4월 1일 15시,토요일,대전광역시 유성구 봉명동,경상사고,0,0,2,0,차대차 - 측면충돌,안전거리미확보,건조,맑음,단일로 - 기타,승용,남,81세 이상,경상,화물,남,66세,상해없음
2023040100100366,2023년 4월 1일 15시,토요일,대전광역시 유성구 관평동,중상사고,0,1,0,0,차대차 - 정면충돌,신호위반,건조,맑음,단일로 - 기타,승용,여,43세,상해없음,승용,여,44세,중상
2023040100100367,2023년 4월 1일 15시,토요일,대전광역시 유성구 원신흥동,경상사고,0,0,1,0,차대차 - 추돌,신호위반,건조,맑음,교차로 - 교차로부근,승용,남,52세,상해없음,승용,남,28세,경상
2023040100100404,2023년 4월 1일 16시,토요일,대전광역시 서구 갈마동,경상사고,0,0,1,0,차대차 - 측면충돌,안전운전불이행,건조,맑음,교차로 - 교차로부근,승용,남,26세,상해없음,승용,여,56세,경상
2023040100100436,2023년 4월 1일 17시,토요일,대전광역시 유성구 구암동,경상사고,0,0,1,0,차대차 - 기타,안전운전불이행,건조,맑음,기타 - 기타,승용,여,57세,상해없음,승용,여,35세,경상
2023040100100508,2023년 4월 1일 19시,토요일,대전광역시 중구 대흥동,경상사고,0,0,2,0,차대차 - 측면충돌,신호위반,건조,맑음,교차로 - 교차로부근,승용,남,27세,상해없음,승용,남,31세,경상
2023040100100509,2023년 4월 1일 19시,토요일,대전광역시 서구 용문동,경상사고,0,0,1,0,차대차 - 정면충돌,안전운전불이행,건조,맑음,기타 - 기타,승용,여,39세,기타불명,승용,남,61세,경상
2023040100100510,2023년 4월 1일 19시,토요일,대전광역시 대덕구 비래동,중상사고,0,1,0,0,차대사람 - 기타,안전운전불이행,건조,맑음,단일로 - 기타,승용,남,31세,상해없음,보행자,남,53세,중상
2023040100100511,2023년 4월 1일 19시,토요일,대전광역시 유성구 도룡동,경상사고,0,0,4,0,차대차 - 측면충돌,안전거리미확보,건조,맑음,단일로 - 기타,승용,남,63세,상해없음,승용,남,23세,경상
2023040100100512,2023년 4월 1일 19시,토요일,대전광역시 유성구 봉명동,경상사고,0,0,3,0,차대차 - 측면충돌,안전운전불이행,건조,맑음,단일로 - 기타,승용,남,50세,기타불명,승용,남,23세,경상
2023040100100528,2023년 4월 1일 20시,토요일,대전광역시 동구 신흥동,경상사고,0,0,2,0,차대차 - 측면충돌,안전운전불이행,건조,맑음,단일로 - 기타,화물,남,55세,상해없음,승합,남,43세,경상
2023040100100593,2023년 4월 1일 23시,토요일,대전광역시 동구 용운동,경상사고,0,0,2,0,차량단독 - 공작물충돌,안전운전불이행,건조,맑음,단일로 - 기타,승용,남,62세,상해없음,,,,
2023040100100594,2023년 4월 1일 23시,토요일,대전광역시 대덕구 송촌동,경상사고,0,0,1,0,차대차 - 기타,안전운전불이행,건조,맑음,기타 - 기타,승용,남,30세,상해없음,승용,남,59세,경상
2023040200100009,2023년 4월 2일 00시,일요일,대전광역시 서구 오동,중상사고,0,1,0,0,차량단독 - 공작물충돌,기타,건조,맑음,교차로 - 교차로안,승용,남,63세,중상,,,,
2023040200100088,2023년 4월 2일 09시,일요일,대전광역시 서구 흑석동,중상사고,0,1,0,0,차대차 - 기타,안전거리미확보,건조,맑음,단일로 - 기타,승용,남,64세,상해없음,자전거,남,38세,중상
2023040200100140,2023년 4월 2일 11시,일요일,대전광역시 유성구 전민동,경상사고,0,0,1,0,차대차 - 기타,안전운전불이행,건조,맑음,단일로 - 기타,승용,남,24세,상해없음,승용,남,32세,경상
2023040200100169,2023년 4월 2일 12시,일요일,대전광역시 서구 괴정동,경상사고,0,0,1,0,차대사람 - 보도통행중,안전운전불이행,건조,맑음,단일로 - 기타,승용,여,76세,상해없음,보행자,남,58세,경상
2023040200100170,2023년 4월 2일 12시,일요일,대전광역시 유성구 상대동,중상사고,0,1,0,0,차대차 - 기타,안전운전불이행,건조,맑음,교차로 - 교차로횡단보도내,승용,남,63세,상해없음,자전거,남,37세,중상
2023040200100308,2023년 4월 2일 16시,일요일,대전광역시 동구 용전동,경상사고,0,0,1,0,차대차 - 추돌,안전운전불이행,건조,맑음,교차로 - 교차로부근,승용,남,79세,상해없음,승용,여,52세,기타불명
2023040200100343,2023년 4월 2일 17시,일요일,대전광역시 동구 용전동,경상사고,0,0,2,0,차대차 - 측면충돌,기타,건조,맑음,교차로 - 교차로부근,이륜,남,20세 이하,상해없음,승용,여,25세,경상
2023040200100420,2023년 4월 2일 20시,일요일,대전광역시 중구 용두동,경상사고,0,0,1,0,차대차 - 기타,안전거리미확보,건조,맑음,단일로 - 교량,승용,남,59세,상해없음,승합,남,46세,경상
2023040200100421,2023년 4월 2일 20시,일요일,대전광역시 유성구 궁동,경상사고,0,0,1,0,차대차 - 정면충돌,신호위반,건조,맑음,교차로 - 교차로안,이륜,남,47세,기타불명,승용,남,59세,경상
2023040200100476,2023년 4월 2일 23시,일요일,대전광역시 동구 중동,경상사고,0,0,2,0,차대차 - 측면충돌,안전거리미확보,건조,맑음,교차로 - 교차로안,승용,여,21세,상해없음,승용,남,45세,상해없음
2023040300100036,2023년 4월 3일 06시,월요일,대전광역시 서구 도마동,중상사고,0,1,0,0,차대차 - 기타,안전운전불이행,기타,맑음,기타 - 기타,승용,남,40세,상해없음,자전거,남,81세 이상,중상
2023040300100076,2023년 4월 3일 08시,월요일,대전광역시 유성구 장대동,경상사고,0,0,1,0,차대차 - 기타,안전운전불이행,건조,맑음,단일로 - 기타,화물,남,50세,상해없음,승용,여,30세,경상
2023040300100096,2023년 4월 3일 08시,월요일,대전광역시 대덕구 신대동,경상사고,0,0,1,0,차대차 - 기타,안전운전불이행,건조,맑음,단일로 - 기타,승용,남,33세,기타불명,승용,남,28세,경상
2023040300100129,2023년 4월 3일 09시,월요일,대전광역시 중구 대흥동,중상사고,0,1,0,0,차대차 - 기타,안전거리미확보,건조,맑음,단일로 - 기타,승용,남,67세,상해없음,이륜,여,61세,중상
2023040300100130,2023년 4월 3일 09시,월요일,대전광역시 동구 천동,중상사고,0,1,0,0,차대차 - 측면충돌,안전운전불이행,건조,맑음,기타 - 기타,자전거,남,77세,상해없음,자전거,남,73세,중상
2023040300100131,2023년 4월 3일 09시,월요일,대전광역시 대덕구 문평동,경상사고,0,0,2,0,차대차 - 측면충돌,안전거리미확보,건조,맑음,단일로 - 기타,승용,여,38세,기타불명,승용,여,46세,경상
2023040300100170,2023년 4월 3일 10시,월요일,대전광역시 서구 둔산동,경상사고,0,0,1,0,차대차 - 추돌,안전운전불이행,건조,맑음,교차로 - 교차로안,승용,남,59세,상해없음,승용,여,67세,경상
2023040300100195,2023년 4월 3일 11시,월요일,대전광역시 서구 용문동,중상사고,0,1,0,0,차대사람 - 기타,안전운전불이행,건조,맑음,단일로 - 기타,승용,여,70세,상해없음,보행자,여,58세,중상
2023040300100224,2023년 4월 3일 12시,월요일,대전광역시 중구 은행동,경상사고,0,0,1,0,차대차 - 후진중충돌,신호위반,건조,맑음,단일로 - 기타,승용,여,68세,상해없음,승용,남,36세,경상
2023040300100225,2023년 4월 3일 12시,월요일,대전광역시 유성구 계산동,중상사고,0,1,0,0,차대차 - 기타,교차로운행방법위반,건조,맑음,교차로 - 교차로안,승용,남,73세,상해없음,이륜,남,59세,중상
2023040300100265,2023년 4월 3일 13시,월요일,대전광역시 동구 원동,경상사고,0,0,1,0,차대차 - 측면충돌,안전거리미확보,건조,흐림,교차로 - 교차로안,승용,남,78세,상해없음,승용,남,52세,경상
2023040300100266,2023년 4월 3일 13시,월요일,대전광역시 대덕구 중리동,중상사고,0,1,3,0,차대사람 - 기타,안전운전불이행,건조,맑음,교차로 - 교차로안,승용,여,63세,상해없음,보행자,남,41세,경상
2023040300100288,2023년 4월 3일 14시,월요일,대전광역시 동구 홍도동,경상사고,0,0,1,0,차대사람 - 횡단중,보행자보호의무위반,건조,맑음,단일로 - 기타,승용,여,67세,상해없음,보행자,남,24세,경상
2023040300100289,2023년 4월 3일 14시,월요일,대전광역시 서구 괴정동,중상사고,0,1,0,0,차대차 - 기타,안전운전불이행,건조,맑음,단일로 - 기타,승용,여,49세,상해없음,자전거,남,45세,중상
2023040300100290,2023년 4월 3일 14시,월요일,대전광역시 대덕구 신탄진동,경상사고,0,0,1,0,차대차 - 기타,안전거리미확보,건조,맑음,단일로 - 기타,승용,남,48세,상해없음,승용,남,52세,경상
2023040300100291,2023년 4월 3일 14시,월요일,대전광역시 대덕구 오정동,경상사고,0,0,2,0,차대차 - 기타,안전운전불이행,건조,맑음,기타 - 기타,화물,남,42세,상해없음,승용,남,29세,경상
2023040300100292,2023년 4월 3일 14시,월요일,대전광역시 서구 갈마동,경상사고,0,0,1,0,차대차 - 후진중충돌,안전운전불이행,건조,맑음,단일로 - 기타,승용,남,60세,상해없음,이륜,남,29세,경상