사고번호,사고일시,요일,시군구,사고내용,사망자수,중상자수,경상자수,부상신고자수,사고유형,법규위반,노면상태,기상상태,도로형태,가해운전자 차종,가해운전자 성별,가해운전자 연령,가해운전자 상해정도,피해운전자 차종,피해운전자 성별,피해운전자 연령,피해운전자 상해정도
2023050600100119,2023년 5월 6일 10시,토요일,대전광역시 유성구 전민동,중상사고,0,1,0,0,차대차 - 기타,안전운전불이행,젖음/습기,비,교차로 - 교차로부근,승용,남,66세,기타불명,이륜,남,45세,중상
2023050600100120,2023년 5월 6일 10시,토요일,대전광역시 유성구 봉명동,경상사고,0,0,1,0,차대차 - 기타,신호위반,젖음/습기,흐림,교차로 - 교차로안,승용,남,46세,기타불명,승용,남,53세,경상
2023050600100183,2023년 5월 6일 12시,토요일,대전광역시 서구 둔산동,경상사고,0,0,1,0,차대차 - 기타,안전운전불이행,젖음/습기,흐림,기타 - 기타,승용,남,41세,기타불명,승용,여,51세,경상
2023050600100214,2023년 5월 6일 13시,토요일,대전광역시 유성구 궁동,경상사고,0,0,1,0,차대차 - 기타,안전운전불이행,건조,맑음,기타 - 기타,승용,남,55세,상해없음,이륜,남,26세,경상
2023050600100251,2023년 5월 6일 14시,토요일,대전광역시 중구 유천동,경상사고,0,0,2,0,차대차 - 기타,신호위반,젖음/습기,비,단일로 - 기타,승용,남,70세,경상,원동기,남,40세,경상
2023050600100252,2023년 5월 6일 14시,토요일,대전광역시 대덕구 신대동,중상사고,0,1,0,0,차대차 - 추돌,안전운전불이행,젖음/습기,비,단일로 - 기타,승용,남,54세,상해없음,승용,여,38세,중상
2023050600100253,2023년 5월 6일 14시,토요일,대전광역시 서구 둔산동,경상사고,0,0,1,0,차대차 - 기타,안전운전불이행,젖음/습기,비,단일로 - 기타,승용,여,27세,상해없음,승용,남,26세,경상
2023050600100286,2023년 5월 6일 15시,토요일,대전광역시 동구 성남동,경상사고,0,0,4,0,차대차 - 측면충돌,신호위반,젖음/습기,비,교차로 - 교차로안,승합,남,57세,상해없음,승합,남,41세,경상
2023050600100287,2023년 5월 6일 15시,토요일,대전광역시 서구 둔산동,경상사고,0,0,4,0,차대차 - 측면충돌,신호위반,젖음/습기,비,단일로 - 지하차도(도로)내,승용,남,57세,상해없음,승용,여,68세,경상
2023050600100342,2023년 5월 6일 17시,토요일,대전광역시 중구 유천동,경상사고,0,0,1,0,차대차 - 기타,교차로운행방법위반,젖음/습기,비,교차로 - 교차로안,승용,남,28세,상해없음,원동기,남,59세,경상
2023050600100343,2023년 5월 6일 17시,토요일,대전광역시 서구 둔산동,경상사고,0,0,1,0,차대차 - 후진중충돌,안전운전불이행,젖음/습기,비,단일로 - 기타,승용,남,56세,상해없음,화물,남,28세,경상
2023050600100422,2023년 5월 6일 20시,토요일,대전광역시 서구 갈마동,경상사고,0,0,1,0,차대차 - 기타,안전운전불이행,건조,맑음,단일로 - 기타,승용,여,31세,상해없음,이륜,남,26세,경상
2023050600100454,2023년 5월 6일 21시,토요일,대전광역시 동구 가양동,경상사고,0,0,1,0,차대차 - 추돌,안전운전불이행,건조,맑음,교차로 - 교차로부근,승용,남,28세,상해없음,이륜,남,47세,경상
2023050600100455,2023년 5월 6일 21시,토요일,대전광역시 동구 신흥동,경상사고,0,0,3,0,차대차 - 기타,신호위반,건조,맑음,교차로 - 교차로안,이륜,남,35세,상해없음,승용,남,51세,경상
2023050700100012,2023년 5월 7일 00시,일요일,대전광역시 중구 유천동,경상사고,0,0,2,0,차대차 - 측면충돌,안전운전불이행,젖음/습기,흐림,단일로 - 교량,승용,남,70세,상해없음,승용,남,19세,상해없음
2023050700100030,2023년 5월 7일 02시,일요일,대전광역시 유성구 장대동,경상사고,0,0,2,0,차대차 - 기타,안전운전불이행,젖음/습기,흐림,단일로 - 기타,승용,남,20세 이하,경상,기타불명,기타불명,미분류,기타불명
2023050700100109,2023년 5월 7일 10시,일요일,대전광역시 서구 내동,경상사고,0,0,2,0,차대차 - 기타,신호위반,건조,맑음,교차로 - 교차로안,승용,남,81세 이상,상해없음,승용,여,33세,경상
2023050700100110,2023년 5월 7일 10시,일요일,대전광역시 서구 변동,경상사고,0,0,1,0,차대차 - 기타,안전운전불이행,건조,맑음,단일로 - 기타,승용,남,60세,상해없음,승합,남,47세,상해없음
2023050700100170,2023년 5월 7일 12시,일요일,대전광역시 서구 갈마동,경상사고,0,0,1,0,차대차 - 기타,안전운전불이행,건조,맑음,단일로 - 지하차도(도로)내,원동기,남,35세,기타불명,승용,여,50세,경상
2023050700100205,2023년 5월 7일 13시,일요일,대전광역시 유성구 신성동,경상사고,0,0,2,0,차대차 - 기타,안전운전불이행,건조,맑음,단일로 - 기타,승용,여,39세,상해없음,승용,남,63세,경상
2023050700100206,2023년 5월 7일 13시,일요일,대전광역시 유성구 장대동,경상사고,0,0,1,0,차대차 - 기타,안전거리미확보,건조,맑음,교차로 - 교차로부근,승용,남,70세,기타불명,승용,남,28세,경상
2023050700100234,2023년 5월 7일 14시,일요일,대전광역시 유성구 봉명동,경상사고,0,0,1,1,차대차 - 측면충돌,안전운전불이행,건조,맑음,교차로 - 교차로부근,승용,남,53세,상해없음,승용,남,33세,경상
2023050700100235,2023년 5월 7일 14시,일요일,대전광역시 유성구 봉산동,경상사고,0,0,1,0,차대차 - 측면충돌,안전거리미확보,건조,맑음,단일로 - 기타,화물,남,62세,상해없음,이륜,남,44세,경상
2023050700100236,2023년 5월 7일 14시,일요일,대전광역시 유성구 장대동,경상사고,0,0,1,0,차대차 - 기타,안전운전불이행,건조,맑음,단일로 - 기타,화물,남,69세,상해없음,화물,남,28세,경상
2023050700100281,2023년 5월 7일 16시,일요일,대전광역시 서구 월평동,경상사고,0,0,2,0,차대차 - 측면충돌,안전거리미확보,건조,맑음,단일로 - 기타,승용,여,44세,상해없음,승용,여,56세,경상
2023050700100311,2023년 5월 7일 17시,일요일,대전광역시 중구 은행동,경상사고,0,0,1,0,차대사람 - 기타,안전운전불이행,건조,맑음,단일로 - 기타,승용,여,51세,상해없음,보행자,남,12세 이하,경상
2023050700100333,2023년 5월 7일 18시,일요일,대전광역시 중구 선화동,경상사고,0,0,2,0,차대차 - 추돌,안전운전불이행,건조,맑음,단일로 - 기타,승용,남,25세,상해없음,승용,남,39세,경상
2023050700100334,2023년 5월 7일 18시,일요일,대전광역시 동구 삼성동,경상사고,0,0,1,0,차대차 - 기타,안전운전불이행,건조,맑음,교차로 - 교차로안,승용,여,30세,상해없음,자전거,남,67세,경상
2023050700100362,2023년 5월 7일 19시,일요일,대전광역시 서구 둔산동,중상사고,0,2,1,0,차대차 - 기타,안전운전불이행,건조,맑음,교차로 - 교차로안,승용,남,33세,기타불명,승용,남,19세,중상
2023050700100407,2023년 5월 7일 21시,일요일,대전광역시 유성구 노은동,중상사고,0,1,0,0,차대차 - 기타,안전운전불이행,젖음/습기,흐림,단일로 - 기타,기타불명,기타불명,미분류,기타불명,원동기,남,31세,중상
2023050800100023,2023년 5월 8일 04시,월요일,대전광역시 서구 괴정동,경상사고,0,0,1,0,차대차 - 추돌,안전운전불이행,건조,맑음,기타 - 기타,승용,남,30세,기타불명,승용,남,63세,경상
2023050800100049,2023년 5월 8일 06시,월요일,대전광역시 중구 목동,경상사고,0,0,1,0,차대차 - 측면충돌,교차로운행방법위반,건조,맑음,교차로 - 교차로부근,승용,남,63세,상해없음,승용,남,21세,경상
2023050800100050,2023년 5월 8일 06시,월요일,대전광역시 유성구 원내동,경상사고,0,0,1,0,차대차 - 측면충돌,신호위반,건조,맑음,교차로 - 교차로안,화물,남,37세,상해없음,승용,남,35세,경상
2023050800100051,2023년 5월 8일 06시,월요일,대전광역시 유성구 지족동,경상사고,0,0,1,0,차대차 - 기타,안전거리미확보,건조,맑음,기타 - 기타,특수,남,48세,상해없음,승용,남,47세,경상
2023050800100084,2023년 5월 8일 07시,월요일,대전광역시 중구 태평동,경상사고,0,0,2,0,차대차 - 추돌,안전운전불이행,건조,맑음,교차로 - 교차로안,승합,남,67세,상해없음,승용,남,25세,경상
2023050800100129,2023년 5월 8일 08시,월요일,대전광역시 중구 은행동,경상사고,0,0,1,0,차대차 - 추돌,안전거리미확보,건조,맑음,단일로 - 기타,승용,남,72세,상해없음,승용,남,29세,경상
2023050800100130,2023년 5월 8일 08시,월요일,대전광역시 대덕구 읍내동,경상사고,0,0,1,0,차량단독 - 기타,안전운전불이행,건조,맑음,기타 - 기타,승합,남,47세,상해없음,,,,
2023050800100131,2023년 5월 8일 08시,월요일,대전광역시 대덕구 덕암동,경상사고,0,0,1,1,차대차 - 측면충돌,안전거리미확보,건조,맑음,기타 - 기타,건설기계,남,48세,기타불명,승용,남,58세,경상
2023050800100171,2023년 5월 8일 09시,월요일,대전광역시 중구 은행동,경상사고,0,0,1,0,차대사람 - 기타,안전운전불이행,건조,맑음,단일로 - 기타,승용,남,65세,상해없음,보행자,남,20세,경상
2023050800100206,2023년 5월 8일 10시,월요일,대전광역시 중구 대사동,경상사고,0,0,1,0,차대사람 - 기타,안전운전불이행,건조,맑음,단일로 - 기타,승합,남,44세,상해없음,보행자,여,63세,경상
2023050800100276,2023년 5월 8일 12시,월요일,대전광역시 동구 판암동,중상사고,0,1,0,0,차대사람 - 보도통행중,기타,건조,맑음,교차로 - 교차로안,개인형이동수단(PM),남,37세,상해없음,보행자,여,76세,중상
2023050800100277,2023년 5월 8일 12시,월요일,대전광역시 서구 탄방동,경상사고,0,0,1,0,차대차 - 추돌,안전운전불이행,건조,맑음,단일로 - 기타,이륜,남,20세 이하,상해없음,승용,남,61세,경상
2023050800100278,2023년 5월 8일 12시,월요일,대전광역시 유성구 봉명동,경상사고,0,0,2,0,차대차 - 기타,교차로운행방법위반,건조,맑음,교차로 - 교차로안,승용,남,56세,상해없음,승용,여,31세,경상
2023050800100399,2023년 5월 8일 15시,월요일,대전광역시 중구 산성동,경상사고,0,0,1,0,차대차 - 기타,안전거리미확보,건조,맑음,단일로 - 기타,이륜,남,21세,상해없음,승용,남,62세,경상
2023050800100400,2023년 5월 8일 15시,월요일,대전광역시 유성구 원신흥동,경상사고,0,0,1,0,차대차 - 기타,안전운전불이행,건조,맑음,단일로 - 기타,승용,여,25세,기타불명,승용,남,32세,경상
2023050800100449,2023년 5월 8일 16시,월요일,대전광역시 동구 홍도동,경상사고,0,0,1,0,차대사람 - 횡단중,중앙선침범,건조,맑음,단일로 - 기타,이륜,남,28세,상해없음,보행자,여,19세,경상
2023050800100502,2023년 5월 8일 17시,월요일,대전광역시 서구 관저동,경상사고,0,0,1,0,차대차 - 추돌,안전운전불이행,건조,맑음,단일로 - 기타,승용,여,53세,상해없음,승용,여,44세,경상
2023050800100503,2023년 5월 8일 17시,월요일,대전광역시 서구 둔산동,중상사고,0,1,0,0,차대사람 - 기타,안전운전불이행,건조,맑음,기타 - 기타,자전거,남,41세,상해없음,보행자,남,59세,중상
2023050800100504,2023년 5월 8일 17시,월요일,대전광역시 서구 만년동,경상사고,0,0,1,0,차대차 - 기타,안전운전불이행,건조,맑음,기타 - 기타,승용,남,67세,상해없음,개인형이동수단(PM),남,54세,경상
2023050800100505,2023년 5월 8일 17시,월요일,대전광역시 유성구 장대동,경상사고,0,0,1,0,차대사람 - 기타,안전운전불이행,건조,맑음,단일로 - 기타,승용,남,68세,상해없음,보행자,여,21세,경상
2023050800100506,2023년 5월 8일 17시,월요일,대전광역시 유성구 원신흥동,중상사고,0,1,0,0,차대차 - 정면충돌,신호위반,건조,맑음,교차로 - 교차로안,승용,남,33세,기타불명,이륜,남,22세,중상
2023050800100607,2023년 5월 8일 20시,월요일,대전광역시 유성구 궁동,경상사고,0,0,1,0,차대차 - 추돌,안전운전불이행,건조,맑음,기타 - 기타,승용,남,22세,상해없음,승용,남,44세,경상
2023050800100633,2023년 5월 8일 21시,월요일,대전광역시 동구 가양동,경상사고,0,0,1,0,차대차 - 기타,교차로운행방법위반,건조,맑음,교차로 - 교차로안,승용,남,50세,상해없음,승용,남,62세,경상
2023050800100653,2023년 5월 8일 22시,월요일,대전광역시 동구 판암동,경상사고,0,0,3,0,차대차 - 측면충돌,신호위반,건조,맑음,교차로 - 교차로안,승용,남,28세,기타불명,승용,여,25세,경상
2023050800100654,2023년 5월 8일 22시,월요일,대전광역시 대덕구 대화동,경상사고,0,0,1,0,차대사람 - 기타,안전운전불이행,건조,맑음,주차장 - 주차장,승용,남,60세,상해없음,보행자,남,44세,경상
2023050800100672,2023년 5월 8일 23시,월요일,대전광역시 유성구 상대동,경상사고,0,0,1,0,차대차 - 추돌,안전운전불이행,건조,맑음,교차로 - 교차로안,승용,여,31세,상해없음,승용,남,71세,경상
2023050900100014,2023년 5월 9일 00시,화요일,대전광역시 대덕구 중리동,경상사고,0,0,2,0,차대차 - 기타,기타,건조,맑음,교차로 - 교차로안,승용,남,51세,상해없음,승용,남,60세,경상
2023050900100037,2023년 5월 9일 04시,화요일,대전광역시 서구 둔산동,중상사고,0,1,0,0,차대사람 - 기타,보행자보호의무위반,건조,맑음,교차로 - 교차로안,승용,여,76세,상해없음,보행자,여,52세,중상
2023050900100098,2023년 5월 9일 08시,화요일,대전광역시 유성구 화암동,경상사고,0,0,1,0,차대차 - 측면충돌,신호위반,건조,맑음,단일로 - 기타,화물,남,50세,상해없음,승용,남,48세,경상
2023050900100117,2023년 5월 9일 08시,화요일,대전광역시 대덕구 읍내동,경상사고,0,0,1,0,차량단독 - 기타,기타,건조,맑음,단일로 - 기타,승합,남,63세,상해없음,,,,
2023050900100118,2023년 5월 9일 08시,화요일,대전광역시 유성구 관평동,경상사고,0,0,1,0,차대차 - 기타,안전거리미확보,건조,맑음,기타 - 기타,승용,남,44세,상해없음,이륜,남,26세,경상
2023050900100151,2023년 5월 9일 09시,화요일,대전광역시 중구 호동,경상사고,0,0,2,0,차대차 - 추돌,안전거리미확보,건조,맑음,교차로 - 교차로부근,승용,여,58세,상해없음,승용,여,23세,경상
2023050900100152,2023년 5월 9일 09시,화요일,대전광역시 대덕구 신탄진동,사망사고,1,0,0,0,차대차 - 측면충돌,직진우회전진행방해,건조,맑음,교차로 - 교차로안,화물,남,69세,상해없음,자전거,남,81세 이상,사망
2023050900100222,2023년 5월 9일 11시,화요일,대전광역시 서구 복수동,경상사고,0,0,1,0,차대차 - 측면충돌,신호위반,건조,맑음,교차로 - 교차로안,승용,남,38세,상해없음,승용,남,54세,경상
2023050900100282,2023년 5월 9일 13시,화요일,대전광역시 동구 인동,경상사고,0,0,1,0,차대사람 - 횡단중,보행자보호의무위반,건조,맑음,단일로 - 기타,이륜,남,33세,상해없음,보행자,남,57세,경상
2023050900100318,2023년 5월 9일 14시,화요일,대전광역시 중구 선화동,경상사고,0,0,2,0,차대차 - 기타,교차로운행방법위반,건조,맑음,교차로 - 교차로안,건설기계,남,44세,상해없음,승용,여,71세,경상
2023050900100344,2023년 5월 9일 15시,화요일,대전광역시 중구 문화동,경상사고,0,0,1,0,차대차 - 기타,교차로운행방법위반,건조,맑음,교차로 - 교차로안,승용,여,60세,상해없음,건설기계,남,56세,경상
2023050900100345,2023년 5월 9일 15시,화요일,대전광역시 대덕구 읍내동,경상사고,0,0,3,1,차대차 - 측면충돌,안전운전불이행,건조,맑음,단일로 - 기타,승용,남,79세,부상신고,화물,남,56세,경상
2023050900100346,2023년 5월 9일 15시,화요일,대전광역시 서구 탄방동,경상사고,0,0,1,0,차대차 - 기타,신호위반,건조,맑음,단일로 - 기타,이륜,남,74세,상해없음,승용,남,49세,상해없음
2023050900100384,2023년 5월 9일 16시,화요일,대전광역시 대덕구 목상동,경상사고,0,0,1,0,차대차 - 기타,신호위반,건조,맑음,단일로 - 기타,승용,여,53세,상해없음,승용,남,34세,경상
2023050900100386,2023년 5월 9일 16시,화요일,대전광역시 서구 탄방동,경상사고,0,0,1,0,차대차 - 측면충돌,안전운전불이행,건조,맑음,단일로 - 기타,승용,남,22세,상해없음,승용,남,39세,경상
2023050900100447,2023년 5월 9일 17시,화요일,대전광역시 대덕구 신탄진동,경상사고,0,0,1,0,차대차 - 측면충돌,안전운전불이행,건조,맑음,단일로 - 기타,화물,남,74세,상해없음,승용,여,26세,경상
2023050900100448,2023년 5월 9일 17시,화요일,대전광역시 서구 둔산동,경상사고,0,0,1,0,차대차 - 기타,안전운전불이행,건조,맑음,교차로 - 교차로부근,승용,남,81세 이상,상해없음,자전거,여,14세,경상
2023050900100483,2023년 5월 9일 18시,화요일,대전광역시 서구 도마동,경상사고,0,0,1,0,차대차 - 측면충돌,안전거리미확보,건조,맑음,단일로 - 기타,화물,남,60세,상해없음,승용,남,23세,경상
2023050900100484,2023년 5월 9일 18시,화요일,대전광역시 서구 가장동,경상사고,0,0,1,0,차대차 - 추돌,안전운전불이행,건조,맑음,단일로 - 기타,승용,남,20세 이하,상해없음,승합,여,60세,경상
2023050900100485,2023년 5월 9일 18시,화요일,대전광역시 대덕구 읍내동,경상사고,0,0,1,0,차대차 - 기타,신호위반,건조,맑음,단일로 - 기타,승용,남,46세,상해없음,승용,여,48세,상해없음
2023050900100518,2023년 5월 9일 19시,화요일,대전광역시 서구 월평동,중상사고,0,1,0,0,차대차 - 기타,안전운전불이행,건조,맑음,기타 - 기타,개인형이동수단(PM),남,40세,상해없음,자전거,남,13세,중상
2023050900100519,2023년 5월 9일 19시,화요일,대전광역시 유성구 봉명동,경상사고,0,0,1,0,차대사람 - 기타,안전운전불이행,건조,맑음,기타 - 기타,자전거,남,48세,상해없음,보행자,여,57세,경상
2023050900100566,2023년 5월 9일 21시,화요일,대전광역시 중구 유천동,경상사고,0,0,1,0,차대차 - 기타,안전운전불이행,건조,맑음,단일로 - 기타,이륜,남,35세,상해없음,승용,여,43세,경상
2023050900100584,2023년 5월 9일 22시,화요일,대전광역시 중구 은행동,중상사고,0,1,1,0,차대차 - 기타,신호위반,건조,맑음,단일로 - 기타,승용,남,26세,상해없음,승합,남,48세,경상
2023050900100597,2023년 5월 9일 23시,화요일,대전광역시 유성구 장동,경상사고,0,0,1,0,차대차 - 기타,안전운전불이행,건조,맑음,교차로 - 교차로안,승용,남,21세,상해없음,승용,남,55세,상해없음
2023051000100020,2023년 5월 10일 01시,수요일,대전광역시 서구 용문동,중상사고,0,1,0,0,차대차 - 측면충돌,신호위반,건조,기타,교차로 - 교차로안,승용,남,45세,상해없음,이륜,남,19세,중상
2023051000100100,2023년 5월 10일 08시,수요일,대전광역시 대덕구 송촌동,경상사고,0,0,1,0,차대차 - 기타,안전운전불이행,건조,맑음,단일로 - 기타,승용,남,31세,상해없음,승용,남,35세,경상
2023051000100166,2023년 5월 10일 09시,수요일,대전광역시 유성구 덕명동,경상사고,0,0,1,0,차대차 - 기타,안전운전불이행,건조,맑음,단일로 - 기타,승용,남,20세 이하,기타불명,승용,여,22세,경상
2023051000100192,2023년 5월 10일 10시,수요일,대전광역시 동구 구도동,경상사고,0,0,1,0,차대차 - 측면충돌,안전거리미확보,건조,맑음,단일로 - 교량,화물,남,74세,경상,승용,남,20세,상해없음
2023051000100205,2023년 5월 10일 10시,수요일,대전광역시 중구 오류동,경상사고,0,0,1,0,차대차 - 기타,안전거리미확보,건조,맑음,단일로 - 기타,화물,남,79세,상해없음,승용,여,62세,경상
2023051000100206,2023년 5월 10일 10시,수요일,대전광역시 중구 안영동,중상사고,0,1,0,0,차대차 - 측면충돌,신호위반,건조,맑음,교차로 - 교차로부근,승용,남,66세,상해없음,이륜,남,38세,중상
2023051000100241,2023년 5월 10일 11시,수요일,대전광역시 대덕구 읍내동,경상사고,0,0,1,0,차대차 - 추돌,안전운전불이행,건조,맑음,교차로 - 교차로부근,화물,남,45세,상해없음,화물,남,39세,경상
2023051000100242,2023년 5월 10일 11시,수요일,대전광역시 유성구 관평동,경상사고,0,0,1,0,차량단독 - 기타,안전운전불이행,건조,맑음,기타 - 기타,승용,남,58세,상해없음,,,,
2023051000100297,2023년 5월 10일 13시,수요일,대전광역시 서구 둔산동,경상사고,0,0,1,0,차대차 - 기타,안전운전불이행,건조,맑음,교차로 - 교차로횡단보도내,승용,여,37세,상해없음,자전거,여,70세,경상
2023051000100298,2023년 5월 10일 13시,수요일,대전광역시 유성구 문지동,경상사고,0,0,1,0,차대차 - 측면충돌,안전거리미확보,건조,맑음,교차로 - 교차로부근,승용,남,57세,상해없음,특수,남,43세,경상
2023051000100332,2023년 5월 10일 14시,수요일,대전광역시 중구 구완동,중상사고,0,1,0,0,차량단독 - 기타,안전운전불이행,건조,맑음,단일로 - 기타,승합,남,29세,상해없음,,,,
2023051000100333,2023년 5월 10일 14시,수요일,대전광역시 서구 관저동,중상사고,0,1,0,0,차대차 - 정면충돌,신호위반,건조,맑음,교차로 - 교차로안,화물,남,73세,기타불명,승용,남,52세,중상
2023051000100334,2023년 5월 10일 14시,수요일,대전광역시 서구 용문동,경상사고,0,0,1,0,차대사람 - 기타,안전운전불이행,건조,맑음,교차로 - 교차로횡단보도내,승용,남,60세,기타불명,보행자,여,40세,경상
2023051000100335,2023년 5월 10일 14시,수요일,대전광역시 서구 변동,경상사고,0,0,1,0,차대차 - 기타,안전운전불이행,건조,맑음,단일로 - 기타,승용,여,76세,상해없음,승용,여,58세,경상
2023051000100336,2023년 5월 10일 14시,수요일,대전광역시 서구 둔산동,중상사고,0,1,0,0,차대사람 - 기타,안전운전불이행,건조,맑음,단일로 - 기타,개인형이동수단(PM),여,20세 이하,상해없음,보행자,여,76세,중상
2023051000100337,2023년 5월 10일 14시,수요일,대전광역시 유성구 장대동,중상사고,0,1,0,0,차대사람 - 횡단중,보행자보호의무위반,건조,맑음,기타 - 기타,화물,남,61세,상해없음,보행자,여,79세,중상
2023051000100382,2023년 5월 10일 15시,수요일,대전광역시 동구 가양동,경상사고,0,0,1,0,차대사람 - 기타,기타,건조,맑음,단일로 - 기타,승용,남,58세,상해없음,보행자,남,15세,경상
2023051000100383,2023년 5월 10일 15시,수요일,대전광역시 대덕구 읍내동,경상사고,0,0,1,0,차대차 - 측면충돌,안전운전불이행,건조,맑음,단일로 - 기타,특수,남,34세,상해없음,이륜,남,61세,경상
2023051000100427,2023년 5월 10일 16시,수요일,대전광역시 대덕구 읍내동,중상사고,0,1,0,0,차대차 - 측면충돌,안전운전불이행,건조,맑음,교차로 - 교차로안,특수,남,53세,상해없음,승용,여,49세,중상
2023051000100485,2023년 5월 10일 17시,수요일,대전광역시 대덕구 신대동,경상사고,0,0,1,0,차대차 - 추돌,안전거리미확보,건조,맑음,단일로 - 기타,승용,여,71세,상해없음,승용,남,40세,경상
2023051000100522,2023년 5월 10일 18시,수요일,대전광역시 서구 괴정동,경상사고,0,0,1,0,차대차 - 기타,안전거리미확보,건조,맑음,단일로 - 기타,승용,남,47세,상해없음,승합,남,54세,상해없음
2023051000100554,2023년 5월 10일 19시,수요일,대전광역시 중구 옥계동,부상신고사고,0,0,0,1,차대차 - 기타,교차로운행방법위반,건조,맑음,교차로 - 교차로안,이륜,남,47세,부상신고,승용,남,26세,상해없음
2023051000100555,2023년 5월 10일 19시,수요일,대전광역시 대덕구 신일동,경상사고,0,0,2,0,차대차 - 기타,안전운전불이행,건조,맑음,단일로 - 기타,승용,남,32세,경상,승용,남,52세,상해없음
2023051000100556,2023년 5월 10일 19시,수요일,대전광역시 서구 둔산동,경상사고,0,0,1,0,차대사람 - 횡단중,보행자보호의무위반,건조,맑음,교차로 - 교차로부근,승용,남,56세,상해없음,보행자,남,26세,경상
2023051000100583,2023년 5월 10일 20시,수요일,대전광역시 중구 산성동,경상사고,0,0,2,0,차대차 - 측면충돌,직진우회전진행방해,건조,맑음,교차로 - 교차로안,승용,여,41세,경상,원동기,남,56세,경상
2023051000100584,2023년 5월 10일 20시,수요일,대전광역시 서구 탄방동,경상사고,0,0,1,0,차대사람 - 횡단중,보행자보호의무위반,건조,맑음,교차로 - 교차로횡단보도내,승용,남,64세,상해없음,보행자,남,25세,경상
2023051000100609,2023년 5월 10일 21시,수요일,대전광역시 대덕구 석봉동,경상사고,0,0,1,0,차대차 - 기타,안전거리미확보,건조,맑음,단일로 - 기타,승용,남,48세,상해없음,이륜,남,22세,경상
2023051000100610,2023년 5월 10일 21시,수요일,대전광역시 서구 갈마동,경상사고,0,0,1,0,차대차 - 기타,안전운전불이행,건조,맑음,단일로 - 기타,이륜,남,35세,상해없음,이륜,남,39세,경상
2023051000100611,2023년 5월 10일 21시,수요일,대전광역시 서구 월평동,경상사고,0,0,1,0,차대차 - 추돌,안전운전불이행,건조,맑음,교차로 - 교차로부근,승용,남,26세,상해없음,승용,여,47세,경상
2023051100100014,2023년 5월 11일 00시,목요일,대전광역시 서구 둔산동,경상사고,0,0,1,0,차대사람 - 기타,안전운전불이행,건조,맑음,단일로 - 기타,승용,남,57세,상해없음,보행자,남,62세,경상
2023051100100050,2023년 5월 11일 06시,목요일,대전광역시 서구 괴정동,경상사고,0,0,1,0,차대차 - 측면충돌,안전운전불이행,건조,맑음,교차로 - 교차로횡단보도내,자전거,남,59세,경상,화물,남,39세,상해없음
2023051100100079,2023년 5월 11일 07시,목요일,대전광역시 서구 탄방동,경상사고,0,0,1,0,차대차 - 기타,안전운전불이행,건조,맑음,기타 - 기타,승용,여,55세,기타불명,승용,여,62세,경상
2023051100100136,2023년 5월 11일 08시,목요일,대전광역시 동구 대성동,중상사고,0,1,0,0,차대사람 - 횡단중,안전운전불이행,건조,맑음,단일로 - 기타,승용,여,48세,상해없음,보행자,여,13세,중상
2023051100100137,2023년 5월 11일 08시,목요일,대전광역시 유성구 어은동,경상사고,0,0,1,0,차대차 - 측면충돌,안전거리미확보,건조,맑음,단일로 - 기타,승용,남,35세,상해없음,승용,남,43세,경상
2023051100100177,2023년 5월 11일 09시,목요일,대전광역시 서구 둔산동,경상사고,0,0,1,0,차대사람 - 기타,기타,건조,맑음,교차로 - 교차로안,승합,남,46세,상해없음,보행자,여,71세,경상
2023051100100178,2023년 5월 11일 09시,목요일,대전광역시 유성구 반석동,경상사고,0,0,1,0,차대차 - 측면충돌,안전운전불이행,건조,맑음,단일로 - 기타,승용,남,73세,상해없음,승용,남,43세,경상
2023051100100239,2023년 5월 11일 11시,목요일,대전광역시 서구 도마동,경상사고,0,0,1,0,차대차 - 측면충돌,안전운전불이행,건조,맑음,교차로 - 교차로부근,승용,여,56세,상해없음,자전거,남,81세 이상,경상
2023051100100240,2023년 5월 11일 11시,목요일,대전광역시 대덕구 중리동,경상사고,0,0,2,0,차대차 - 측면충돌,안전운전불이행,건조,맑음,단일로 - 기타,승용,여,60세,경상,화물,남,42세,경상
2023051100100241,2023년 5월 11일 11시,목요일,대전광역시 유성구 원신흥동,경상사고,0,0,2,0,차대차 - 측면충돌,신호위반,건조,맑음,교차로 - 교차로부근,이륜,남,52세,상해없음,승용,남,53세,경상
2023051100100295,2023년 5월 11일 13시,목요일,대전광역시 동구 용운동,경상사고,0,0,3,0,차대차 - 측면충돌,안전운전불이행,건조,맑음,교차로 - 교차로부근,승용,여,36세,경상,승용,여,52세,경상
2023051100100296,2023년 5월 11일 13시,목요일,대전광역시 서구 월평동,경상사고,0,0,2,0,차대차 - 기타,안전운전불이행,건조,맑음,교차로 - 교차로부근,승용,여,29세,상해없음,승용,여,26세,경상
2023051100100297,2023년 5월 11일 13시,목요일,대전광역시 유성구 봉명동,경상사고,0,0,1,0,차대차 - 측면충돌,중앙선침범,건조,맑음,단일로 - 기타,승용,여,71세,기타불명,이륜,남,39세,경상
2023051100100331,2023년 5월 11일 14시,목요일,대전광역시 대덕구 오정동,경상사고,0,0,1,0,차대차 - 기타,안전운전불이행,건조,맑음,단일로 - 기타,화물,남,58세,상해없음,이륜,남,41세,경상
2023051100100332,2023년 5월 11일 14시,목요일,대전광역시 서구 갈마동,경상사고,0,0,2,0,차대차 - 후진중충돌,안전운전불이행,건조,맑음,교차로 - 교차로안,승용,남,61세,상해없음,승용,여,50세,경상