사고번호,사고일시,요일,시군구,사고내용,사망자수,중상자수,경상자수,부상신고자수,사고유형,법규위반,노면상태,기상상태,도로형태,가해운전자 차종,가해운전자 성별,가해운전자 연령,가해운전자 상해정도,피해운전자 차종,피해운전자 성별,피해운전자 연령,피해운전자 상해정도
2023051100100355,2023년 5월 11일 15시,목요일,대전광역시 유성구 송강동,경상사고,0,0,1,0,차대차 - 측면충돌,안전운전불이행,건조,맑음,교차로 - 교차로부근,자전거,남,20세 이하,경상,승용,여,52세,상해없음
2023051100100400,2023년 5월 11일 16시,목요일,대전광역시 서구 만년동,경상사고,0,0,1,0,차대차 - 측면충돌,안전운전불이행,건조,맑음,교차로 - 교차로안,화물,남,50세,상해없음,이륜,남,35세,경상
2023051100100401,2023년 5월 11일 16시,목요일,대전광역시 서구 둔산동,경상사고,0,0,1,0,차대사람 - 기타,안전운전불이행,건조,맑음,단일로 - 기타,승용,남,34세,상해없음,보행자,여,29세,경상
2023051100100450,2023년 5월 11일 17시,목요일,대전광역시 중구 오류동,중상사고,0,1,0,0,차대차 - 기타,교차로운행방법위반,건조,맑음,기타 - 기타,승용,남,52세,기타불명,자전거,남,21세,중상
2023051100100451,2023년 5월 11일 17시,목요일,대전광역시 서구 월평동,경상사고,0,0,2,0,차대차 - 측면충돌,차로위반,건조,맑음,단일로 - 기타,승용,여,74세,상해없음,승용,남,25세,경상
2023051100100452,2023년 5월 11일 17시,목요일,대전광역시 유성구 덕명동,경상사고,0,0,1,0,차대차 - 기타,신호위반,건조,맑음,기타 - 기타,승용,여,60세,상해없음,승용,남,25세,경상
2023051100100499,2023년 5월 11일 18시,목요일,대전광역시 서구 괴정동,경상사고,0,0,1,0,차대차 - 기타,신호위반,건조,맑음,단일로 - 기타,승용,남,65세,상해없음,승용,남,60세,상해없음
2023051100100500,2023년 5월 11일 18시,목요일,대전광역시 서구 월평동,경상사고,0,0,1,0,차대차 - 측면충돌,신호위반,건조,맑음,교차로 - 교차로안,승용,여,32세,상해없음,승용,남,32세,경상
2023051100100501,2023년 5월 11일 18시,목요일,대전광역시 유성구 지족동,중상사고,0,1,0,0,차대차 - 기타,안전운전불이행,건조,맑음,기타 - 기타,승용,여,46세,기타불명,이륜,남,29세,중상
2023051100100572,2023년 5월 11일 20시,목요일,대전광역시 서구 만년동,경상사고,0,0,1,0,차대차 - 측면충돌,안전운전불이행,건조,맑음,교차로 - 교차로안,기타불명,기타불명,미분류,기타불명,승용,여,32세,경상
2023051100100584,2023년 5월 11일 21시,목요일,대전광역시 서구 월평동,경상사고,0,0,1,0,차대차 - 기타,안전운전불이행,건조,맑음,교차로 - 교차로안,승용,남,36세,상해없음,승용,여,31세,경상
2023051200100007,2023년 5월 12일 00시,금요일,대전광역시 유성구 봉명동,경상사고,0,0,1,0,차량단독 - 공작물충돌,안전운전불이행,건조,맑음,단일로 - 기타,승용,남,63세,상해없음,,,,
2023051200100029,2023년 5월 12일 04시,금요일,대전광역시 대덕구 신대동,사망사고,1,0,0,0,차대차 - 추돌,안전운전불이행,건조,맑음,단일로 - 고가도로위,승합,남,51세,상해없음,자전거,남,62세,사망
2023051200100030,2023년 5월 12일 04시,금요일,대전광역시 유성구 송강동,중상사고,0,2,0,0,차대차 - 측면충돌,신호위반,건조,맑음,교차로 - 교차로안,승용,남,46세,상해없음,승용,남,62세,중상
2023051200100074,2023년 5월 12일 07시,금요일,대전광역시 서구 월평동,경상사고,0,0,1,0,차대차 - 기타,안전운전불이행,건조,맑음,기타 - 기타,승용,남,32세,상해없음,승용,남,33세,경상
2023051200100123,2023년 5월 12일 08시,금요일,대전광역시 서구 갈마동,부상신고사고,0,0,0,1,차대차 - 측면충돌,안전운전불이행,건조,맑음,단일로 - 기타,화물,남,52세,상해없음,승용,남,28세,부상신고
2023051200100153,2023년 5월 12일 09시,금요일,대전광역시 유성구 도룡동,경상사고,0,0,1,0,차대차 - 기타,안전운전불이행,건조,맑음,단일로 - 기타,화물,남,41세,상해없음,승용,남,62세,경상
2023051200100186,2023년 5월 12일 10시,금요일,대전광역시 동구 가양동,경상사고,0,0,2,0,차대차 - 측면충돌,교차로운행방법위반,건조,맑음,교차로 - 교차로안,승용,남,68세,상해없음,승용,남,60세,상해없음
2023051200100187,2023년 5월 12일 10시,금요일,대전광역시 동구 판암동,경상사고,0,0,3,0,차대차 - 측면충돌,차로위반,건조,맑음,교차로 - 교차로부근,승용,남,61세,상해없음,승용,여,40세,경상
2023051200100188,2023년 5월 12일 10시,금요일,대전광역시 서구 갈마동,경상사고,0,0,1,0,차대사람 - 횡단중,보행자보호의무위반,건조,맑음,단일로 - 기타,승용,남,27세,상해없음,보행자,여,69세,경상
2023051200100216,2023년 5월 12일 11시,금요일,대전광역시 중구 선화동,중상사고,0,1,0,0,차대차 - 측면충돌,안전운전불이행,건조,맑음,단일로 - 기타,승용,남,68세,상해없음,원동기,남,33세,중상
2023051200100217,2023년 5월 12일 11시,금요일,대전광역시 서구 월평동,경상사고,0,0,2,0,차대차 - 측면충돌,안전운전불이행,건조,맑음,교차로 - 교차로안,승용,여,57세,상해없음,승용,여,41세,경상
2023051200100260,2023년 5월 12일 12시,금요일,대전광역시 중구 오류동,경상사고,0,0,1,0,차대차 - 추돌,안전운전불이행,건조,맑음,단일로 - 기타,개인형이동수단(PM),남,49세,기타불명,승용,남,57세,경상
2023051200100296,2023년 5월 12일 13시,금요일,대전광역시 유성구 전민동,중상사고,0,1,0,0,차대사람 - 기타,안전운전불이행,건조,맑음,기타 - 기타,승용,여,25세,상해없음,보행자,남,46세,중상
2023051200100338,2023년 5월 12일 14시,금요일,대전광역시 서구 정림동,중상사고,0,1,0,0,차대사람 - 횡단중,보행자보호의무위반,건조,맑음,교차로 - 교차로횡단보도내,화물,남,56세,상해없음,보행자,여,58세,중상
2023051200100339,2023년 5월 12일 14시,금요일,대전광역시 대덕구 석봉동,경상사고,0,0,1,0,차대차 - 추돌,안전운전불이행,건조,맑음,단일로 - 기타,이륜,남,43세,상해없음,화물,남,65세,경상
2023051200100372,2023년 5월 12일 15시,금요일,대전광역시 중구 선화동,경상사고,0,0,2,0,차대차 - 측면충돌,안전거리미확보,건조,맑음,단일로 - 교량,화물,남,52세,상해없음,승용,남,32세,경상
2023051200100407,2023년 5월 12일 16시,금요일,대전광역시 서구 둔산동,경상사고,0,0,1,0,차대차 - 측면충돌,안전운전불이행,건조,맑음,단일로 - 기타,승용,남,69세,상해없음,승용,남,32세,경상
2023051200100408,2023년 5월 12일 16시,금요일,대전광역시 서구 월평동,중상사고,0,1,0,0,차량단독 - 기타,안전운전불이행,건조,맑음,단일로 - 기타,승합,남,48세,상해없음,,,,
2023051200100409,2023년 5월 12일 16시,금요일,대전광역시 서구 갈마동,경상사고,0,0,1,0,차대차 - 기타,안전거리미확보,건조,맑음,교차로 - 교차로안,승합,남,53세,상해없음,승용,여,52세,경상
2023051200100467,2023년 5월 12일 17시,금요일,대전광역시 서구 정림동,경상사고,0,0,1,0,차대차 - 기타,안전거리미확보,건조,맑음,단일로 - 기타,승용,남,62세,상해없음,화물,남,49세,경상
2023051200100468,2023년 5월 12일 17시,금요일,대전광역시 서구 도마동,중상사고,0,1,0,0,차대차 - 정면충돌,안전운전불이행,건조,맑음,교차로 - 교차로안,승용,남,25세,상해없음,승용,남,71세,중상
2023051200100469,2023년 5월 12일 17시,금요일,대전광역시 유성구 장대동,경상사고,0,0,1,0,차대차 - 측면충돌,안전거리미확보,건조,맑음,단일로 - 기타,기타불명,기타불명,미분류,기타불명,승용,남,38세,경상
2023051200100515,2023년 5월 12일 18시,금요일,대전광역시 중구 유천동,경상사고,0,0,1,0,차대차 - 측면충돌,안전운전불이행,건조,맑음,단일로 - 기타,이륜,남,31세,상해없음,승용,남,36세,경상
2023051200100516,2023년 5월 12일 18시,금요일,대전광역시 동구 삼정동,경상사고,0,0,2,0,차대차 - 측면충돌,안전운전불이행,건조,맑음,단일로 - 기타,승용,여,34세,상해없음,승용,여,41세,경상
2023051200100517,2023년 5월 12일 18시,금요일,대전광역시 서구 가수원동,중상사고,0,1,0,0,차대차 - 기타,신호위반,건조,맑음,교차로 - 교차로부근,승용,여,47세,상해없음,승합,남,62세,상해없음
2023051200100575,2023년 5월 12일 20시,금요일,대전광역시 서구 갈마동,경상사고,0,0,1,0,차대차 - 추돌,안전운전불이행,건조,맑음,교차로 - 교차로부근,승용,남,59세,상해없음,원동기,남,26세,경상
2023051200100616,2023년 5월 12일 22시,금요일,대전광역시 대덕구 비래동,부상신고사고,0,0,0,5,차대차 - 측면충돌,안전거리미확보,건조,맑음,단일로 - 기타,승용,남,60세,상해없음,승합,남,35세,부상신고
2023051200100630,2023년 5월 12일 22시,금요일,대전광역시 중구 목동,중상사고,0,1,0,0,차대차 - 측면충돌,안전운전불이행,건조,맑음,교차로 - 교차로안,승용,남,63세,상해없음,개인형이동수단(PM),남,15세,중상
2023051200100631,2023년 5월 12일 22시,금요일,대전광역시 동구 자양동,중상사고,0,1,0,0,차대사람 - 기타,안전운전불이행,건조,맑음,교차로 - 교차로안,승용,남,32세,상해없음,보행자,남,48세,중상
2023051300100018,2023년 5월 13일 01시,토요일,대전광역시 중구 은행동,경상사고,0,0,1,0,차대사람 - 횡단중,안전운전불이행,건조,맑음,단일로 - 기타,승용,여,60세,기타불명,보행자,남,31세,경상
2023051300100029,2023년 5월 13일 02시,토요일,대전광역시 서구 둔산동,경상사고,0,0,1,0,차대차 - 기타,안전운전불이행,건조,맑음,교차로 - 교차로부근,승용,여,48세,상해없음,승용,남,45세,경상
2023051300100076,2023년 5월 13일 07시,토요일,대전광역시 유성구 용계동,경상사고,0,0,2,0,차대차 - 추돌,안전운전불이행,건조,맑음,교차로 - 교차로부근,승용,남,30세,상해없음,승용,남,61세,경상
2023051300100134,2023년 5월 13일 09시,토요일,대전광역시 서구 둔산동,경상사고,0,0,1,0,차대차 - 측면충돌,안전거리미확보,건조,맑음,단일로 - 기타,승용,여,29세,상해없음,승용,남,48세,경상
2023051300100163,2023년 5월 13일 10시,토요일,대전광역시 서구 월평동,중상사고,0,1,0,0,차대사람 - 기타,교차로운행방법위반,건조,맑음,교차로 - 교차로안,승용,남,57세,상해없음,보행자,남,73세,중상
2023051300100205,2023년 5월 13일 11시,토요일,대전광역시 서구 관저동,중상사고,0,1,0,0,차량단독 - 공작물충돌,안전운전불이행,건조,맑음,단일로 - 기타,승용,남,76세,상해없음,,,,
2023051300100206,2023년 5월 13일 11시,토요일,대전광역시 유성구 죽동,경상사고,0,0,1,0,차대차 - 기타,안전운전불이행,건조,맑음,단일로 - 기타,승용,남,26세,상해없음,이륜,남,44세,경상
2023051300100247,2023년 5월 13일 12시,토요일,대전광역시 중구 유천동,경상사고,0,0,2,0,차대차 - 후진중충돌,안전운전불이행,건조,맑음,교차로 - 교차로안,승용,남,70세,상해없음,승용,여,35세,경상
2023051300100248,2023년 5월 13일 12시,토요일,대전광역시 서구 월평동,중상사고,0,1,0,0,차대차 - 기타,신호위반,건조,맑음,교차로 - 교차로횡단보도내,승용,남,27세,상해없음,자전거,남,37세,중상
2023051300100249,2023년 5월 13일 12시,토요일,대전광역시 서구 갈마동,경상사고,0,0,1,0,차대사람 - 기타,안전운전불이행,건조,맑음,기타 - 기타,승용,남,54세,상해없음,보행자,남,65세,경상
2023051300100250,2023년 5월 13일 12시,토요일,대전광역시 유성구 봉명동,중상사고,0,1,4,0,차대차 - 기타,신호위반,건조,맑음,교차로 - 교차로안,승용,여,34세,상해없음,승합,남,52세,중상
2023051300100285,2023년 5월 13일 13시,토요일,대전광역시 서구 월평동,경상사고,0,0,1,0,차대차 - 기타,안전운전불이행,건조,맑음,교차로 - 교차로부근,승용,남,55세,상해없음,승용,남,30세,경상
2023051300100286,2023년 5월 13일 13시,토요일,대전광역시 유성구 궁동,부상신고사고,0,0,0,1,차대차 - 기타,기타,건조,맑음,기타 - 기타,승용,남,55세,상해없음,승용,여,62세,상해없음
2023051300100373,2023년 5월 13일 15시,토요일,대전광역시 서구 도안동,중상사고,0,1,0,0,차대차 - 측면충돌,안전운전불이행,건조,맑음,단일로 - 기타,승용,남,42세,상해없음,자전거,남,19세,중상
2023051300100403,2023년 5월 13일 16시,토요일,대전광역시 대덕구 석봉동,경상사고,0,0,1,0,차대차 - 기타,신호위반,건조,맑음,교차로 - 교차로안,승용,남,66세,상해없음,승용,남,32세,경상
2023051300100470,2023년 5월 13일 18시,토요일,대전광역시 대덕구 비래동,중상사고,0,1,0,0,차대사람 - 횡단중,보행자보호의무위반,건조,맑음,기타 - 기타,승용,남,59세,상해없음,보행자,여,15세,중상
2023051300100471,2023년 5월 13일 18시,토요일,대전광역시 서구 월평동,경상사고,0,0,1,0,차대차 - 기타,안전운전불이행,건조,맑음,교차로 - 교차로부근,승용,여,63세,상해없음,승용,남,26세,경상
2023051300100499,2023년 5월 13일 19시,토요일,대전광역시 서구 도마동,경상사고,0,0,1,0,차대차 - 측면충돌,신호위반,건조,맑음,기타 - 기타,승용,남,32세,기타불명,이륜,여,49세,경상
2023051300100500,2023년 5월 13일 19시,토요일,대전광역시 유성구 장대동,경상사고,0,0,1,0,차대차 - 측면충돌,안전거리미확보,건조,맑음,단일로 - 기타,승용,여,66세,상해없음,특수,남,42세,경상
2023051300100551,2023년 5월 13일 21시,토요일,대전광역시 유성구 봉명동,경상사고,0,0,3,0,차대차 - 추돌,안전운전불이행,건조,맑음,단일로 - 기타,승용,남,29세,상해없음,승용,남,40세,경상
2023051300100570,2023년 5월 13일 22시,토요일,대전광역시 동구 자양동,경상사고,0,0,1,0,차대차 - 측면충돌,안전운전불이행,건조,맑음,교차로 - 교차로부근,이륜,남,31세,상해없음,이륜,남,24세,경상
2023051400100031,2023년 5월 14일 03시,일요일,대전광역시 유성구 지족동,경상사고,0,0,1,0,차대차 - 추돌,안전운전불이행,건조,맑음,교차로 - 교차로부근,승용,남,53세,상해없음,화물,남,42세,경상
2023051400100039,2023년 5월 14일 05시,일요일,대전광역시 서구 복수동,경상사고,0,0,1,0,차대차 - 측면충돌,신호위반,건조,맑음,교차로 - 교차로안,승용,남,52세,상해없음,승용,여,58세,경상
2023051400100071,2023년 5월 14일 09시,일요일,대전광역시 대덕구 목상동,경상사고,0,0,2,2,차대차 - 추돌,안전운전불이행,건조,맑음,기타 - 기타,승용,남,45세,상해없음,승용,남,41세,상해없음
2023051400100076,2023년 5월 14일 09시,일요일,대전광역시 유성구 봉명동,중상사고,0,1,0,0,차대차 - 기타,안전운전불이행,건조,기타,기타 - 기타,승용,남,31세,상해없음,이륜,남,63세,중상
2023051400100099,2023년 5월 14일 10시,일요일,대전광역시 대덕구 석봉동,중상사고,0,1,0,0,차대차 - 기타,안전운전불이행,건조,맑음,단일로 - 기타,자전거,남,45세,상해없음,자전거,여,54세,중상
2023051400100100,2023년 5월 14일 10시,일요일,대전광역시 유성구 도룡동,경상사고,0,0,1,0,차대차 - 기타,안전운전불이행,건조,맑음,교차로 - 교차로부근,승용,남,63세,상해없음,승용,남,40세,경상
2023051400100118,2023년 5월 14일 11시,일요일,대전광역시 서구 용문동,경상사고,0,0,1,0,차대차 - 기타,안전운전불이행,건조,맑음,단일로 - 기타,승용,남,55세,상해없음,승용,남,39세,기타불명
2023051400100154,2023년 5월 14일 12시,일요일,대전광역시 동구 정동,경상사고,0,0,1,0,차대차 - 후진중충돌,안전운전불이행,건조,맑음,기타 - 기타,승용,남,43세,상해없음,승용,남,49세,경상
2023051400100155,2023년 5월 14일 12시,일요일,대전광역시 동구 효동,경상사고,0,0,1,0,차대차 - 측면충돌,안전거리미확보,건조,맑음,단일로 - 기타,승용,여,61세,상해없음,승용,여,56세,경상
2023051400100156,2023년 5월 14일 12시,일요일,대전광역시 대덕구 송촌동,경상사고,0,0,2,0,차대사람 - 기타,안전운전불이행,건조,맑음,교차로 - 교차로부근,승용,여,25세,상해없음,보행자,남,62세,경상
2023051400100157,2023년 5월 14일 12시,일요일,대전광역시 유성구 도룡동,경상사고,0,0,1,0,차대차 - 기타,교차로운행방법위반,건조,맑음,기타 - 기타,승용,남,66세,상해없음,승용,남,29세,경상
2023051400100190,2023년 5월 14일 13시,일요일,대전광역시 유성구 봉명동,경상사고,0,0,4,0,차대차 - 기타,신호위반,건조,맑음,교차로 - 교차로부근,승용,남,58세,상해없음,승용,남,32세,경상
2023051400100191,2023년 5월 14일 13시,일요일,대전광역시 유성구 봉명동,경상사고,0,0,1,0,차대사람 - 횡단중,안전운전불이행,건조,맑음,기타 - 기타,승용,여,36세,상해없음,보행자,남,12세 이하,경상
2023051400100228,2023년 5월 14일 14시,일요일,대전광역시 서구 갈마동,경상사고,0,0,2,0,차대차 - 측면충돌,교차로운행방법위반,건조,맑음,교차로 - 교차로안,승용,남,29세,경상,원동기,남,31세,경상
2023051400100288,2023년 5월 14일 16시,일요일,대전광역시 동구 비룡동,경상사고,0,0,3,0,차대차 - 기타,차로위반,건조,맑음,단일로 - 기타,승합,남,56세,상해없음,승용,남,52세,경상
2023051400100304,2023년 5월 14일 16시,일요일,대전광역시 동구 용전동,경상사고,0,0,2,0,차대차 - 측면충돌,안전운전불이행,건조,맑음,단일로 - 기타,승용,여,63세,상해없음,승용,여,54세,경상
2023051400100305,2023년 5월 14일 16시,일요일,대전광역시 서구 용문동,경상사고,0,0,1,0,차대차 - 기타,안전운전불이행,건조,맑음,단일로 - 기타,승용,남,52세,상해없음,자전거,남,12세 이하,경상
2023051400100306,2023년 5월 14일 16시,일요일,대전광역시 대덕구 상서동,경상사고,0,0,2,0,차대차 - 측면충돌,안전운전불이행,건조,맑음,단일로 - 기타,승용,남,52세,상해없음,승용,남,43세,경상
2023051400100307,2023년 5월 14일 16시,일요일,대전광역시 서구 탄방동,경상사고,0,0,2,0,차대차 - 기타,신호위반,건조,맑음,교차로 - 교차로안,승용,여,68세,기타불명,승용,남,70세,경상
2023051400100337,2023년 5월 14일 17시,일요일,대전광역시 중구 오류동,경상사고,0,0,1,0,차대차 - 기타,신호위반,건조,맑음,교차로 - 교차로안,승용,여,53세,상해없음,승용,남,38세,경상
2023051400100338,2023년 5월 14일 17시,일요일,대전광역시 동구 가양동,중상사고,0,1,0,0,차대차 - 기타,안전운전불이행,건조,맑음,교차로 - 교차로안,승용,남,47세,상해없음,승용,남,57세,중상
2023051400100339,2023년 5월 14일 17시,일요일,대전광역시 서구 둔산동,경상사고,0,0,1,0,차대차 - 기타,교차로운행방법위반,건조,맑음,교차로 - 교차로안,승용,남,27세,상해없음,이륜,남,51세,경상
2023051400100365,2023년 5월 14일 18시,일요일,대전광역시 서구 만년동,중상사고,0,1,0,1,차대사람 - 기타,안전운전불이행,건조,맑음,기타 - 기타,자전거,남,20세 이하,부상신고,보행자,여,40세,중상
2023051400100431,2023년 5월 14일 20시,일요일,대전광역시 대덕구 중리동,경상사고,0,0,1,1,차대차 - 기타,안전운전불이행,건조,맑음,단일로 - 기타,개인형이동수단(PM),여,20세 이하,부상신고,승용,남,38세,경상
2023051400100432,2023년 5월 14일 20시,일요일,대전광역시 유성구 장대동,경상사고,0,0,1,0,차대사람 - 횡단중,신호위반,건조,맑음,교차로 - 교차로안,승합,남,50세,상해없음,보행자,남,58세,경상
2023051400100463,2023년 5월 14일 22시,일요일,대전광역시 대덕구 송촌동,경상사고,0,0,2,0,차대차 - 추돌,안전운전불이행,건조,맑음,단일로 - 기타,화물,남,51세,상해없음,승용,남,46세,경상
2023051400100464,2023년 5월 14일 22시,일요일,대전광역시 유성구 궁동,경상사고,0,0,1,0,차대사람 - 기타,안전운전불이행,건조,맑음,단일로 - 기타,승용,여,25세,상해없음,보행자,남,23세,경상
2023051500100073,2023년 5월 15일 07시,월요일,대전광역시 대덕구 신대동,경상사고,0,0,2,0,차대차 - 추돌,안전거리미확보,건조,맑음,단일로 - 기타,승용,남,51세,상해없음,승용,여,24세,경상
2023051500100074,2023년 5월 15일 07시,월요일,대전광역시 대덕구 신대동,경상사고,0,0,1,0,차대차 - 추돌,안전거리미확보,건조,맑음,단일로 - 기타,승용,남,38세,상해없음,승용,남,43세,경상
2023051500100103,2023년 5월 15일 08시,월요일,대전광역시 대덕구 와동,경상사고,0,0,2,0,차대차 - 기타,기타,건조,맑음,단일로 - 기타,화물,남,63세,상해없음,화물,남,29세,경상
2023051500100104,2023년 5월 15일 08시,월요일,대전광역시 대덕구 송촌동,경상사고,0,0,1,0,차대차 - 측면충돌,안전거리미확보,건조,맑음,단일로 - 기타,승용,여,52세,경상,화물,남,33세,상해없음
2023051500100122,2023년 5월 15일 08시,월요일,대전광역시 동구 삼괴동,중상사고,0,2,2,0,차대차 - 추돌,안전운전불이행,건조,맑음,단일로 - 교량,승용,여,76세,상해없음,승용,여,58세,중상
2023051500100123,2023년 5월 15일 08시,월요일,대전광역시 대덕구 오정동,경상사고,0,0,1,0,차대차 - 추돌,안전운전불이행,건조,맑음,기타 - 기타,화물,남,50세,기타불명,승용,여,27세,경상
2023051500100124,2023년 5월 15일 08시,월요일,대전광역시 유성구 외삼동,경상사고,0,0,1,0,차대차 - 기타,안전운전불이행,건조,맑음,단일로 - 기타,승용,남,67세,상해없음,승용,남,36세,경상
2023051500100153,2023년 5월 15일 09시,월요일,대전광역시 동구 가양동,중상사고,0,1,0,0,차대차 - 기타,직진우회전진행방해,건조,맑음,교차로 - 교차로안,화물,남,51세,상해없음,개인형이동수단(PM),남,78세,중상
2023051500100154,2023년 5월 15일 09시,월요일,대전광역시 유성구 구암동,부상신고사고,0,0,0,1,차대차 - 측면충돌,안전운전불이행,건조,맑음,교차로 - 교차로부근,승용,남,52세,상해없음,승합,남,57세,상해없음
2023051500100182,2023년 5월 15일 10시,월요일,대전광역시 서구 둔산동,중상사고,0,1,0,0,차대차 - 측면충돌,교차로운행방법위반,건조,맑음,교차로 - 교차로안,승용,남,34세,상해없음,원동기,남,47세,중상
2023051500100220,2023년 5월 15일 11시,월요일,대전광역시 유성구 노은동,경상사고,0,0,1,0,차대차 - 기타,안전거리미확보,건조,맑음,기타 - 기타,승용,남,20세 이하,기타불명,승용,여,68세,경상
2023051500100249,2023년 5월 15일 12시,월요일,대전광역시 중구 대사동,경상사고,0,0,1,0,차대차 - 기타,안전운전불이행,건조,맑음,교차로 - 교차로부근,승용,남,61세,상해없음,승합,남,59세,경상
2023051500100250,2023년 5월 15일 12시,월요일,대전광역시 서구 용문동,경상사고,0,0,1,0,차대차 - 기타,신호위반,건조,맑음,교차로 - 교차로부근,승용,여,57세,상해없음,승용,여,28세,경상
2023051500100324,2023년 5월 15일 14시,월요일,대전광역시 중구 문화동,경상사고,0,0,2,0,차대차 - 측면충돌,안전거리미확보,건조,맑음,단일로 - 기타,승용,여,43세,경상,승용,여,48세,경상
2023051500100325,2023년 5월 15일 14시,월요일,대전광역시 대덕구 법동,경상사고,0,0,1,0,차대차 - 측면충돌,교차로운행방법위반,건조,맑음,교차로 - 교차로안,승용,남,36세,기타불명,승용,여,49세,경상
2023051500100358,2023년 5월 15일 15시,월요일,대전광역시 중구 부사동,경상사고,0,0,1,0,차대차 - 측면충돌,안전거리미확보,건조,맑음,단일로 - 기타,화물,남,73세,상해없음,승용,남,29세,경상
2023051500100359,2023년 5월 15일 15시,월요일,대전광역시 대덕구 상서동,경상사고,0,0,1,0,차대차 - 기타,안전운전불이행,건조,맑음,단일로 - 기타,화물,남,35세,상해없음,승용,남,27세,경상
2023051500100360,2023년 5월 15일 15시,월요일,대전광역시 유성구 방동,경상사고,0,0,1,0,차대차 - 기타,안전거리미확보,건조,맑음,단일로 - 기타,화물,남,54세,상해없음,승용,여,34세,경상
2023051500100361,2023년 5월 15일 15시,월요일,대전광역시 유성구 원내동,중상사고,0,1,0,0,차량단독 - 공작물충돌,안전운전불이행,건조,맑음,단일로 - 기타,승용,여,63세,상해없음,,,,
2023051500100402,2023년 5월 15일 16시,월요일,대전광역시 서구 월평동,경상사고,0,0,1,0,차대차 - 기타,안전운전불이행,건조,맑음,교차로 - 교차로부근,이륜,남,54세,경상,승합,남,67세,상해없음
2023051500100450,2023년 5월 15일 17시,월요일,대전광역시 서구 괴정동,중상사고,0,1,0,0,차대차 - 기타,안전운전불이행,건조,맑음,교차로 - 교차로부근,승용,남,39세,상해없음,자전거,남,53세,중상
2023051500100519,2023년 5월 15일 19시,월요일,대전광역시 동구 신안동,중상사고,0,1,0,0,차대차 - 측면충돌,신호위반,건조,맑음,교차로 - 교차로안,이륜,남,20세 이하,중상,승용,남,27세,상해없음
2023051500100545,2023년 5월 15일 20시,월요일,대전광역시 중구 오류동,경상사고,0,0,1,0,차대차 - 기타,안전운전불이행,건조,맑음,교차로 - 교차로부근,승용,남,65세,상해없음,승용,남,27세,상해없음
2023051500100546,2023년 5월 15일 20시,월요일,대전광역시 유성구 지족동,경상사고,0,0,1,0,차대차 - 기타,안전운전불이행,건조,맑음,기타 - 기타,승용,여,52세,상해없음,이륜,남,49세,경상
2023051500100568,2023년 5월 15일 21시,월요일,대전광역시 동구 소제동,경상사고,0,0,1,0,차대차 - 측면충돌,신호위반,건조,맑음,교차로 - 교차로안,이륜,남,31세,기타불명,승용,남,67세,경상
2023051600100071,2023년 5월 16일 07시,화요일,대전광역시 중구 안영동,경상사고,0,0,1,0,차대차 - 측면충돌,안전거리미확보,건조,맑음,단일로 - 기타,건설기계,남,63세,상해없음,승용,남,70세,경상
2023051600100117,2023년 5월 16일 08시,화요일,대전광역시 중구 대사동,경상사고,0,0,1,0,차대차 - 추돌,안전운전불이행,건조,맑음,교차로 - 교차로부근,화물,남,81세 이상,상해없음,승용,여,26세,경상
2023051600100150,2023년 5월 16일 09시,화요일,대전광역시 유성구 구암동,경상사고,0,0,3,0,차대차 - 추돌,안전운전불이행,건조,맑음,단일로 - 기타,승합,남,61세,기타불명,승용,여,43세,경상
2023051600100194,2023년 5월 16일 10시,화요일,대전광역시 서구 괴정동,경상사고,0,0,1,0,차대차 - 추돌,안전운전불이행,건조,맑음,단일로 - 기타,승용,남,53세,상해없음,승용,여,40세,경상
2023051600100228,2023년 5월 16일 11시,화요일,대전광역시 중구 유천동,경상사고,0,0,1,0,차대차 - 기타,교차로운행방법위반,건조,맑음,교차로 - 교차로부근,승용,남,40세,상해없음,승합,남,43세,상해없음
2023051600100229,2023년 5월 16일 11시,화요일,대전광역시 서구 만년동,경상사고,0,0,1,0,차대차 - 기타,안전운전불이행,건조,맑음,교차로 - 교차로부근,승용,여,63세,기타불명,승용,남,25세,경상
2023051600100259,2023년 5월 16일 12시,화요일,대전광역시 동구 가오동,경상사고,0,0,2,0,차대차 - 측면충돌,안전운전불이행,건조,맑음,단일로 - 기타,승용,남,60세,상해없음,승용,여,48세,경상
2023051600100260,2023년 5월 16일 12시,화요일,대전광역시 서구 용문동,경상사고,0,0,1,0,차대차 - 기타,안전운전불이행,건조,맑음,단일로 - 기타,승용,여,28세,상해없음,승용,남,45세,경상
2023051600100301,2023년 5월 16일 13시,화요일,대전광역시 동구 가양동,중상사고,0,1,0,0,차대차 - 측면충돌,불법유턴,건조,맑음,교차로 - 교차로부근,승용,남,77세,상해없음,이륜,남,54세,중상
2023051600100340,2023년 5월 16일 14시,화요일,대전광역시 동구 용전동,경상사고,0,0,1,0,차대차 - 측면충돌,안전운전불이행,건조,맑음,단일로 - 기타,승용,여,29세,상해없음,개인형이동수단(PM),여,21세,경상
2023051600100341,2023년 5월 16일 14시,화요일,대전광역시 대덕구 상서동,중상사고,0,1,1,0,차대차 - 정면충돌,안전운전불이행,건조,맑음,교차로 - 교차로안,승용,남,28세,기타불명,승용,남,53세,중상