사고번호,사고일시,요일,시군구,사고내용,사망자수,중상자수,경상자수,부상신고자수,사고유형,법규위반,노면상태,기상상태,도로형태,가해운전자 차종,가해운전자 성별,가해운전자 연령,가해운전자 상해정도,피해운전자 차종,피해운전자 성별,피해운전자 연령,피해운전자 상해정도
2023060300100237,2023년 6월 3일 12시,토요일,대전광역시 유성구 지족동,경상사고,0,0,3,0,차대차 - 정면충돌,안전운전불이행,건조,맑음,단일로 - 기타,승용,남,48세,상해없음,승용,여,65세,경상
2023060300100271,2023년 6월 3일 13시,토요일,대전광역시 대덕구 신탄진동,경상사고,0,0,1,0,차대차 - 기타,신호위반,건조,맑음,교차로 - 교차로안,승용,여,28세,상해없음,이륜,남,47세,경상
2023060300100272,2023년 6월 3일 13시,토요일,대전광역시 대덕구 석봉동,경상사고,0,0,1,0,차대사람 - 기타,안전운전불이행,건조,맑음,단일로 - 기타,승용,여,62세,상해없음,보행자,여,24세,경상
2023060300100299,2023년 6월 3일 14시,토요일,대전광역시 중구 태평동,경상사고,0,0,1,0,차대차 - 측면충돌,신호위반,건조,맑음,교차로 - 교차로안,승용,남,50세,상해없음,이륜,남,37세,경상
2023060300100301,2023년 6월 3일 14시,토요일,대전광역시 유성구 전민동,경상사고,0,0,1,0,차대차 - 기타,안전운전불이행,건조,맑음,단일로 - 기타,승용,여,60세,상해없음,승용,남,30세,경상
2023060300100348,2023년 6월 3일 15시,토요일,대전광역시 동구 판암동,경상사고,0,0,1,0,차대사람 - 기타,안전운전불이행,건조,맑음,단일로 - 기타,승용,여,60세,상해없음,보행자,남,51세,경상
2023060300100373,2023년 6월 3일 16시,토요일,대전광역시 동구 중동,경상사고,0,0,1,0,차대차 - 기타,기타,건조,맑음,단일로 - 기타,승용,남,70세,상해없음,자전거,남,27세,경상
2023060300100418,2023년 6월 3일 17시,토요일,대전광역시 유성구 노은동,부상신고사고,0,0,0,1,차대차 - 기타,신호위반,건조,맑음,기타 - 기타,승용,남,38세,상해없음,승용,남,21세,부상신고
2023060300100457,2023년 6월 3일 18시,토요일,대전광역시 유성구 궁동,경상사고,0,0,1,0,차대차 - 기타,안전거리미확보,건조,맑음,단일로 - 기타,승용,남,35세,상해없음,이륜,남,45세,경상
2023060300100480,2023년 6월 3일 19시,토요일,대전광역시 동구 가오동,경상사고,0,0,3,0,차대차 - 추돌,안전운전불이행,건조,맑음,교차로 - 교차로부근,승용,남,37세,상해없음,승용,여,51세,경상
2023060300100554,2023년 6월 3일 22시,토요일,대전광역시 유성구 전민동,중상사고,0,1,1,0,차량단독 - 기타,안전운전불이행,건조,맑음,교차로 - 교차로안,승용,남,20세 이하,기타불명,,,,
2023060300100571,2023년 6월 3일 23시,토요일,대전광역시 서구 탄방동,경상사고,0,0,2,0,차대차 - 측면충돌,안전운전불이행,건조,맑음,단일로 - 기타,승용,남,26세,상해없음,승용,남,24세,경상
2023060300100572,2023년 6월 3일 23시,토요일,대전광역시 유성구 장대동,경상사고,0,0,1,0,차대차 - 기타,안전운전불이행,건조,맑음,교차로 - 교차로부근,승용,여,53세,상해없음,승용,남,27세,경상
2023060300100573,2023년 6월 3일 23시,토요일,대전광역시 유성구 구성동,경상사고,0,0,1,0,차대차 - 기타,안전운전불이행,건조,맑음,교차로 - 교차로안,승용,남,25세,상해없음,승합,남,51세,경상
2023060400100042,2023년 6월 4일 04시,일요일,대전광역시 유성구 관평동,경상사고,0,0,2,0,차대차 - 측면충돌,신호위반,건조,맑음,교차로 - 교차로안,승용,남,55세,기타불명,승용,남,68세,경상
2023060400100073,2023년 6월 4일 08시,일요일,대전광역시 동구 대동,중상사고,0,1,0,0,차대차 - 정면충돌,안전운전불이행,건조,맑음,단일로 - 기타,개인형이동수단(PM),여,26세,중상,승용,여,59세,상해없음
2023060400100098,2023년 6월 4일 09시,일요일,대전광역시 유성구 봉명동,중상사고,0,1,2,0,차대차 - 기타,교차로운행방법위반,건조,맑음,교차로 - 교차로부근,이륜,남,66세,중상,승용,여,59세,경상
2023060400100125,2023년 6월 4일 10시,일요일,대전광역시 중구 오류동,경상사고,0,0,1,0,차대차 - 기타,안전운전불이행,건조,맑음,교차로 - 교차로안,승용,여,58세,상해없음,승용,여,44세,경상
2023060400100175,2023년 6월 4일 12시,일요일,대전광역시 중구 대사동,경상사고,0,0,1,0,차량단독 - 기타,안전운전불이행,건조,맑음,단일로 - 기타,승합,기타불명,미분류,기타불명,,,,
2023060400100176,2023년 6월 4일 12시,일요일,대전광역시 동구 용전동,경상사고,0,0,1,0,차대차 - 기타,안전운전불이행,건조,맑음,단일로 - 기타,승용,남,41세,상해없음,승합,남,54세,상해없음
2023060400100177,2023년 6월 4일 12시,일요일,대전광역시 서구 갈마동,경상사고,0,0,3,0,차대차 - 후진중충돌,안전운전불이행,건조,맑음,주차장 - 주차장,승용,여,59세,상해없음,승용,여,33세,경상
2023060400100217,2023년 6월 4일 13시,일요일,대전광역시 서구 용문동,경상사고,0,0,1,0,차대차 - 측면충돌,안전운전불이행,건조,맑음,단일로 - 기타,자전거,남,72세,상해없음,승용,남,68세,상해없음
2023060400100287,2023년 6월 4일 15시,일요일,대전광역시 서구 둔산동,부상신고사고,0,0,0,2,차대차 - 측면충돌,안전거리미확보,건조,맑음,단일로 - 기타,승용,남,78세,상해없음,승용,여,25세,부상신고
2023060400100361,2023년 6월 4일 17시,일요일,대전광역시 동구 대동,경상사고,0,0,1,0,차대차 - 기타,신호위반,건조,맑음,교차로 - 교차로안,승용,남,43세,상해없음,승용,여,59세,경상
2023060400100362,2023년 6월 4일 17시,일요일,대전광역시 대덕구 석봉동,경상사고,0,0,1,0,차대차 - 측면충돌,안전거리미확보,건조,맑음,교차로 - 교차로안,승용,남,65세,기타불명,승용,여,61세,경상
2023060400100402,2023년 6월 4일 19시,일요일,대전광역시 유성구 도룡동,경상사고,0,0,2,0,차대차 - 추돌,안전운전불이행,건조,맑음,교차로 - 교차로부근,승용,여,64세,상해없음,승용,남,60세,상해없음
2023060400100427,2023년 6월 4일 20시,일요일,대전광역시 중구 유천동,경상사고,0,0,1,0,차대차 - 기타,안전운전불이행,건조,맑음,교차로 - 교차로안,승용,남,79세,상해없음,승용,남,70세,경상
2023060400100450,2023년 6월 4일 21시,일요일,대전광역시 중구 대흥동,경상사고,0,0,1,0,차대사람 - 기타,안전운전불이행,건조,맑음,단일로 - 기타,승용,여,50세,상해없음,보행자,여,52세,경상
2023060400100451,2023년 6월 4일 21시,일요일,대전광역시 동구 대동,경상사고,0,0,1,0,차대차 - 기타,안전운전불이행,건조,맑음,교차로 - 교차로부근,승용,남,62세,상해없음,이륜,남,38세,경상
2023060500100012,2023년 6월 5일 00시,월요일,대전광역시 동구 용전동,경상사고,0,0,2,0,차대차 - 추돌,안전운전불이행,건조,맑음,단일로 - 기타,승용,남,43세,상해없음,승용,남,53세,경상
2023060500100064,2023년 6월 5일 07시,월요일,대전광역시 대덕구 오정동,경상사고,0,0,2,0,차대차 - 추돌,안전거리미확보,건조,맑음,단일로 - 고가도로위,승용,여,39세,기타불명,승용,남,25세,경상
2023060500100065,2023년 6월 5일 07시,월요일,대전광역시 유성구 구암동,경상사고,0,0,1,0,차대차 - 기타,안전운전불이행,건조,맑음,교차로 - 교차로안,화물,남,60세,상해없음,승용,남,41세,경상
2023060500100095,2023년 6월 5일 08시,월요일,대전광역시 동구 대동,중상사고,0,1,0,0,차대차 - 측면충돌,신호위반,건조,맑음,교차로 - 교차로안,승용,남,69세,상해없음,자전거,남,26세,중상
2023060500100096,2023년 6월 5일 08시,월요일,대전광역시 동구 가양동,경상사고,0,0,1,0,차대사람 - 횡단중,보행자보호의무위반,건조,맑음,교차로 - 교차로횡단보도내,승용,남,66세,상해없음,보행자,남,81세 이상,경상
2023060500100121,2023년 6월 5일 09시,월요일,대전광역시 동구 홍도동,경상사고,0,0,2,0,차대차 - 측면충돌,안전운전불이행,건조,맑음,교차로 - 교차로부근,승용,남,53세,상해없음,승용,남,24세,경상
2023060500100122,2023년 6월 5일 09시,월요일,대전광역시 유성구 장대동,경상사고,0,0,1,0,차대차 - 측면충돌,안전운전불이행,건조,맑음,교차로 - 교차로안,승용,남,34세,상해없음,이륜,남,41세,경상
2023060500100195,2023년 6월 5일 11시,월요일,대전광역시 중구 선화동,경상사고,0,0,2,0,차대차 - 기타,교차로운행방법위반,건조,맑음,교차로 - 교차로안,승용,남,61세,상해없음,화물,남,29세,상해없음
2023060500100196,2023년 6월 5일 11시,월요일,대전광역시 유성구 문지동,중상사고,0,1,0,0,차대사람 - 횡단중,중앙선침범,건조,맑음,단일로 - 기타,승용,여,61세,상해없음,보행자,남,46세,중상
2023060500100266,2023년 6월 5일 13시,월요일,대전광역시 동구 용전동,경상사고,0,0,1,0,차대차 - 정면충돌,안전운전불이행,건조,맑음,교차로 - 교차로부근,승용,남,57세,상해없음,승용,여,62세,경상
2023060500100267,2023년 6월 5일 13시,월요일,대전광역시 대덕구 법동,경상사고,0,0,1,0,차대사람 - 기타,안전운전불이행,건조,맑음,단일로 - 기타,화물,남,69세,상해없음,보행자,남,27세,경상
2023060500100268,2023년 6월 5일 13시,월요일,대전광역시 서구 탄방동,경상사고,0,0,1,0,차대사람 - 기타,보행자보호의무위반,건조,맑음,단일로 - 기타,화물,남,49세,상해없음,보행자,여,25세,경상
2023060500100307,2023년 6월 5일 14시,월요일,대전광역시 동구 삼성동,중상사고,0,1,0,0,차대사람 - 보도통행중,신호위반,건조,맑음,교차로 - 교차로횡단보도내,승용,여,40세,상해없음,보행자,여,61세,중상
2023060500100354,2023년 6월 5일 15시,월요일,대전광역시 유성구 구암동,경상사고,0,0,1,0,차대차 - 기타,안전거리미확보,건조,맑음,교차로 - 교차로안,승용,여,48세,상해없음,승용,남,41세,경상
2023060500100390,2023년 6월 5일 16시,월요일,대전광역시 중구 선화동,경상사고,0,0,2,0,차대차 - 추돌,안전운전불이행,건조,맑음,단일로 - 기타,승용,남,21세,상해없음,승합,남,60세,경상
2023060500100391,2023년 6월 5일 16시,월요일,대전광역시 서구 갈마동,경상사고,0,0,1,0,차대차 - 측면충돌,안전운전불이행,건조,맑음,기타 - 기타,원동기,남,64세,상해없음,자전거,남,15세,경상
2023060500100392,2023년 6월 5일 16시,월요일,대전광역시 유성구 상대동,경상사고,0,0,1,0,차대차 - 측면충돌,신호위반,건조,맑음,교차로 - 교차로부근,승용,여,59세,상해없음,승용,남,49세,경상
2023060500100435,2023년 6월 5일 17시,월요일,대전광역시 서구 도마동,경상사고,0,0,1,0,차대차 - 추돌,안전운전불이행,건조,맑음,단일로 - 기타,승용,여,65세,상해없음,승용,여,47세,경상
2023060500100436,2023년 6월 5일 17시,월요일,대전광역시 대덕구 읍내동,경상사고,0,0,1,0,차대사람 - 기타,기타,건조,맑음,기타 - 기타,승용,남,63세,상해없음,보행자,여,69세,경상
2023060500100437,2023년 6월 5일 17시,월요일,대전광역시 대덕구 중리동,부상신고사고,0,0,0,1,차대사람 - 기타,안전운전불이행,건조,맑음,단일로 - 기타,승용,여,33세,기타불명,보행자,남,26세,부상신고
2023060500100438,2023년 6월 5일 17시,월요일,대전광역시 유성구 도룡동,경상사고,0,0,1,0,차대사람 - 차도통행중,안전운전불이행,건조,맑음,교차로 - 교차로안,화물,남,60세,상해없음,보행자,여,20세,경상
2023060500100490,2023년 6월 5일 18시,월요일,대전광역시 서구 둔산동,경상사고,0,0,1,0,차대차 - 기타,안전운전불이행,건조,맑음,교차로 - 교차로안,승용,여,29세,기타불명,승용,남,29세,경상
2023060500100555,2023년 6월 5일 20시,월요일,대전광역시 중구 중촌동,중상사고,0,1,0,0,차량단독 - 기타,안전운전불이행,건조,맑음,단일로 - 지하차도(도로)내,이륜,남,54세,중상,,,,
2023060500100583,2023년 6월 5일 21시,월요일,대전광역시 유성구 반석동,중상사고,0,3,3,0,차대차 - 추돌,안전운전불이행,건조,맑음,단일로 - 기타,화물,남,38세,상해없음,승용,남,44세,경상
2023060500100608,2023년 6월 5일 22시,월요일,대전광역시 유성구 갑동,중상사고,0,1,0,0,차대차 - 추돌,안전운전불이행,건조,맑음,교차로 - 교차로부근,승용,남,52세,상해없음,승용,남,58세,중상
2023060500100632,2023년 6월 5일 23시,월요일,대전광역시 서구 갈마동,경상사고,0,0,1,0,차대차 - 측면충돌,안전거리미확보,건조,맑음,기타 - 기타,이륜,남,35세,상해없음,이륜,남,24세,경상
2023060600100023,2023년 6월 6일 02시,화요일,대전광역시 서구 탄방동,중상사고,0,1,0,0,차대차 - 기타,신호위반,건조,맑음,교차로 - 교차로안,승용,남,21세,상해없음,이륜,남,71세,중상
2023060600100024,2023년 6월 6일 02시,화요일,대전광역시 유성구 봉명동,경상사고,0,0,3,0,차대차 - 기타,안전거리미확보,건조,맑음,단일로 - 기타,승용,남,39세,상해없음,승용,여,60세,경상
2023060600100045,2023년 6월 6일 05시,화요일,대전광역시 서구 둔산동,경상사고,0,0,1,0,차대차 - 기타,교차로운행방법위반,건조,맑음,교차로 - 교차로부근,승용,남,56세,상해없음,승용,남,32세,경상
2023060600100058,2023년 6월 6일 06시,화요일,대전광역시 유성구 원신흥동,경상사고,0,0,3,0,차대차 - 측면충돌,신호위반,건조,맑음,단일로 - 기타,화물,남,71세,상해없음,승합,남,49세,경상
2023060600100158,2023년 6월 6일 11시,화요일,대전광역시 유성구 덕명동,경상사고,0,0,3,0,차대차 - 기타,안전운전불이행,건조,맑음,교차로 - 교차로안,승용,여,51세,상해없음,승용,남,46세,경상
2023060600100228,2023년 6월 6일 13시,화요일,대전광역시 동구 가양동,경상사고,0,0,3,0,차대차 - 기타,안전운전불이행,건조,맑음,교차로 - 교차로안,이륜,남,26세,경상,승용,여,22세,경상
2023060600100275,2023년 6월 6일 15시,화요일,대전광역시 중구 은행동,경상사고,0,0,3,0,차대차 - 기타,신호위반,건조,맑음,교차로 - 교차로안,승용,남,64세,상해없음,승용,여,58세,경상
2023060600100276,2023년 6월 6일 15시,화요일,대전광역시 서구 가수원동,경상사고,0,0,2,0,차대차 - 측면충돌,안전운전불이행,건조,맑음,단일로 - 기타,승용,남,60세,상해없음,승용,남,37세,경상
2023060600100277,2023년 6월 6일 15시,화요일,대전광역시 서구 변동,경상사고,0,0,1,0,차대차 - 기타,안전운전불이행,건조,맑음,교차로 - 교차로부근,화물,남,53세,기타불명,승용,남,56세,경상
2023060600100278,2023년 6월 6일 15시,화요일,대전광역시 유성구 문지동,경상사고,0,0,1,0,차대차 - 기타,안전운전불이행,건조,맑음,교차로 - 교차로부근,이륜,남,42세,상해없음,자전거,남,12세 이하,경상
2023060600100397,2023년 6월 6일 18시,화요일,대전광역시 동구 인동,경상사고,0,0,1,0,차대사람 - 기타,안전운전불이행,건조,맑음,교차로 - 교차로안,승용,남,62세,상해없음,보행자,남,70세,경상
2023060600100398,2023년 6월 6일 18시,화요일,대전광역시 서구 가수원동,경상사고,0,0,1,0,차대차 - 기타,차로위반,건조,맑음,단일로 - 교량,자전거,남,57세,경상,승합,남,67세,상해없음
2023060600100420,2023년 6월 6일 19시,화요일,대전광역시 중구 선화동,중상사고,0,1,0,0,차대차 - 기타,안전운전불이행,건조,맑음,교차로 - 교차로부근,승용,남,23세,상해없음,이륜,남,24세,중상
2023060600100441,2023년 6월 6일 20시,화요일,대전광역시 서구 둔산동,중상사고,0,4,0,0,차대차 - 기타,안전운전불이행,건조,맑음,단일로 - 기타,승용,남,28세,상해없음,승용,남,54세,중상
2023060600100442,2023년 6월 6일 20시,화요일,대전광역시 유성구 장대동,중상사고,0,1,0,0,차대차 - 측면충돌,신호위반,건조,맑음,교차로 - 교차로부근,승용,남,47세,상해없음,이륜,남,62세,중상
2023060600100463,2023년 6월 6일 21시,화요일,대전광역시 서구 정림동,경상사고,0,0,1,0,차대차 - 기타,안전운전불이행,건조,맑음,단일로 - 기타,이륜,남,20세 이하,상해없음,자전거,남,14세,경상
2023060700100106,2023년 6월 7일 08시,수요일,대전광역시 동구 대동,중상사고,0,1,0,0,차대사람 - 기타,기타,건조,맑음,단일로 - 기타,승합,남,45세,상해없음,보행자,남,67세,중상
2023060700100188,2023년 6월 7일 10시,수요일,대전광역시 대덕구 문평동,중상사고,0,1,0,0,차대차 - 측면충돌,안전운전불이행,건조,맑음,교차로 - 교차로안,승용,남,36세,상해없음,승용,남,40세,중상
2023060700100189,2023년 6월 7일 10시,수요일,대전광역시 유성구 관평동,경상사고,0,0,1,0,차대차 - 추돌,신호위반,건조,맑음,미분류 - 미분류,화물,남,68세,상해없음,승용,여,44세,경상
2023060700100255,2023년 6월 7일 12시,수요일,대전광역시 동구 삼성동,경상사고,0,0,1,0,차대차 - 측면충돌,신호위반,건조,맑음,교차로 - 교차로안,승용,남,45세,상해없음,승용,남,64세,경상
2023060700100256,2023년 6월 7일 12시,수요일,대전광역시 대덕구 법동,중상사고,0,1,0,0,차대사람 - 횡단중,신호위반,건조,맑음,교차로 - 교차로횡단보도내,승용,남,54세,상해없음,보행자,여,71세,중상
2023060700100320,2023년 6월 7일 14시,수요일,대전광역시 서구 관저동,중상사고,0,1,0,0,차대차 - 측면충돌,안전운전불이행,건조,맑음,교차로 - 교차로안,승용,여,50세,상해없음,승용,남,52세,중상
2023060700100321,2023년 6월 7일 14시,수요일,대전광역시 대덕구 평촌동,중상사고,0,1,0,0,차대사람 - 횡단중,안전운전불이행,건조,맑음,교차로 - 교차로안,화물,남,53세,상해없음,보행자,남,81세 이상,중상
2023060700100359,2023년 6월 7일 15시,수요일,대전광역시 중구 옥계동,경상사고,0,0,1,0,차대사람 - 기타,안전운전불이행,건조,맑음,단일로 - 기타,화물,남,50세,상해없음,보행자,남,65세,경상
2023060700100408,2023년 6월 7일 16시,수요일,대전광역시 중구 대흥동,경상사고,0,0,1,0,차대사람 - 횡단중,보행자보호의무위반,건조,맑음,교차로 - 교차로횡단보도내,승용,남,30세,상해없음,보행자,남,38세,경상
2023060700100409,2023년 6월 7일 16시,수요일,대전광역시 서구 도마동,중상사고,0,1,0,0,차대사람 - 기타,안전운전불이행,건조,맑음,단일로 - 기타,승합,남,40세,상해없음,보행자,여,65세,중상
2023060700100495,2023년 6월 7일 18시,수요일,대전광역시 동구 비룡동,중상사고,0,1,0,0,차대차 - 기타,안전운전불이행,건조,맑음,단일로 - 기타,원동기,남,79세,중상,승용,남,69세,상해없음
2023060700100496,2023년 6월 7일 18시,수요일,대전광역시 서구 괴정동,경상사고,0,0,1,0,차대차 - 기타,안전운전불이행,건조,맑음,교차로 - 교차로부근,승용,남,67세,상해없음,승용,여,23세,경상
2023060700100497,2023년 6월 7일 18시,수요일,대전광역시 서구 관저동,중상사고,0,1,0,0,차대차 - 기타,안전운전불이행,건조,맑음,기타 - 기타,자전거,남,29세,상해없음,자전거,남,41세,중상
2023060700100498,2023년 6월 7일 18시,수요일,대전광역시 유성구 관평동,중상사고,0,1,1,0,차대차 - 측면충돌,안전운전불이행,건조,맑음,단일로 - 기타,승용,남,63세,상해없음,승용,여,29세,중상
2023060700100551,2023년 6월 7일 20시,수요일,대전광역시 중구 오류동,경상사고,0,0,2,0,차대차 - 측면충돌,안전거리미확보,건조,맑음,단일로 - 기타,승용,여,53세,상해없음,승용,남,29세,경상
2023060700100552,2023년 6월 7일 20시,수요일,대전광역시 유성구 도룡동,경상사고,0,0,1,0,차대차 - 측면충돌,중앙선침범,건조,맑음,단일로 - 기타,기타불명,기타불명,미분류,기타불명,승용,남,29세,경상
2023060800100042,2023년 6월 8일 05시,목요일,대전광역시 중구 오류동,경상사고,0,0,1,0,차대차 - 기타,안전거리미확보,건조,맑음,단일로 - 기타,건설기계,남,46세,상해없음,승용,남,50세,경상
2023060800100043,2023년 6월 8일 05시,목요일,대전광역시 서구 갈마동,중상사고,0,1,0,1,차대사람 - 차도통행중,안전운전불이행,건조,맑음,교차로 - 교차로부근,이륜,남,20세 이하,부상신고,보행자,남,81세 이상,중상
2023060800100048,2023년 6월 8일 06시,목요일,대전광역시 서구 변동,경상사고,0,0,1,0,차대차 - 기타,안전거리미확보,건조,맑음,기타 - 기타,건설기계,남,62세,상해없음,승용,남,64세,경상
2023060800100079,2023년 6월 8일 07시,목요일,대전광역시 서구 둔산동,경상사고,0,0,1,0,차대사람 - 횡단중,안전운전불이행,건조,맑음,교차로 - 교차로부근,승용,남,48세,상해없음,보행자,여,44세,경상
2023060800100152,2023년 6월 8일 09시,목요일,대전광역시 중구 대흥동,중상사고,0,1,1,0,차대차 - 기타,안전운전불이행,건조,맑음,교차로 - 교차로안,승용,여,63세,상해없음,승용,여,50세,중상
2023060800100210,2023년 6월 8일 11시,목요일,대전광역시 동구 신안동,경상사고,0,0,1,0,차대차 - 기타,신호위반,건조,맑음,교차로 - 교차로안,화물,남,60세,상해없음,승용,여,64세,경상
2023060800100211,2023년 6월 8일 11시,목요일,대전광역시 서구 탄방동,경상사고,0,0,3,0,차대차 - 추돌,안전운전불이행,건조,맑음,교차로 - 교차로부근,승용,남,68세,기타불명,승용,남,65세,경상
2023060800100236,2023년 6월 8일 12시,목요일,대전광역시 서구 둔산동,경상사고,0,0,1,0,차대차 - 측면충돌,안전운전불이행,건조,맑음,교차로 - 교차로부근,승용,남,79세,상해없음,승용,여,44세,경상
2023060800100237,2023년 6월 8일 12시,목요일,대전광역시 유성구 봉명동,중상사고,0,1,0,0,차대사람 - 기타,보행자보호의무위반,건조,맑음,단일로 - 기타,승합,남,69세,상해없음,보행자,여,63세,중상
2023060800100267,2023년 6월 8일 13시,목요일,대전광역시 중구 오류동,경상사고,0,0,2,0,차대차 - 기타,안전거리미확보,건조,맑음,교차로 - 교차로부근,승용,남,25세,상해없음,승용,여,41세,경상
2023060800100362,2023년 6월 8일 16시,목요일,대전광역시 서구 탄방동,경상사고,0,0,1,0,차대차 - 기타,안전운전불이행,건조,맑음,단일로 - 기타,승용,남,45세,상해없음,이륜,남,51세,경상
2023060800100400,2023년 6월 8일 17시,목요일,대전광역시 중구 문화동,경상사고,0,0,1,0,차대차 - 기타,교차로운행방법위반,건조,맑음,교차로 - 교차로안,자전거,남,20세 이하,경상,화물,남,66세,상해없음
2023060800100401,2023년 6월 8일 17시,목요일,대전광역시 서구 도안동,중상사고,0,2,0,0,차대차 - 기타,안전운전불이행,건조,맑음,기타 - 기타,승용,여,21세,기타불명,이륜,남,41세,중상
2023060800100402,2023년 6월 8일 17시,목요일,대전광역시 서구 둔산동,경상사고,0,0,1,0,차대차 - 측면충돌,교차로운행방법위반,건조,맑음,교차로 - 교차로안,승용,여,56세,상해없음,승용,남,42세,경상
2023060800100464,2023년 6월 8일 19시,목요일,대전광역시 유성구 탑립동,중상사고,0,1,0,0,차대차 - 기타,안전운전불이행,건조,맑음,기타 - 기타,승용,여,54세,상해없음,승용,여,57세,중상
2023060800100497,2023년 6월 8일 20시,목요일,대전광역시 대덕구 송촌동,중상사고,0,1,0,0,차대사람 - 횡단중,신호위반,건조,맑음,교차로 - 교차로안,이륜,남,20세 이하,상해없음,보행자,남,34세,중상
2023060900100074,2023년 6월 9일 07시,금요일,대전광역시 대덕구 상서동,경상사고,0,0,1,0,차대차 - 측면충돌,안전운전불이행,건조,맑음,교차로 - 교차로부근,이륜,남,24세,상해없음,승용,남,33세,경상
2023060900100104,2023년 6월 9일 08시,금요일,대전광역시 중구 선화동,경상사고,0,0,1,0,차대차 - 기타,안전운전불이행,건조,맑음,단일로 - 기타,승용,남,70세,상해없음,화물,남,50세,경상
2023060900100105,2023년 6월 9일 08시,금요일,대전광역시 서구 둔산동,경상사고,0,0,1,0,차대차 - 기타,안전운전불이행,건조,맑음,교차로 - 교차로횡단보도내,이륜,남,76세,상해없음,자전거,남,48세,경상
2023060900100106,2023년 6월 9일 08시,금요일,대전광역시 유성구 방동,경상사고,0,0,1,0,차대차 - 추돌,안전거리미확보,건조,맑음,단일로 - 교량,승용,남,64세,상해없음,승용,여,44세,경상
2023060900100147,2023년 6월 9일 09시,금요일,대전광역시 서구 탄방동,경상사고,0,0,1,0,차대차 - 측면충돌,안전운전불이행,건조,맑음,교차로 - 교차로부근,승용,여,46세,상해없음,승용,여,53세,경상
2023060900100181,2023년 6월 9일 10시,금요일,대전광역시 유성구 봉명동,경상사고,0,0,1,0,차대사람 - 차도통행중,보행자보호의무위반,건조,맑음,교차로 - 교차로횡단보도내,승용,남,56세,상해없음,보행자,여,20세,경상
2023060900100224,2023년 6월 9일 11시,금요일,대전광역시 서구 도안동,중상사고,0,2,0,0,차대차 - 추돌,안전거리미확보,건조,맑음,교차로 - 교차로부근,특수,남,61세,상해없음,승용,여,49세,중상
2023060900100281,2023년 6월 9일 13시,금요일,대전광역시 동구 정동,중상사고,0,1,0,0,차대차 - 측면충돌,신호위반,건조,맑음,단일로 - 지하차도(도로)내,원동기,남,47세,중상,승용,남,46세,상해없음
2023060900100349,2023년 6월 9일 15시,금요일,대전광역시 서구 둔산동,경상사고,0,0,1,0,차대차 - 측면충돌,안전운전불이행,건조,맑음,교차로 - 교차로안,승용,여,63세,상해없음,승용,남,65세,경상
2023060900100408,2023년 6월 9일 16시,금요일,대전광역시 중구 문화동,경상사고,0,0,1,0,차대차 - 추돌,안전운전불이행,건조,맑음,교차로 - 교차로횡단보도내,승용,여,58세,상해없음,자전거,남,43세,경상
2023060900100409,2023년 6월 9일 16시,금요일,대전광역시 동구 중동,경상사고,0,0,1,0,차대차 - 측면충돌,안전운전불이행,건조,맑음,교차로 - 교차로안,승용,남,65세,상해없음,승용,남,63세,경상
2023060900100410,2023년 6월 9일 16시,금요일,대전광역시 서구 내동,중상사고,0,1,0,0,차대사람 - 기타,안전운전불이행,건조,맑음,기타 - 기타,승용,남,57세,기타불명,보행자,여,54세,중상
2023060900100411,2023년 6월 9일 16시,금요일,대전광역시 서구 탄방동,경상사고,0,0,2,0,차대차 - 추돌,안전운전불이행,건조,맑음,단일로 - 기타,승용,남,38세,기타불명,승용,여,40세,경상
2023060900100412,2023년 6월 9일 16시,금요일,대전광역시 유성구 장대동,경상사고,0,0,2,0,차대차 - 측면충돌,안전운전불이행,건조,맑음,기타 - 기타,승용,남,60세,상해없음,승용,남,62세,경상
2023060900100413,2023년 6월 9일 16시,금요일,대전광역시 유성구 장대동,경상사고,0,0,1,0,차대차 - 측면충돌,안전운전불이행,건조,맑음,단일로 - 기타,승용,여,60세,상해없음,개인형이동수단(PM),여,23세,경상
2023060900100471,2023년 6월 9일 17시,금요일,대전광역시 서구 둔산동,경상사고,0,0,1,0,차대차 - 기타,안전운전불이행,건조,맑음,교차로 - 교차로부근,승용,남,39세,상해없음,승용,여,35세,경상
2023060900100518,2023년 6월 9일 18시,금요일,대전광역시 서구 만년동,경상사고,0,0,1,0,차대차 - 측면충돌,신호위반,건조,맑음,단일로 - 기타,승용,남,36세,상해없음,승용,여,25세,경상
2023060900100519,2023년 6월 9일 18시,금요일,대전광역시 유성구 봉산동,경상사고,0,0,3,0,차대차 - 후진중충돌,안전운전불이행,건조,맑음,교차로 - 교차로안,승용,남,77세,상해없음,승용,여,39세,경상
2023060900100554,2023년 6월 9일 19시,금요일,대전광역시 동구 정동,경상사고,0,0,1,0,차대사람 - 기타,기타,건조,맑음,단일로 - 기타,승용,남,60세,상해없음,보행자,여,26세,경상
2023060900100585,2023년 6월 9일 20시,금요일,대전광역시 유성구 신성동,경상사고,0,0,1,0,차대차 - 정면충돌,안전운전불이행,건조,맑음,교차로 - 교차로안,승용,여,43세,기타불명,개인형이동수단(PM),남,24세,경상
2023060900100631,2023년 6월 9일 22시,금요일,대전광역시 서구 월평동,경상사고,0,0,1,0,차대차 - 추돌,안전운전불이행,건조,맑음,기타 - 기타,이륜,여,46세,상해없음,승용,남,72세,경상
2023061000100016,2023년 6월 10일 00시,토요일,대전광역시 중구 오류동,중상사고,0,1,1,0,차대차 - 기타,안전운전불이행,건조,맑음,교차로 - 교차로부근,승용,남,38세,상해없음,승용,남,68세,경상