사고번호,사고일시,요일,시군구,사고내용,사망자수,중상자수,경상자수,부상신고자수,사고유형,법규위반,노면상태,기상상태,도로형태,가해운전자 차종,가해운전자 성별,가해운전자 연령,가해운전자 상해정도,피해운전자 차종,피해운전자 성별,피해운전자 연령,피해운전자 상해정도
2023061000100030,2023년 6월 10일 01시,토요일,대전광역시 유성구 봉명동,경상사고,0,0,3,0,차대차 - 추돌,안전운전불이행,건조,맑음,교차로 - 교차로부근,승용,여,45세,상해없음,승용,남,67세,경상
2023061000100066,2023년 6월 10일 06시,토요일,대전광역시 서구 탄방동,경상사고,0,0,1,0,차대차 - 기타,신호위반,건조,맑음,교차로 - 교차로안,승용,남,47세,상해없음,승용,남,75세,경상
2023061000100088,2023년 6월 10일 08시,토요일,대전광역시 중구 오류동,경상사고,0,0,1,0,차대사람 - 기타,중앙선침범,건조,맑음,단일로 - 기타,승용,여,65세,상해없음,보행자,남,30세,경상
2023061000100111,2023년 6월 10일 09시,토요일,대전광역시 서구 둔산동,경상사고,0,0,1,0,차대사람 - 기타,안전운전불이행,건조,맑음,단일로 - 기타,승용,여,53세,상해없음,보행자,여,21세,경상
2023061000100134,2023년 6월 10일 10시,토요일,대전광역시 동구 원동,경상사고,0,0,1,0,차대차 - 기타,안전운전불이행,건조,맑음,교차로 - 교차로안,승용,남,78세,상해없음,자전거,남,45세,경상
2023061000100180,2023년 6월 10일 11시,토요일,대전광역시 중구 유천동,부상신고사고,0,0,0,1,차대차 - 측면충돌,직진우회전진행방해,건조,맑음,교차로 - 교차로안,자전거,남,81세 이상,부상신고,화물,남,40세,상해없음
2023061000100181,2023년 6월 10일 11시,토요일,대전광역시 동구 용전동,경상사고,0,0,1,0,차대차 - 기타,안전운전불이행,건조,맑음,단일로 - 기타,승합,남,52세,상해없음,승용,여,45세,경상
2023061000100213,2023년 6월 10일 12시,토요일,대전광역시 동구 대성동,경상사고,0,0,2,0,차대차 - 측면충돌,안전운전불이행,건조,맑음,단일로 - 기타,승용,여,55세,상해없음,승용,남,68세,상해없음
2023061000100214,2023년 6월 10일 12시,토요일,대전광역시 서구 탄방동,중상사고,0,1,0,0,차대차 - 기타,신호위반,건조,맑음,단일로 - 기타,이륜,남,55세,상해없음,승용,남,49세,중상
2023061000100249,2023년 6월 10일 13시,토요일,대전광역시 동구 삼성동,경상사고,0,0,1,0,차대차 - 측면충돌,안전운전불이행,건조,맑음,교차로 - 교차로부근,이륜,남,48세,상해없음,승용,여,56세,경상
2023061000100250,2023년 6월 10일 13시,토요일,대전광역시 서구 도마동,경상사고,0,0,1,0,차대차 - 후진중충돌,안전운전불이행,건조,맑음,단일로 - 기타,자전거,남,64세,경상,승용,여,50세,상해없음
2023061000100290,2023년 6월 10일 14시,토요일,대전광역시 서구 월평동,경상사고,0,0,1,0,차대차 - 측면충돌,안전거리미확보,건조,맑음,단일로 - 교량,승용,남,59세,상해없음,승용,남,35세,경상
2023061000100328,2023년 6월 10일 15시,토요일,대전광역시 유성구 노은동,경상사고,0,0,4,0,차대차 - 측면충돌,신호위반,건조,맑음,교차로 - 교차로안,승용,남,28세,상해없음,승용,남,44세,경상
2023061000100355,2023년 6월 10일 16시,토요일,대전광역시 동구 가양동,중상사고,0,1,0,0,차량단독 - 기타,안전운전불이행,건조,맑음,단일로 - 기타,승합,남,44세,상해없음,,,,
2023061000100356,2023년 6월 10일 16시,토요일,대전광역시 유성구 문지동,경상사고,0,0,1,0,차대차 - 기타,신호위반,건조,맑음,교차로 - 교차로횡단보도내,개인형이동수단(PM),남,20세 이하,경상,승용,여,54세,상해없음
2023061000100390,2023년 6월 10일 17시,토요일,대전광역시 중구 오류동,중상사고,0,1,0,0,차대사람 - 보도통행중,기타,건조,맑음,단일로 - 기타,이륜,남,20세 이하,상해없음,보행자,남,74세,중상
2023061000100391,2023년 6월 10일 17시,토요일,대전광역시 중구 은행동,경상사고,0,0,1,0,차대차 - 측면충돌,안전거리미확보,건조,맑음,단일로 - 기타,승용,여,41세,상해없음,승용,남,59세,경상
2023061000100392,2023년 6월 10일 17시,토요일,대전광역시 중구 중촌동,경상사고,0,0,2,0,차대차 - 추돌,안전운전불이행,건조,맑음,교차로 - 교차로부근,승용,남,26세,상해없음,승용,남,54세,경상
2023061000100539,2023년 6월 10일 23시,토요일,대전광역시 중구 대흥동,경상사고,0,0,1,0,차대차 - 기타,신호위반,건조,맑음,교차로 - 교차로안,이륜,남,53세,상해없음,승용,남,56세,경상
2023061000100540,2023년 6월 10일 23시,토요일,대전광역시 대덕구 석봉동,경상사고,0,0,1,0,차대사람 - 기타,중앙선침범,기타,흐림,교차로 - 교차로부근,승용,여,70세,상해없음,보행자,남,50세,경상
2023061100100010,2023년 6월 11일 00시,일요일,대전광역시 서구 둔산동,경상사고,0,0,1,0,차대사람 - 길가장자리구역통행중,안전운전불이행,건조,맑음,단일로 - 기타,승용,남,22세,상해없음,보행자,여,29세,경상
2023061100100048,2023년 6월 11일 03시,일요일,대전광역시 동구 용전동,경상사고,0,0,1,0,차대차 - 추돌,안전운전불이행,건조,맑음,단일로 - 기타,승용,남,54세,상해없음,승용,남,38세,경상
2023061100100066,2023년 6월 11일 06시,일요일,대전광역시 유성구 원신흥동,중상사고,0,1,3,0,차대차 - 측면충돌,신호위반,건조,맑음,교차로 - 교차로안,승용,남,58세,상해없음,승합,남,50세,경상
2023061100100096,2023년 6월 11일 09시,일요일,대전광역시 중구 문창동,경상사고,0,0,2,0,차대차 - 기타,안전운전불이행,건조,맑음,단일로 - 기타,승용,남,58세,상해없음,승용,남,51세,경상
2023061100100168,2023년 6월 11일 12시,일요일,대전광역시 유성구 궁동,경상사고,0,0,1,0,차대차 - 기타,안전운전불이행,건조,맑음,기타 - 기타,승용,남,63세,상해없음,자전거,남,36세,경상
2023061100100192,2023년 6월 11일 13시,일요일,대전광역시 중구 오류동,중상사고,0,1,1,0,차대차 - 측면충돌,신호위반,건조,맑음,교차로 - 교차로안,화물,남,51세,상해없음,승용,여,49세,중상
2023061100100220,2023년 6월 11일 14시,일요일,대전광역시 중구 중촌동,경상사고,0,0,1,0,차대차 - 기타,기타,건조,맑음,교차로 - 교차로안,승용,남,46세,상해없음,자전거,남,12세 이하,경상
2023061100100287,2023년 6월 11일 16시,일요일,대전광역시 대덕구 상서동,경상사고,0,0,2,0,차대차 - 측면충돌,안전거리미확보,건조,맑음,단일로 - 지하차도(도로)내,승용,여,31세,기타불명,승용,남,25세,경상
2023061100100392,2023년 6월 11일 20시,일요일,대전광역시 서구 변동,경상사고,0,0,1,0,차대차 - 측면충돌,안전운전불이행,건조,맑음,단일로 - 기타,승용,남,60세,상해없음,이륜,여,28세,경상
2023061100100404,2023년 6월 11일 21시,일요일,대전광역시 대덕구 중리동,중상사고,0,1,0,0,차대차 - 기타,불법유턴,건조,맑음,교차로 - 교차로안,승용,남,59세,상해없음,이륜,남,41세,중상
2023061100100423,2023년 6월 11일 22시,일요일,대전광역시 서구 탄방동,경상사고,0,0,1,0,차대차 - 기타,안전거리미확보,건조,맑음,단일로 - 기타,승용,여,20세 이하,상해없음,승용,남,62세,경상
2023061200100023,2023년 6월 12일 04시,월요일,대전광역시 서구 도마동,사망사고,1,0,0,0,차대사람 - 횡단중,보행자보호의무위반,건조,맑음,단일로 - 기타,이륜,남,20세 이하,상해없음,보행자,여,70세,사망
2023061200100024,2023년 6월 12일 04시,월요일,대전광역시 서구 탄방동,경상사고,0,0,1,0,차대차 - 기타,안전거리미확보,건조,맑음,단일로 - 기타,이륜,남,73세,상해없음,이륜,남,18세,경상
2023061200100044,2023년 6월 12일 06시,월요일,대전광역시 대덕구 신탄진동,경상사고,0,0,1,0,차대차 - 기타,안전운전불이행,건조,맑음,교차로 - 교차로안,화물,남,57세,상해없음,승용,여,29세,경상
2023061200100068,2023년 6월 12일 07시,월요일,대전광역시 중구 은행동,경상사고,0,0,2,0,차대차 - 측면충돌,신호위반,건조,맑음,교차로 - 교차로안,승용,남,72세,상해없음,승용,남,56세,경상
2023061200100069,2023년 6월 12일 07시,월요일,대전광역시 대덕구 목상동,경상사고,0,0,2,0,차대차 - 기타,차로위반,건조,맑음,단일로 - 기타,승용,남,73세,기타불명,승용,여,29세,경상
2023061200100070,2023년 6월 12일 07시,월요일,대전광역시 서구 월평동,중상사고,0,1,0,0,차량단독 - 기타,안전운전불이행,건조,맑음,교차로 - 교차로부근,승용,남,61세,상해없음,,,,
2023061200100116,2023년 6월 12일 08시,월요일,대전광역시 서구 흑석동,중상사고,0,1,0,0,차대차 - 측면충돌,신호위반,건조,맑음,교차로 - 교차로안,승용,남,67세,상해없음,승용,남,65세,중상
2023061200100189,2023년 6월 12일 10시,월요일,대전광역시 동구 정동,경상사고,0,0,1,0,차량단독 - 기타,기타,건조,맑음,단일로 - 기타,승용,남,69세,상해없음,,,,
2023061200100225,2023년 6월 12일 11시,월요일,대전광역시 서구 도마동,경상사고,0,0,1,0,차대사람 - 횡단중,안전운전불이행,건조,맑음,단일로 - 기타,이륜,남,81세 이상,상해없음,보행자,여,81세 이상,경상
2023061200100263,2023년 6월 12일 12시,월요일,대전광역시 대덕구 송촌동,경상사고,0,0,1,0,차대차 - 정면충돌,안전운전불이행,건조,맑음,단일로 - 기타,승용,남,50세,기타불명,승용,남,62세,경상
2023061200100264,2023년 6월 12일 12시,월요일,대전광역시 유성구 탑립동,경상사고,0,0,3,0,차대차 - 측면충돌,안전운전불이행,건조,맑음,교차로 - 교차로안,화물,남,29세,상해없음,승용,남,27세,경상
2023061200100265,2023년 6월 12일 12시,월요일,대전광역시 유성구 덕명동,경상사고,0,0,2,0,차대차 - 기타,안전운전불이행,건조,맑음,교차로 - 교차로안,승용,남,24세,경상,승용,남,65세,상해없음
2023061200100287,2023년 6월 12일 13시,월요일,대전광역시 대덕구 중리동,경상사고,0,0,2,0,차대차 - 기타,안전운전불이행,건조,맑음,기타 - 기타,건설기계,남,56세,상해없음,승용,여,55세,경상
2023061200100321,2023년 6월 12일 14시,월요일,대전광역시 동구 신안동,중상사고,0,1,0,0,차대사람 - 횡단중,안전운전불이행,건조,맑음,교차로 - 교차로부근,화물,남,31세,상해없음,보행자,남,30세,중상
2023061200100322,2023년 6월 12일 14시,월요일,대전광역시 동구 홍도동,경상사고,0,0,2,0,차대차 - 기타,기타,건조,맑음,단일로 - 기타,승용,여,56세,상해없음,이륜,남,62세,경상
2023061200100323,2023년 6월 12일 14시,월요일,대전광역시 서구 둔산동,경상사고,0,0,1,0,차대차 - 기타,안전운전불이행,건조,맑음,단일로 - 기타,이륜,남,22세,기타불명,이륜,남,42세,경상
2023061200100361,2023년 6월 12일 15시,월요일,대전광역시 서구 월평동,경상사고,0,0,1,0,차대차 - 측면충돌,신호위반,건조,맑음,단일로 - 기타,승용,여,66세,상해없음,승용,여,29세,경상
2023061200100362,2023년 6월 12일 15시,월요일,대전광역시 유성구 어은동,중상사고,0,1,0,0,차대사람 - 기타,안전운전불이행,건조,맑음,단일로 - 기타,승용,여,67세,상해없음,보행자,여,13세,중상
2023061200100404,2023년 6월 12일 16시,월요일,대전광역시 중구 유천동,경상사고,0,0,1,0,차대차 - 측면충돌,안전운전불이행,건조,맑음,단일로 - 기타,승용,남,56세,상해없음,승용,여,56세,경상
2023061200100445,2023년 6월 12일 17시,월요일,대전광역시 유성구 송강동,중상사고,0,1,0,0,차대사람 - 횡단중,안전운전불이행,건조,맑음,기타 - 기타,승용,여,48세,기타불명,보행자,남,12세 이하,중상
2023061200100492,2023년 6월 12일 18시,월요일,대전광역시 중구 대사동,중상사고,0,1,0,0,차대차 - 측면충돌,안전운전불이행,건조,맑음,단일로 - 기타,승용,여,58세,상해없음,개인형이동수단(PM),남,36세,중상
2023061200100493,2023년 6월 12일 18시,월요일,대전광역시 동구 성남동,경상사고,0,0,2,0,차대차 - 기타,안전운전불이행,건조,맑음,단일로 - 기타,승용,남,46세,상해없음,이륜,남,66세,경상
2023061200100494,2023년 6월 12일 18시,월요일,대전광역시 동구 판암동,경상사고,0,0,1,0,차대차 - 추돌,안전운전불이행,건조,맑음,교차로 - 교차로부근,승용,남,53세,상해없음,승용,남,48세,경상
2023061200100495,2023년 6월 12일 18시,월요일,대전광역시 서구 내동,중상사고,0,1,0,0,차대차 - 측면충돌,신호위반,건조,맑음,교차로 - 교차로부근,화물,남,63세,상해없음,개인형이동수단(PM),남,25세,중상
2023061200100517,2023년 6월 12일 19시,월요일,대전광역시 중구 오류동,경상사고,0,0,1,0,차대사람 - 기타,안전운전불이행,건조,맑음,단일로 - 기타,승용,남,78세,상해없음,보행자,남,27세,경상
2023061200100543,2023년 6월 12일 20시,월요일,대전광역시 동구 삼괴동,중상사고,0,1,0,0,차대차 - 측면충돌,안전운전불이행,건조,맑음,단일로 - 기타,승용,여,60세,상해없음,화물,남,63세,중상
2023061200100574,2023년 6월 12일 21시,월요일,대전광역시 서구 복수동,중상사고,0,1,0,0,차량단독 - 공작물충돌,안전운전불이행,건조,맑음,단일로 - 기타,개인형이동수단(PM),남,20세 이하,상해없음,,,,
2023061200100586,2023년 6월 12일 22시,월요일,대전광역시 대덕구 와동,중상사고,0,1,2,0,차대차 - 측면충돌,안전거리미확보,건조,맑음,단일로 - 기타,화물,남,46세,경상,승용,여,36세,중상
2023061300100066,2023년 6월 13일 07시,화요일,대전광역시 대덕구 신탄진동,경상사고,0,0,1,0,차대차 - 기타,안전거리미확보,건조,맑음,단일로 - 기타,승합,남,29세,기타불명,건설기계,남,53세,경상
2023061300100112,2023년 6월 13일 08시,화요일,대전광역시 동구 대동,경상사고,0,0,1,0,차대차 - 측면충돌,안전운전불이행,건조,맑음,교차로 - 교차로안,승용,여,44세,상해없음,승용,남,62세,경상
2023061300100113,2023년 6월 13일 08시,화요일,대전광역시 서구 용문동,경상사고,0,0,2,0,차대차 - 기타,직진우회전진행방해,건조,맑음,교차로 - 교차로안,이륜,남,29세,경상,승용,여,42세,경상
2023061300100155,2023년 6월 13일 09시,화요일,대전광역시 동구 가오동,경상사고,0,0,1,0,차대차 - 측면충돌,안전운전불이행,건조,맑음,단일로 - 기타,승용,남,42세,상해없음,승용,남,43세,경상
2023061300100214,2023년 6월 13일 11시,화요일,대전광역시 중구 중촌동,경상사고,0,0,1,0,차대차 - 기타,안전거리미확보,건조,맑음,단일로 - 기타,승용,여,50세,상해없음,승용,남,29세,경상
2023061300100215,2023년 6월 13일 11시,화요일,대전광역시 서구 둔산동,중상사고,0,1,0,0,차대차 - 측면충돌,신호위반,건조,맑음,교차로 - 교차로안,승용,남,81세 이상,상해없음,이륜,남,32세,중상
2023061300100216,2023년 6월 13일 11시,화요일,대전광역시 유성구 원내동,중상사고,0,1,0,0,차대차 - 기타,안전운전불이행,건조,맑음,단일로 - 기타,승용,남,64세,상해없음,승용,남,30세,중상
2023061300100217,2023년 6월 13일 11시,화요일,대전광역시 유성구 용계동,경상사고,0,0,2,0,차대차 - 추돌,안전거리미확보,건조,맑음,단일로 - 기타,화물,남,60세,상해없음,승용,여,32세,경상
2023061300100245,2023년 6월 13일 12시,화요일,대전광역시 유성구 관평동,경상사고,0,0,1,0,차대차 - 기타,안전운전불이행,건조,맑음,단일로 - 기타,승용,여,48세,상해없음,승용,여,34세,경상
2023061300100309,2023년 6월 13일 14시,화요일,대전광역시 중구 문화동,경상사고,0,0,1,0,차대차 - 측면충돌,신호위반,건조,맑음,교차로 - 교차로횡단보도내,승용,여,59세,상해없음,자전거,남,31세,경상
2023061300100310,2023년 6월 13일 14시,화요일,대전광역시 동구 삼성동,경상사고,0,0,2,0,차대차 - 추돌,안전운전불이행,건조,맑음,단일로 - 기타,화물,남,72세,상해없음,승용,여,57세,경상
2023061300100343,2023년 6월 13일 15시,화요일,대전광역시 중구 사정동,경상사고,0,0,1,0,차대차 - 기타,안전운전불이행,건조,맑음,단일로 - 기타,승용,남,81세 이상,상해없음,승용,여,53세,기타불명
2023061300100392,2023년 6월 13일 16시,화요일,대전광역시 동구 삼성동,중상사고,0,1,0,0,차대차 - 정면충돌,신호위반,건조,맑음,교차로 - 교차로부근,승용,여,64세,상해없음,자전거,남,81세 이상,중상
2023061300100393,2023년 6월 13일 16시,화요일,대전광역시 대덕구 오정동,중상사고,0,1,0,0,차대차 - 기타,신호위반,건조,맑음,교차로 - 교차로부근,승용,남,24세,상해없음,승합,남,55세,중상
2023061300100451,2023년 6월 13일 17시,화요일,대전광역시 동구 가양동,경상사고,0,0,1,0,차대차 - 측면충돌,안전운전불이행,건조,맑음,교차로 - 교차로횡단보도내,승용,남,69세,상해없음,승용,여,63세,경상
2023061300100452,2023년 6월 13일 17시,화요일,대전광역시 서구 평촌동,경상사고,0,0,2,0,차대차 - 정면충돌,중앙선침범,건조,맑음,단일로 - 기타,승용,여,30세,상해없음,승용,남,65세,경상
2023061300100453,2023년 6월 13일 17시,화요일,대전광역시 서구 용문동,중상사고,0,1,0,0,차대사람 - 차도통행중,안전운전불이행,건조,맑음,단일로 - 기타,승용,남,57세,상해없음,보행자,남,28세,중상
2023061300100454,2023년 6월 13일 17시,화요일,대전광역시 서구 둔산동,경상사고,0,0,1,0,차대차 - 기타,신호위반,건조,맑음,교차로 - 교차로안,이륜,여,46세,기타불명,이륜,남,46세,경상
2023061300100508,2023년 6월 13일 18시,화요일,대전광역시 동구 성남동,경상사고,0,0,1,1,차대차 - 정면충돌,안전운전불이행,건조,맑음,기타 - 기타,승용,남,21세,부상신고,승용,남,32세,경상
2023061300100509,2023년 6월 13일 18시,화요일,대전광역시 서구 관저동,경상사고,0,0,1,0,차대차 - 기타,안전운전불이행,건조,맑음,단일로 - 기타,승용,남,65세,상해없음,자전거,남,37세,경상
2023061300100540,2023년 6월 13일 19시,화요일,대전광역시 서구 둔산동,경상사고,0,0,1,0,차대차 - 기타,안전운전불이행,건조,맑음,단일로 - 기타,이륜,남,30세,상해없음,승용,남,42세,경상
2023061300100562,2023년 6월 13일 20시,화요일,대전광역시 유성구 문지동,중상사고,0,1,0,0,차대사람 - 기타,안전운전불이행,건조,맑음,교차로 - 교차로부근,자전거,남,20세 이하,기타불명,보행자,여,54세,중상
2023061300100563,2023년 6월 13일 20시,화요일,대전광역시 유성구 봉명동,경상사고,0,0,1,0,차대차 - 기타,안전거리미확보,건조,맑음,단일로 - 기타,이륜,남,31세,상해없음,이륜,남,34세,경상
2023061300100587,2023년 6월 13일 21시,화요일,대전광역시 동구 자양동,경상사고,0,0,1,0,차대사람 - 기타,안전운전불이행,건조,맑음,단일로 - 기타,승용,남,53세,상해없음,보행자,남,53세,경상
2023061300100588,2023년 6월 13일 21시,화요일,대전광역시 서구 월평동,경상사고,0,0,1,0,차대사람 - 기타,보행자보호의무위반,건조,맑음,교차로 - 교차로횡단보도내,승용,남,57세,상해없음,보행자,여,24세,경상
2023061300100616,2023년 6월 13일 23시,화요일,대전광역시 서구 관저동,중상사고,0,2,0,0,차대사람 - 횡단중,기타,건조,맑음,단일로 - 기타,승용,여,47세,상해없음,보행자,남,41세,중상
2023061400100009,2023년 6월 14일 00시,수요일,대전광역시 유성구 봉명동,경상사고,0,0,1,0,차대차 - 기타,안전운전불이행,건조,맑음,단일로 - 기타,승용,남,29세,상해없음,승용,여,50세,경상
2023061400100050,2023년 6월 14일 06시,수요일,대전광역시 중구 대흥동,경상사고,0,0,2,0,차대차 - 측면충돌,신호위반,건조,맑음,교차로 - 교차로안,승용,남,68세,상해없음,승용,남,48세,경상
2023061400100156,2023년 6월 14일 09시,수요일,대전광역시 서구 갈마동,경상사고,0,0,1,0,차대차 - 기타,교차로운행방법위반,건조,맑음,교차로 - 교차로안,승용,여,42세,상해없음,승용,여,64세,경상
2023061400100187,2023년 6월 14일 10시,수요일,대전광역시 중구 선화동,경상사고,0,0,1,0,차대사람 - 횡단중,신호위반,건조,맑음,교차로 - 교차로안,승용,여,45세,상해없음,보행자,남,63세,경상
2023061400100188,2023년 6월 14일 10시,수요일,대전광역시 서구 둔산동,경상사고,0,0,1,0,차대차 - 측면충돌,신호위반,건조,맑음,교차로 - 교차로부근,승용,여,24세,기타불명,승합,남,53세,경상
2023061400100292,2023년 6월 14일 13시,수요일,대전광역시 서구 변동,경상사고,0,0,2,0,차대차 - 기타,신호위반,건조,맑음,교차로 - 교차로안,승용,여,69세,상해없음,승용,남,55세,경상
2023061400100293,2023년 6월 14일 13시,수요일,대전광역시 서구 복수동,경상사고,0,0,1,0,차대차 - 기타,기타,건조,맑음,기타 - 기타,승용,여,23세,상해없음,이륜,남,21세,경상
2023061400100321,2023년 6월 14일 14시,수요일,대전광역시 대덕구 오정동,경상사고,0,0,1,0,차대차 - 기타,안전운전불이행,건조,맑음,기타 - 기타,이륜,남,60세,상해없음,자전거,남,48세,경상
2023061400100322,2023년 6월 14일 14시,수요일,대전광역시 유성구 구암동,경상사고,0,0,1,0,차대차 - 측면충돌,안전거리미확보,건조,맑음,단일로 - 기타,승용,여,38세,기타불명,승용,여,73세,경상
2023061400100362,2023년 6월 14일 15시,수요일,대전광역시 중구 오류동,경상사고,0,0,2,0,차대차 - 기타,신호위반,건조,맑음,단일로 - 기타,승합,남,58세,상해없음,승용,남,37세,경상
2023061400100395,2023년 6월 14일 16시,수요일,대전광역시 서구 갈마동,사망사고,1,0,0,0,차대사람 - 기타,기타,건조,맑음,단일로 - 기타,개인형이동수단(PM),남,20세 이하,상해없음,보행자,여,81세 이상,사망
2023061400100446,2023년 6월 14일 17시,수요일,대전광역시 서구 도마동,경상사고,0,0,1,0,차대차 - 후진중충돌,안전운전불이행,건조,맑음,기타 - 기타,승용,남,73세,상해없음,화물,남,61세,경상
2023061400100448,2023년 6월 14일 17시,수요일,대전광역시 대덕구 비래동,경상사고,0,0,1,0,차대차 - 기타,안전운전불이행,건조,맑음,기타 - 기타,화물,여,57세,기타불명,승용,남,36세,경상
2023061400100449,2023년 6월 14일 17시,수요일,대전광역시 서구 만년동,경상사고,0,0,2,0,차대차 - 기타,안전운전불이행,건조,맑음,교차로 - 교차로안,화물,남,70세,상해없음,승용,여,41세,경상
2023061400100450,2023년 6월 14일 17시,수요일,대전광역시 유성구 덕명동,경상사고,0,0,1,0,차대사람 - 기타,신호위반,건조,맑음,기타 - 기타,승용,여,65세,상해없음,보행자,여,62세,경상
2023061400100496,2023년 6월 14일 18시,수요일,대전광역시 서구 갈마동,경상사고,0,0,1,0,차대사람 - 기타,안전운전불이행,건조,맑음,단일로 - 기타,승용,남,29세,상해없음,보행자,여,12세 이하,경상
2023061400100533,2023년 6월 14일 19시,수요일,대전광역시 대덕구 오정동,경상사고,0,0,1,0,차대차 - 추돌,안전거리미확보,건조,맑음,단일로 - 기타,승용,남,62세,상해없음,승용,남,32세,경상
2023061400100559,2023년 6월 14일 20시,수요일,대전광역시 동구 중동,경상사고,0,0,4,0,차대차 - 정면충돌,중앙선침범,건조,맑음,교차로 - 교차로안,승합,남,72세,상해없음,승용,남,39세,경상
2023061400100560,2023년 6월 14일 20시,수요일,대전광역시 대덕구 상서동,경상사고,0,0,3,0,차대차 - 추돌,안전운전불이행,건조,맑음,단일로 - 기타,화물,남,50세,상해없음,승합,남,35세,경상
2023061400100561,2023년 6월 14일 20시,수요일,대전광역시 유성구 도룡동,경상사고,0,0,1,0,차대차 - 측면충돌,안전운전불이행,건조,맑음,단일로 - 기타,승용,남,55세,상해없음,승용,남,38세,경상
2023061400100562,2023년 6월 14일 20시,수요일,대전광역시 유성구 봉명동,경상사고,0,0,1,0,차대차 - 측면충돌,안전운전불이행,건조,맑음,단일로 - 기타,승용,여,27세,상해없음,자전거,남,66세,경상
2023061400100612,2023년 6월 14일 23시,수요일,대전광역시 대덕구 법동,부상신고사고,0,0,0,1,차대사람 - 횡단중,안전운전불이행,건조,맑음,교차로 - 교차로안,승용,남,59세,상해없음,보행자,남,54세,부상신고
2023061500100081,2023년 6월 15일 07시,목요일,대전광역시 동구 대동,중상사고,0,1,0,0,차대차 - 측면충돌,안전운전불이행,건조,맑음,교차로 - 교차로부근,개인형이동수단(PM),남,23세,중상,승용,여,50세,상해없음
2023061500100082,2023년 6월 15일 07시,목요일,대전광역시 서구 도안동,경상사고,0,0,2,0,차대차 - 측면충돌,안전거리미확보,건조,맑음,교차로 - 교차로안,승용,여,52세,상해없음,승용,남,26세,경상
2023061500100083,2023년 6월 15일 07시,목요일,대전광역시 서구 탄방동,경상사고,0,0,1,0,차대사람 - 길가장자리구역통행중,보행자보호의무위반,건조,맑음,교차로 - 교차로횡단보도내,승용,남,55세,상해없음,보행자,여,26세,경상
2023061500100084,2023년 6월 15일 07시,목요일,대전광역시 유성구 노은동,경상사고,0,0,2,0,차대차 - 측면충돌,안전운전불이행,건조,맑음,교차로 - 교차로안,이륜,남,81세 이상,경상,승용,여,31세,경상
2023061500100085,2023년 6월 15일 07시,목요일,대전광역시 유성구 지족동,경상사고,0,0,1,0,차대사람 - 보도통행중,기타,건조,맑음,단일로 - 기타,기타불명,기타불명,미분류,기타불명,보행자,여,26세,경상
2023061500100143,2023년 6월 15일 08시,목요일,대전광역시 유성구 봉산동,경상사고,0,0,2,0,차량단독 - 기타,기타,젖음/습기,비,교차로 - 교차로안,승합,남,47세,상해없음,,,,
2023061500100174,2023년 6월 15일 09시,목요일,대전광역시 동구 원동,중상사고,0,1,0,0,차대차 - 측면충돌,신호위반,건조,맑음,교차로 - 교차로안,승용,남,70세,상해없음,이륜,남,65세,중상
2023061500100175,2023년 6월 15일 09시,목요일,대전광역시 서구 둔산동,중상사고,0,4,2,0,차대차 - 추돌,안전운전불이행,건조,맑음,단일로 - 기타,승용,남,38세,중상,승용,남,68세,상해없음
2023061500100176,2023년 6월 15일 09시,목요일,대전광역시 유성구 하기동,경상사고,0,0,2,0,차대차 - 측면충돌,안전거리미확보,건조,맑음,단일로 - 기타,승용,여,54세,상해없음,승용,여,35세,경상
2023061500100201,2023년 6월 15일 10시,목요일,대전광역시 서구 내동,경상사고,0,0,1,0,차대차 - 추돌,안전운전불이행,건조,맑음,단일로 - 기타,승용,여,23세,상해없음,승용,남,61세,경상
2023061500100202,2023년 6월 15일 10시,목요일,대전광역시 서구 갈마동,경상사고,0,0,2,0,차대차 - 기타,안전운전불이행,건조,맑음,교차로 - 교차로부근,승용,남,61세,상해없음,승용,여,49세,경상
2023061500100233,2023년 6월 15일 11시,목요일,대전광역시 중구 대흥동,중상사고,0,1,1,0,차대차 - 기타,안전운전불이행,건조,맑음,기타 - 기타,자전거,여,53세,중상,이륜,남,68세,경상
2023061500100268,2023년 6월 15일 12시,목요일,대전광역시 유성구 봉명동,경상사고,0,0,1,0,차대차 - 기타,신호위반,건조,맑음,기타 - 기타,승용,여,61세,상해없음,자전거,여,15세,경상
2023061500100343,2023년 6월 15일 14시,목요일,대전광역시 중구 태평동,경상사고,0,0,2,0,차대차 - 기타,차로위반,건조,맑음,교차로 - 교차로부근,승용,남,43세,기타불명,승용,남,28세,경상
2023061500100344,2023년 6월 15일 14시,목요일,대전광역시 동구 용전동,경상사고,0,0,1,0,차대차 - 측면충돌,안전운전불이행,건조,맑음,교차로 - 교차로안,승용,남,74세,기타불명,자전거,남,12세 이하,경상
2023061500100345,2023년 6월 15일 14시,목요일,대전광역시 서구 도마동,경상사고,0,0,1,0,차대사람 - 기타,안전운전불이행,건조,맑음,단일로 - 기타,기타불명,기타불명,미분류,기타불명,보행자,여,81세 이상,경상
2023061500100346,2023년 6월 15일 14시,목요일,대전광역시 서구 탄방동,경상사고,0,0,2,1,차대차 - 기타,안전운전불이행,건조,맑음,교차로 - 교차로부근,승용,여,71세,상해없음,승용,여,63세,경상