사고번호,사고일시,요일,시군구,사고내용,사망자수,중상자수,경상자수,부상신고자수,사고유형,법규위반,노면상태,기상상태,도로형태,가해운전자 차종,가해운전자 성별,가해운전자 연령,가해운전자 상해정도,피해운전자 차종,피해운전자 성별,피해운전자 연령,피해운전자 상해정도
2023071300100182,2023년 7월 13일 11시,목요일,대전광역시 서구 월평동,경상사고,0,0,3,0,차대차 - 추돌,안전운전불이행,젖음/습기,흐림,단일로 - 교량,화물,남,51세,상해없음,승용,남,62세,경상
2023071300100234,2023년 7월 13일 13시,목요일,대전광역시 중구 중촌동,경상사고,0,0,1,0,차대차 - 측면충돌,안전운전불이행,젖음/습기,비,단일로 - 기타,승용,여,22세,경상,승용,남,33세,상해없음
2023071300100235,2023년 7월 13일 13시,목요일,대전광역시 서구 만년동,경상사고,0,0,1,0,차대차 - 기타,안전운전불이행,건조,맑음,교차로 - 교차로부근,승용,여,39세,기타불명,이륜,남,26세,경상
2023071300100261,2023년 7월 13일 14시,목요일,대전광역시 유성구 반석동,부상신고사고,0,0,0,1,차대차 - 후진중충돌,안전운전불이행,건조,맑음,기타 - 기타,특수,남,55세,상해없음,승용,남,33세,부상신고
2023071300100323,2023년 7월 13일 16시,목요일,대전광역시 중구 산성동,경상사고,0,0,1,0,차량단독 - 기타,기타,건조,맑음,단일로 - 기타,승합,남,58세,상해없음,,,,
2023071300100355,2023년 7월 13일 17시,목요일,대전광역시 중구 선화동,경상사고,0,0,1,0,차대차 - 기타,안전거리미확보,젖음/습기,비,단일로 - 기타,이륜,남,20세 이하,기타불명,승용,남,61세,경상
2023071300100356,2023년 7월 13일 17시,목요일,대전광역시 서구 월평동,경상사고,0,0,1,0,차대차 - 추돌,안전거리미확보,젖음/습기,비,교차로 - 교차로부근,승용,남,25세,상해없음,화물,남,58세,경상
2023071300100399,2023년 7월 13일 18시,목요일,대전광역시 중구 문화동,중상사고,0,1,0,0,차대차 - 기타,신호위반,젖음/습기,비,교차로 - 교차로안,승용,여,41세,기타불명,승용,여,62세,중상
2023071300100400,2023년 7월 13일 18시,목요일,대전광역시 대덕구 중리동,중상사고,0,1,0,0,차대사람 - 횡단중,안전운전불이행,젖음/습기,비,교차로 - 교차로부근,승용,남,42세,상해없음,보행자,여,61세,중상
2023071300100401,2023년 7월 13일 18시,목요일,대전광역시 유성구 봉명동,중상사고,0,1,0,0,차대차 - 기타,신호위반,건조,맑음,교차로 - 교차로안,승용,남,50세,상해없음,이륜,남,46세,중상
2023071300100420,2023년 7월 13일 19시,목요일,대전광역시 중구 문화동,경상사고,0,0,1,0,차대차 - 기타,안전운전불이행,젖음/습기,비,단일로 - 기타,승용,여,51세,상해없음,승용,남,61세,경상
2023071300100421,2023년 7월 13일 19시,목요일,대전광역시 서구 내동,경상사고,0,0,1,0,차대차 - 후진중충돌,안전운전불이행,젖음/습기,맑음,주차장 - 주차장,승용,남,40세,상해없음,승용,여,47세,경상
2023071300100422,2023년 7월 13일 19시,목요일,대전광역시 대덕구 와동,중상사고,0,1,1,0,차대차 - 추돌,기타,젖음/습기,비,단일로 - 기타,승용,여,46세,상해없음,승용,여,29세,경상
2023071300100453,2023년 7월 13일 20시,목요일,대전광역시 서구 갈마동,경상사고,0,0,1,0,차대사람 - 횡단중,보행자보호의무위반,젖음/습기,비,교차로 - 교차로부근,승용,여,49세,상해없음,보행자,여,33세,경상
2023071300100485,2023년 7월 13일 21시,목요일,대전광역시 서구 둔산동,경상사고,0,0,1,0,차대차 - 기타,신호위반,젖음/습기,비,교차로 - 교차로안,승용,남,70세,상해없음,이륜,남,35세,경상
2023071300100515,2023년 7월 13일 22시,목요일,대전광역시 유성구 어은동,경상사고,0,0,1,0,차대사람 - 기타,안전운전불이행,젖음/습기,비,교차로 - 교차로부근,승용,남,34세,상해없음,보행자,남,61세,경상
2023071400100082,2023년 7월 14일 07시,금요일,대전광역시 대덕구 읍내동,경상사고,0,0,2,0,차대차 - 측면충돌,안전운전불이행,건조,맑음,단일로 - 기타,특수,남,58세,기타불명,화물,남,40세,경상
2023071400100083,2023년 7월 14일 07시,금요일,대전광역시 유성구 봉산동,경상사고,0,0,4,0,차대차 - 추돌,안전운전불이행,젖음/습기,비,단일로 - 기타,승용,남,34세,경상,승용,여,54세,경상
2023071400100121,2023년 7월 14일 08시,금요일,대전광역시 대덕구 평촌동,경상사고,0,0,1,0,차대차 - 측면충돌,안전운전불이행,건조,맑음,단일로 - 기타,승용,남,29세,상해없음,승용,남,27세,경상
2023071400100122,2023년 7월 14일 08시,금요일,대전광역시 대덕구 석봉동,부상신고사고,0,0,0,1,차대차 - 정면충돌,교차로운행방법위반,젖음/습기,비,교차로 - 교차로안,화물,남,58세,상해없음,승용,여,27세,부상신고
2023071400100232,2023년 7월 14일 12시,금요일,대전광역시 유성구 지족동,경상사고,0,0,2,0,차대차 - 측면충돌,교차로운행방법위반,젖음/습기,비,단일로 - 기타,승용,남,49세,상해없음,승용,여,39세,경상
2023071400100265,2023년 7월 14일 13시,금요일,대전광역시 유성구 봉명동,경상사고,0,0,1,0,차대사람 - 기타,안전운전불이행,건조,맑음,단일로 - 기타,화물,남,64세,상해없음,보행자,남,37세,경상
2023071400100338,2023년 7월 14일 15시,금요일,대전광역시 중구 대흥동,경상사고,0,0,1,0,차대차 - 측면충돌,안전운전불이행,건조,맑음,단일로 - 기타,화물,남,66세,상해없음,승용,남,50세,기타불명
2023071400100374,2023년 7월 14일 16시,금요일,대전광역시 동구 가오동,중상사고,0,1,0,0,차대차 - 기타,안전운전불이행,젖음/습기,비,교차로 - 교차로부근,이륜,남,60세,중상,승용,여,42세,상해없음
2023071400100407,2023년 7월 14일 17시,금요일,대전광역시 서구 용문동,중상사고,0,1,0,0,차대차 - 기타,교차로운행방법위반,젖음/습기,비,교차로 - 교차로부근,화물,남,54세,상해없음,이륜,남,31세,중상
2023071400100408,2023년 7월 14일 17시,금요일,대전광역시 대덕구 석봉동,경상사고,0,0,1,0,차대차 - 측면충돌,안전운전불이행,젖음/습기,비,교차로 - 교차로안,승용,여,61세,상해없음,승용,남,59세,경상
2023071400100409,2023년 7월 14일 17시,금요일,대전광역시 유성구 봉명동,경상사고,0,0,2,0,차대차 - 기타,안전운전불이행,젖음/습기,비,단일로 - 기타,승용,남,24세,상해없음,승용,여,41세,경상
2023071400100457,2023년 7월 14일 18시,금요일,대전광역시 동구 정동,경상사고,0,0,1,0,차대사람 - 기타,안전운전불이행,젖음/습기,비,교차로 - 교차로안,이륜,남,62세,상해없음,보행자,남,69세,경상
2023071400100458,2023년 7월 14일 18시,금요일,대전광역시 유성구 원촌동,경상사고,0,0,1,0,차대차 - 기타,안전운전불이행,건조,맑음,기타 - 기타,승용,여,25세,상해없음,승용,여,32세,경상
2023071400100487,2023년 7월 14일 19시,금요일,대전광역시 유성구 어은동,경상사고,0,0,1,0,차대차 - 기타,안전운전불이행,건조,맑음,교차로 - 교차로부근,승용,남,31세,상해없음,승용,여,26세,경상
2023071400100519,2023년 7월 14일 20시,금요일,대전광역시 서구 도마동,경상사고,0,0,1,0,차대사람 - 기타,안전운전불이행,건조,맑음,단일로 - 기타,승합,남,52세,상해없음,보행자,여,55세,경상
2023071400100520,2023년 7월 14일 20시,금요일,대전광역시 대덕구 중리동,경상사고,0,0,1,0,차대차 - 추돌,안전거리미확보,젖음/습기,비,교차로 - 교차로부근,화물,남,25세,상해없음,승용,남,38세,경상
2023071400100521,2023년 7월 14일 20시,금요일,대전광역시 서구 월평동,경상사고,0,0,1,0,차대차 - 기타,안전운전불이행,젖음/습기,비,기타 - 기타,승용,여,55세,상해없음,이륜,남,33세,경상
2023071400100549,2023년 7월 14일 21시,금요일,대전광역시 서구 도마동,중상사고,0,1,1,0,차대차 - 측면충돌,신호위반,젖음/습기,비,단일로 - 기타,승용,남,49세,상해없음,승용,남,67세,경상
2023071400100550,2023년 7월 14일 21시,금요일,대전광역시 서구 갈마동,경상사고,0,0,1,0,차대사람 - 기타,안전운전불이행,젖음/습기,비,단일로 - 기타,승용,여,53세,상해없음,보행자,남,23세,경상
2023071400100551,2023년 7월 14일 21시,금요일,대전광역시 유성구 원신흥동,중상사고,0,1,0,0,차대사람 - 횡단중,안전운전불이행,젖음/습기,비,교차로 - 교차로횡단보도내,승용,남,42세,상해없음,보행자,여,59세,중상
2023071400100575,2023년 7월 14일 22시,금요일,대전광역시 동구 가양동,경상사고,0,0,3,0,차대차 - 추돌,안전거리미확보,젖음/습기,비,교차로 - 교차로부근,승합,남,63세,상해없음,승용,남,58세,경상
2023071400100576,2023년 7월 14일 22시,금요일,대전광역시 대덕구 석봉동,경상사고,0,0,1,0,차대차 - 기타,불법유턴,젖음/습기,비,단일로 - 기타,승용,남,58세,기타불명,이륜,남,17세,경상
2023071400100603,2023년 7월 14일 23시,금요일,대전광역시 중구 유천동,경상사고,0,0,1,0,차대차 - 측면충돌,안전운전불이행,젖음/습기,비,교차로 - 교차로안,승용,여,52세,상해없음,승용,여,59세,경상
2023071400100604,2023년 7월 14일 23시,금요일,대전광역시 서구 둔산동,경상사고,0,0,2,0,차대차 - 기타,안전운전불이행,젖음/습기,비,교차로 - 교차로안,승용,남,49세,기타불명,승용,여,44세,경상
2023071400100605,2023년 7월 14일 23시,금요일,대전광역시 서구 둔산동,경상사고,0,0,1,0,차대차 - 기타,신호위반,젖음/습기,비,교차로 - 교차로안,승용,남,66세,상해없음,승용,남,31세,경상
2023071500100016,2023년 7월 15일 00시,토요일,대전광역시 동구 가오동,경상사고,0,0,3,0,차대차 - 기타,안전운전불이행,건조,맑음,교차로 - 교차로부근,승용,남,71세,상해없음,승용,여,57세,경상
2023071500100090,2023년 7월 15일 07시,토요일,대전광역시 대덕구 상서동,중상사고,0,1,0,0,차대차 - 기타,안전운전불이행,젖음/습기,비,단일로 - 기타,화물,남,33세,상해없음,승용,여,43세,중상
2023071500100112,2023년 7월 15일 08시,토요일,대전광역시 동구 판암동,경상사고,0,0,1,0,차대차 - 측면충돌,안전운전불이행,젖음/습기,비,교차로 - 교차로부근,승용,남,44세,상해없음,승용,남,52세,경상
2023071500100133,2023년 7월 15일 09시,토요일,대전광역시 중구 대흥동,경상사고,0,0,1,0,차대차 - 정면충돌,교차로운행방법위반,젖음/습기,비,단일로 - 기타,승용,남,70세,상해없음,승용,남,55세,경상
2023071500100158,2023년 7월 15일 10시,토요일,대전광역시 유성구 구성동,중상사고,0,1,0,0,차대차 - 측면충돌,안전운전불이행,젖음/습기,비,교차로 - 교차로안,승용,남,62세,상해없음,승용,남,33세,중상
2023071500100255,2023년 7월 15일 13시,토요일,대전광역시 중구 대흥동,중상사고,0,1,0,0,차대사람 - 기타,안전운전불이행,젖음/습기,비,교차로 - 교차로부근,승용,남,65세,상해없음,보행자,남,70세,중상
2023071500100287,2023년 7월 15일 14시,토요일,대전광역시 유성구 구암동,경상사고,0,0,1,0,차대차 - 측면충돌,안전거리미확보,젖음/습기,비,단일로 - 기타,승용,여,59세,상해없음,승용,남,26세,경상
2023071500100288,2023년 7월 15일 14시,토요일,대전광역시 유성구 봉명동,경상사고,0,0,1,0,차대차 - 측면충돌,안전거리미확보,젖음/습기,비,단일로 - 기타,승용,여,40세,상해없음,이륜,남,28세,경상
2023071500100434,2023년 7월 15일 19시,토요일,대전광역시 서구 도마동,중상사고,0,1,0,0,차대차 - 기타,중앙선침범,건조,맑음,단일로 - 기타,화물,남,64세,상해없음,이륜,남,27세,중상
2023071500100435,2023년 7월 15일 19시,토요일,대전광역시 유성구 봉명동,경상사고,0,0,1,0,차대차 - 측면충돌,신호위반,건조,맑음,교차로 - 교차로부근,승용,여,54세,상해없음,승용,남,63세,경상
2023071500100497,2023년 7월 15일 21시,토요일,대전광역시 중구 문화동,경상사고,0,0,4,0,차대차 - 측면충돌,안전운전불이행,젖음/습기,비,단일로 - 기타,승합,남,51세,상해없음,승용,남,66세,경상
2023071500100498,2023년 7월 15일 21시,토요일,대전광역시 대덕구 송촌동,경상사고,0,0,2,0,차대차 - 측면충돌,신호위반,젖음/습기,흐림,교차로 - 교차로부근,승용,남,50세,상해없음,화물,남,61세,경상
2023071500100524,2023년 7월 15일 22시,토요일,대전광역시 대덕구 송촌동,경상사고,0,0,1,0,차대차 - 기타,안전운전불이행,건조,맑음,단일로 - 기타,승용,남,34세,상해없음,이륜,남,42세,경상
2023071600100009,2023년 7월 16일 00시,일요일,대전광역시 대덕구 신탄진동,경상사고,0,0,2,0,차대차 - 후진중충돌,안전운전불이행,건조,맑음,교차로 - 교차로안,승용,남,68세,상해없음,승용,남,36세,경상
2023071600100010,2023년 7월 16일 00시,일요일,대전광역시 서구 월평동,경상사고,0,0,1,0,차대차 - 측면충돌,차로위반,건조,맑음,단일로 - 기타,승용,남,23세,상해없음,승용,남,26세,경상
2023071600100041,2023년 7월 16일 03시,일요일,대전광역시 중구 유천동,경상사고,0,0,2,0,차대차 - 측면충돌,신호위반,건조,맑음,교차로 - 교차로안,이륜,남,20세 이하,기타불명,승용,남,33세,경상
2023071600100042,2023년 7월 16일 03시,일요일,대전광역시 서구 탄방동,중상사고,0,1,0,0,차대사람 - 횡단중,안전운전불이행,건조,맑음,단일로 - 기타,승용,남,55세,상해없음,보행자,여,37세,중상
2023071600100057,2023년 7월 16일 05시,일요일,대전광역시 유성구 노은동,경상사고,0,0,3,0,차대차 - 추돌,안전운전불이행,젖음/습기,비,교차로 - 교차로부근,승용,남,36세,상해없음,승용,남,50세,경상
2023071600100070,2023년 7월 16일 07시,일요일,대전광역시 유성구 반석동,부상신고사고,0,0,0,1,차대사람 - 기타,안전운전불이행,젖음/습기,비,주차장 - 주차장,승용,남,75세,상해없음,보행자,남,71세,부상신고
2023071600100125,2023년 7월 16일 11시,일요일,대전광역시 동구 용전동,경상사고,0,0,1,0,차대차 - 측면충돌,신호위반,건조,맑음,단일로 - 기타,승용,남,47세,상해없음,화물,남,55세,경상
2023071600100222,2023년 7월 16일 15시,일요일,대전광역시 대덕구 오정동,경상사고,0,0,2,0,차대차 - 기타,교차로운행방법위반,건조,맑음,기타 - 기타,승용,남,56세,상해없음,승용,여,47세,경상
2023071600100254,2023년 7월 16일 17시,일요일,대전광역시 중구 목동,경상사고,0,0,2,0,차대차 - 기타,안전운전불이행,건조,맑음,교차로 - 교차로안,승용,남,76세,상해없음,승합,남,75세,경상
2023071600100362,2023년 7월 16일 23시,일요일,대전광역시 중구 유천동,경상사고,0,0,1,0,차대차 - 추돌,안전운전불이행,젖음/습기,흐림,단일로 - 기타,원동기,남,50세,상해없음,승용,여,29세,경상
2023071700100013,2023년 7월 17일 00시,월요일,대전광역시 대덕구 오정동,경상사고,0,0,1,0,차대차 - 추돌,안전운전불이행,기타,흐림,단일로 - 기타,승용,남,43세,기타불명,화물,남,63세,경상
2023071700100014,2023년 7월 17일 00시,월요일,대전광역시 유성구 봉명동,경상사고,0,0,1,0,차대사람 - 길가장자리구역통행중,안전운전불이행,젖음/습기,비,기타 - 기타,이륜,여,35세,상해없음,보행자,남,59세,경상
2023071700100023,2023년 7월 17일 02시,월요일,대전광역시 동구 자양동,부상신고사고,0,0,0,1,차대차 - 정면충돌,교차로운행방법위반,건조,맑음,교차로 - 교차로안,승용,기타불명,미분류,기타불명,이륜,남,24세,부상신고
2023071700100077,2023년 7월 17일 07시,월요일,대전광역시 서구 만년동,경상사고,0,0,2,0,차대차 - 추돌,안전운전불이행,젖음/습기,비,교차로 - 교차로안,화물,남,29세,상해없음,화물,남,61세,경상
2023071700100121,2023년 7월 17일 08시,월요일,대전광역시 동구 정동,경상사고,0,0,4,0,차대차 - 측면충돌,신호위반,젖음/습기,비,단일로 - 터널,승용,여,44세,상해없음,승합,남,38세,경상
2023071700100122,2023년 7월 17일 08시,월요일,대전광역시 서구 관저동,경상사고,0,0,1,0,차대차 - 측면충돌,안전운전불이행,젖음/습기,흐림,단일로 - 기타,승용,여,67세,상해없음,승용,여,25세,경상
2023071700100123,2023년 7월 17일 08시,월요일,대전광역시 서구 관저동,경상사고,0,0,1,0,차대차 - 측면충돌,안전거리미확보,건조,맑음,단일로 - 기타,승용,남,25세,상해없음,승용,여,54세,경상
2023071700100124,2023년 7월 17일 08시,월요일,대전광역시 서구 변동,경상사고,0,0,1,0,차대차 - 추돌,안전운전불이행,젖음/습기,비,교차로 - 교차로부근,승용,여,70세,상해없음,승합,남,52세,경상
2023071700100161,2023년 7월 17일 09시,월요일,대전광역시 유성구 장대동,경상사고,0,0,1,0,차대차 - 후진중충돌,안전운전불이행,건조,맑음,교차로 - 교차로부근,승용,여,23세,상해없음,승용,여,41세,경상
2023071700100194,2023년 7월 17일 10시,월요일,대전광역시 중구 은행동,중상사고,0,1,2,0,차대차 - 측면충돌,신호위반,건조,맑음,교차로 - 교차로안,승합,남,44세,상해없음,승용,여,48세,중상
2023071700100217,2023년 7월 17일 11시,월요일,대전광역시 서구 둔산동,중상사고,0,1,0,0,차대사람 - 기타,안전운전불이행,건조,흐림,단일로 - 기타,이륜,남,20세 이하,상해없음,보행자,여,24세,중상
2023071700100251,2023년 7월 17일 12시,월요일,대전광역시 중구 부사동,중상사고,0,1,0,0,차대차 - 측면충돌,교차로운행방법위반,건조,맑음,단일로 - 기타,승용,남,80세,상해없음,자전거,여,63세,중상
2023071700100252,2023년 7월 17일 12시,월요일,대전광역시 대덕구 오정동,경상사고,0,0,1,0,차대차 - 추돌,안전거리미확보,건조,맑음,교차로 - 교차로안,이륜,남,59세,상해없음,화물,남,27세,경상
2023071700100253,2023년 7월 17일 12시,월요일,대전광역시 서구 둔산동,경상사고,0,0,2,0,차대차 - 기타,안전운전불이행,건조,맑음,교차로 - 교차로안,승용,여,55세,경상,승용,남,27세,경상
2023071700100279,2023년 7월 17일 13시,월요일,대전광역시 동구 구도동,경상사고,0,0,1,0,차대차 - 측면충돌,신호위반,건조,맑음,교차로 - 교차로안,승용,남,68세,상해없음,승용,남,54세,경상
2023071700100317,2023년 7월 17일 14시,월요일,대전광역시 서구 정림동,중상사고,0,1,0,0,차대차 - 기타,안전운전불이행,건조,맑음,교차로 - 교차로부근,건설기계,남,46세,상해없음,이륜,남,67세,중상
2023071700100318,2023년 7월 17일 14시,월요일,대전광역시 유성구 궁동,중상사고,0,2,2,0,차대차 - 추돌,안전운전불이행,건조,맑음,단일로 - 지하차도(도로)내,화물,남,67세,상해없음,승용,남,32세,중상
2023071700100383,2023년 7월 17일 16시,월요일,대전광역시 유성구 봉명동,중상사고,0,1,0,0,차대차 - 기타,안전거리미확보,젖음/습기,비,단일로 - 교량,승용,여,51세,기타불명,승합,남,45세,상해없음
2023071700100416,2023년 7월 17일 17시,월요일,대전광역시 동구 용운동,경상사고,0,0,2,0,차대사람 - 횡단중,보행자보호의무위반,젖음/습기,비,교차로 - 교차로횡단보도내,이륜,남,25세,기타불명,보행자,남,25세,경상
2023071700100492,2023년 7월 17일 19시,월요일,대전광역시 중구 선화동,경상사고,0,0,1,0,차대차 - 기타,안전운전불이행,젖음/습기,비,교차로 - 교차로부근,승용,여,28세,상해없음,승용,여,37세,경상
2023071700100493,2023년 7월 17일 19시,월요일,대전광역시 서구 둔산동,경상사고,0,0,2,0,차대차 - 후진중충돌,안전운전불이행,젖음/습기,비,교차로 - 교차로부근,승용,남,77세,상해없음,승용,여,37세,경상
2023071700100494,2023년 7월 17일 19시,월요일,대전광역시 유성구 지족동,경상사고,0,0,1,0,차대차 - 기타,안전운전불이행,젖음/습기,비,교차로 - 교차로부근,화물,남,67세,상해없음,승용,여,39세,경상
2023071700100542,2023년 7월 17일 21시,월요일,대전광역시 중구 부사동,경상사고,0,0,3,0,차대차 - 추돌,안전운전불이행,건조,맑음,단일로 - 기타,승용,남,61세,상해없음,원동기,남,24세,경상
2023071700100562,2023년 7월 17일 22시,월요일,대전광역시 유성구 봉명동,경상사고,0,0,1,0,차대차 - 추돌,안전운전불이행,건조,맑음,교차로 - 교차로부근,승용,여,39세,상해없음,승용,남,61세,경상
2023071800100016,2023년 7월 18일 00시,화요일,대전광역시 동구 용전동,중상사고,0,1,0,0,차대사람 - 보도통행중,안전운전불이행,건조,맑음,기타 - 기타,개인형이동수단(PM),남,29세,상해없음,보행자,여,46세,중상
2023071800100043,2023년 7월 18일 05시,화요일,대전광역시 서구 변동,경상사고,0,0,2,0,차대차 - 기타,신호위반,젖음/습기,비,교차로 - 교차로안,승용,남,71세,상해없음,승용,남,60세,경상
2023071800100070,2023년 7월 18일 07시,화요일,대전광역시 서구 용문동,경상사고,0,0,1,0,차대차 - 기타,안전운전불이행,건조,맑음,단일로 - 기타,승용,여,31세,상해없음,승용,여,41세,경상
2023071800100071,2023년 7월 18일 07시,화요일,대전광역시 서구 둔산동,경상사고,0,0,1,0,차대차 - 측면충돌,교차로운행방법위반,건조,맑음,교차로 - 교차로안,승용,남,53세,상해없음,승용,남,78세,경상
2023071800100144,2023년 7월 18일 09시,화요일,대전광역시 서구 둔산동,경상사고,0,0,1,0,차대차 - 기타,안전운전불이행,젖음/습기,비,단일로 - 기타,승용,여,31세,상해없음,승용,남,66세,경상
2023071800100145,2023년 7월 18일 09시,화요일,대전광역시 유성구 장대동,경상사고,0,0,1,0,차대차 - 기타,안전운전불이행,젖음/습기,비,단일로 - 기타,승용,남,41세,상해없음,승용,여,56세,경상
2023071800100228,2023년 7월 18일 12시,화요일,대전광역시 유성구 덕명동,경상사고,0,0,1,0,차대차 - 기타,안전운전불이행,젖음/습기,비,기타 - 기타,이륜,남,27세,기타불명,이륜,남,56세,경상
2023071800100260,2023년 7월 18일 13시,화요일,대전광역시 동구 가양동,경상사고,0,0,1,0,차대차 - 측면충돌,안전거리미확보,젖음/습기,비,교차로 - 교차로부근,승용,남,64세,상해없음,승용,남,31세,경상
2023071800100261,2023년 7월 18일 13시,화요일,대전광역시 서구 월평동,경상사고,0,0,1,0,차대사람 - 기타,보행자보호의무위반,젖음/습기,비,단일로 - 기타,승용,남,61세,상해없음,보행자,남,13세,경상
2023071800100327,2023년 7월 18일 15시,화요일,대전광역시 유성구 노은동,경상사고,0,0,2,0,차대차 - 기타,신호위반,젖음/습기,비,교차로 - 교차로안,승용,여,56세,상해없음,승용,여,66세,경상
2023071800100359,2023년 7월 18일 16시,화요일,대전광역시 서구 탄방동,경상사고,0,0,1,0,차대차 - 정면충돌,안전운전불이행,건조,흐림,교차로 - 교차로부근,승용,남,52세,상해없음,승용,남,60세,경상
2023071800100435,2023년 7월 18일 18시,화요일,대전광역시 서구 도안동,경상사고,0,0,1,0,차대차 - 측면충돌,안전운전불이행,건조,맑음,단일로 - 기타,승용,남,41세,상해없음,승용,여,30세,경상
2023071800100436,2023년 7월 18일 18시,화요일,대전광역시 유성구 덕명동,경상사고,0,0,1,0,차대차 - 후진중충돌,안전운전불이행,젖음/습기,비,교차로 - 교차로부근,승용,남,24세,상해없음,승용,여,32세,경상
2023071800100467,2023년 7월 18일 19시,화요일,대전광역시 서구 도안동,경상사고,0,0,1,0,차대차 - 기타,신호위반,건조,맑음,단일로 - 터널,승용,남,33세,상해없음,승용,여,41세,경상
2023071800100488,2023년 7월 18일 20시,화요일,대전광역시 동구 용전동,경상사고,0,0,2,0,차대차 - 기타,안전운전불이행,건조,맑음,단일로 - 기타,승용,여,59세,상해없음,승용,남,38세,경상
2023071900100008,2023년 7월 19일 00시,수요일,대전광역시 유성구 상대동,경상사고,0,0,2,0,차대차 - 추돌,안전운전불이행,젖음/습기,비,교차로 - 교차로부근,승용,남,38세,상해없음,승용,남,26세,경상
2023071900100037,2023년 7월 19일 05시,수요일,대전광역시 동구 용전동,경상사고,0,0,1,0,차대사람 - 길가장자리구역통행중,안전운전불이행,건조,맑음,단일로 - 기타,승용,남,56세,상해없음,보행자,여,28세,경상
2023071900100120,2023년 7월 19일 08시,수요일,대전광역시 서구 가수원동,경상사고,0,0,1,0,차대차 - 기타,안전운전불이행,건조,맑음,기타 - 기타,승용,여,48세,상해없음,승용,남,28세,경상
2023071900100121,2023년 7월 19일 08시,수요일,대전광역시 서구 탄방동,경상사고,0,0,1,0,차대차 - 기타,안전운전불이행,건조,맑음,단일로 - 기타,화물,남,71세,상해없음,승용,남,54세,경상
2023071900100122,2023년 7월 19일 08시,수요일,대전광역시 유성구 관평동,경상사고,0,0,1,0,차대차 - 기타,안전운전불이행,건조,맑음,교차로 - 교차로부근,승용,남,54세,상해없음,승용,남,46세,경상
2023071900100123,2023년 7월 19일 08시,수요일,대전광역시 유성구 봉명동,중상사고,0,1,0,0,차량단독 - 기타,안전운전불이행,건조,맑음,교차로 - 교차로부근,승합,남,45세,상해없음,,,,
2023071900100158,2023년 7월 19일 09시,수요일,대전광역시 중구 태평동,경상사고,0,0,1,0,차대차 - 기타,교차로운행방법위반,건조,맑음,교차로 - 교차로안,승용,여,65세,상해없음,승용,여,51세,경상
2023071900100272,2023년 7월 19일 12시,수요일,대전광역시 서구 용문동,경상사고,0,0,1,0,차대사람 - 횡단중,안전운전불이행,건조,맑음,교차로 - 교차로부근,승용,남,27세,기타불명,보행자,여,40세,경상
2023071900100273,2023년 7월 19일 12시,수요일,대전광역시 대덕구 오정동,중상사고,0,1,0,0,차대사람 - 보도통행중,기타,건조,맑음,단일로 - 기타,개인형이동수단(PM),남,20세 이하,상해없음,보행자,여,23세,중상
2023071900100375,2023년 7월 19일 15시,수요일,대전광역시 중구 태평동,경상사고,0,0,3,0,차대차 - 측면충돌,안전거리미확보,건조,맑음,단일로 - 기타,승용,남,69세,상해없음,승용,여,61세,경상
2023071900100376,2023년 7월 19일 15시,수요일,대전광역시 동구 중동,중상사고,0,1,0,0,차대사람 - 횡단중,보행자보호의무위반,건조,맑음,교차로 - 교차로횡단보도내,승용,여,53세,상해없음,보행자,여,68세,중상
2023071900100377,2023년 7월 19일 15시,수요일,대전광역시 서구 변동,경상사고,0,0,2,0,차대차 - 측면충돌,신호위반,건조,맑음,교차로 - 교차로안,화물,남,62세,상해없음,승용,여,72세,경상
2023071900100378,2023년 7월 19일 15시,수요일,대전광역시 유성구 장대동,경상사고,0,0,1,0,차대차 - 기타,안전운전불이행,건조,맑음,교차로 - 교차로안,승용,남,68세,상해없음,이륜,남,33세,경상
2023071900100420,2023년 7월 19일 16시,수요일,대전광역시 동구 삼성동,경상사고,0,0,1,0,차대차 - 측면충돌,신호위반,건조,맑음,교차로 - 교차로부근,이륜,남,31세,상해없음,화물,남,36세,경상
2023071900100465,2023년 7월 19일 17시,수요일,대전광역시 중구 태평동,경상사고,0,0,1,0,차대차 - 기타,신호위반,건조,맑음,교차로 - 교차로부근,승합,남,65세,상해없음,자전거,남,12세 이하,경상
2023071900100513,2023년 7월 19일 18시,수요일,대전광역시 서구 복수동,중상사고,0,1,0,0,차대사람 - 횡단중,안전운전불이행,건조,맑음,교차로 - 교차로안,승용,여,45세,상해없음,보행자,여,61세,중상
2023071900100543,2023년 7월 19일 19시,수요일,대전광역시 서구 탄방동,경상사고,0,0,1,0,차대차 - 측면충돌,안전운전불이행,건조,맑음,단일로 - 기타,승용,여,27세,상해없음,승용,남,37세,경상
2023071900100602,2023년 7월 19일 22시,수요일,대전광역시 서구 도마동,경상사고,0,0,1,0,차대사람 - 기타,안전운전불이행,건조,맑음,교차로 - 교차로안,승합,남,50세,상해없음,보행자,여,62세,경상
2023071900100603,2023년 7월 19일 22시,수요일,대전광역시 유성구 외삼동,경상사고,0,0,3,0,차대차 - 추돌,안전거리미확보,건조,맑음,단일로 - 기타,승용,남,30세,상해없음,승용,남,35세,경상
2023071900100616,2023년 7월 19일 23시,수요일,대전광역시 서구 변동,경상사고,0,0,2,0,차대차 - 기타,안전운전불이행,건조,맑음,교차로 - 교차로부근,승용,남,30세,상해없음,승용,남,56세,경상