사고번호,사고일시,요일,시군구,사고내용,사망자수,중상자수,경상자수,부상신고자수,사고유형,법규위반,노면상태,기상상태,도로형태,가해운전자 차종,가해운전자 성별,가해운전자 연령,가해운전자 상해정도,피해운전자 차종,피해운전자 성별,피해운전자 연령,피해운전자 상해정도
2023072000100028,2023년 7월 20일 02시,목요일,대전광역시 서구 정림동,경상사고,0,0,3,0,차대차 - 측면충돌,안전거리미확보,건조,맑음,단일로 - 기타,이륜,남,31세,기타불명,승용,남,63세,경상
2023072000100033,2023년 7월 20일 03시,목요일,대전광역시 대덕구 평촌동,경상사고,0,0,1,0,차대차 - 측면충돌,안전운전불이행,건조,맑음,교차로 - 교차로부근,승용,여,47세,상해없음,특수,남,47세,경상
2023072000100055,2023년 7월 20일 06시,목요일,대전광역시 동구 구도동,경상사고,0,0,1,0,차대차 - 후진중충돌,안전거리미확보,건조,맑음,단일로 - 기타,승용,남,62세,기타불명,화물,남,55세,경상
2023072000100106,2023년 7월 20일 08시,목요일,대전광역시 중구 오류동,경상사고,0,0,2,0,차대차 - 기타,신호위반,건조,맑음,단일로 - 기타,승용,남,62세,상해없음,승용,남,47세,경상
2023072000100107,2023년 7월 20일 08시,목요일,대전광역시 동구 성남동,경상사고,0,0,1,0,차대차 - 기타,안전운전불이행,건조,맑음,기타 - 기타,승용,남,58세,상해없음,자전거,남,66세,경상
2023072000100144,2023년 7월 20일 09시,목요일,대전광역시 유성구 장대동,경상사고,0,0,2,0,차대차 - 측면충돌,안전운전불이행,건조,맑음,교차로 - 교차로안,승용,남,58세,상해없음,승용,남,69세,경상
2023072000100219,2023년 7월 20일 11시,목요일,대전광역시 동구 신흥동,경상사고,0,0,1,0,차대차 - 기타,신호위반,건조,맑음,교차로 - 교차로안,승용,남,44세,상해없음,자전거,여,22세,경상
2023072000100285,2023년 7월 20일 13시,목요일,대전광역시 대덕구 읍내동,중상사고,0,1,0,0,차대사람 - 기타,안전운전불이행,건조,맑음,기타 - 기타,화물,남,51세,상해없음,보행자,여,63세,중상
2023072000100323,2023년 7월 20일 14시,목요일,대전광역시 중구 유천동,경상사고,0,0,1,0,차대차 - 기타,안전운전불이행,건조,맑음,교차로 - 교차로안,승용,여,66세,상해없음,승합,남,42세,경상
2023072000100363,2023년 7월 20일 15시,목요일,대전광역시 동구 용운동,경상사고,0,0,1,0,차대차 - 측면충돌,안전운전불이행,건조,맑음,단일로 - 기타,승용,여,64세,상해없음,승용,여,63세,경상
2023072000100364,2023년 7월 20일 15시,목요일,대전광역시 대덕구 오정동,경상사고,0,0,2,0,차대차 - 측면충돌,신호위반,건조,맑음,교차로 - 교차로안,승용,남,37세,상해없음,승용,여,62세,경상
2023072000100365,2023년 7월 20일 15시,목요일,대전광역시 유성구 장대동,경상사고,0,0,1,1,차대차 - 측면충돌,안전거리미확보,건조,맑음,단일로 - 기타,화물,남,50세,상해없음,승용,여,62세,부상신고
2023072000100408,2023년 7월 20일 16시,목요일,대전광역시 대덕구 송촌동,경상사고,0,0,1,0,차대차 - 기타,안전거리미확보,건조,맑음,단일로 - 기타,화물,남,61세,상해없음,승용,남,55세,경상
2023072000100409,2023년 7월 20일 16시,목요일,대전광역시 서구 만년동,경상사고,0,0,3,0,차대차 - 후진중충돌,안전운전불이행,건조,맑음,교차로 - 교차로부근,승용,남,47세,상해없음,승용,남,23세,경상
2023072000100410,2023년 7월 20일 16시,목요일,대전광역시 서구 둔산동,중상사고,0,1,0,0,차대사람 - 기타,안전운전불이행,건조,맑음,단일로 - 기타,승용,여,39세,상해없음,보행자,여,41세,중상
2023072000100411,2023년 7월 20일 16시,목요일,대전광역시 유성구 죽동,경상사고,0,0,2,0,차대차 - 기타,안전거리미확보,건조,맑음,교차로 - 교차로부근,승용,남,55세,상해없음,승용,남,30세,경상
2023072000100448,2023년 7월 20일 17시,목요일,대전광역시 동구 가오동,경상사고,0,0,1,0,차대차 - 측면충돌,안전거리미확보,건조,맑음,교차로 - 교차로부근,승용,여,60세,상해없음,승합,남,72세,경상
2023072000100449,2023년 7월 20일 17시,목요일,대전광역시 유성구 지족동,경상사고,0,0,1,0,차대차 - 측면충돌,안전운전불이행,건조,맑음,교차로 - 교차로안,승용,여,35세,상해없음,이륜,남,40세,경상
2023072000100486,2023년 7월 20일 18시,목요일,대전광역시 서구 도안동,경상사고,0,0,1,0,차대차 - 측면충돌,안전운전불이행,건조,맑음,단일로 - 기타,승용,남,81세 이상,상해없음,이륜,남,22세,경상
2023072000100487,2023년 7월 20일 18시,목요일,대전광역시 서구 갈마동,경상사고,0,0,1,0,차대차 - 기타,신호위반,건조,맑음,단일로 - 기타,승용,남,22세,상해없음,승용,여,35세,경상
2023072000100593,2023년 7월 20일 23시,목요일,대전광역시 서구 내동,경상사고,0,0,1,0,차량단독 - 기타,기타,건조,맑음,단일로 - 기타,승용,남,61세,상해없음,,,,
2023072000100594,2023년 7월 20일 23시,목요일,대전광역시 서구 내동,중상사고,0,1,0,0,차대사람 - 기타,안전운전불이행,건조,맑음,단일로 - 기타,승용,남,34세,상해없음,보행자,남,60세,중상
2023072100100040,2023년 7월 21일 05시,금요일,대전광역시 중구 부사동,경상사고,0,0,1,0,차대차 - 기타,안전운전불이행,건조,맑음,단일로 - 기타,승용,남,25세,상해없음,승용,여,27세,경상
2023072100100114,2023년 7월 21일 08시,금요일,대전광역시 서구 도마동,경상사고,0,0,1,0,차대사람 - 횡단중,보행자보호의무위반,건조,맑음,교차로 - 교차로횡단보도내,승용,남,26세,상해없음,보행자,여,34세,경상
2023072100100141,2023년 7월 21일 09시,금요일,대전광역시 중구 선화동,경상사고,0,0,1,0,차대차 - 추돌,안전운전불이행,건조,맑음,단일로 - 기타,승용,여,76세,상해없음,승용,여,24세,경상
2023072100100142,2023년 7월 21일 09시,금요일,대전광역시 유성구 관평동,중상사고,0,1,5,1,차대차 - 기타,신호위반,건조,맑음,기타 - 기타,승용,여,27세,상해없음,승합,남,60세,경상
2023072100100251,2023년 7월 21일 12시,금요일,대전광역시 중구 사정동,경상사고,0,0,1,0,차대차 - 기타,안전운전불이행,건조,맑음,단일로 - 기타,승용,남,77세,기타불명,승용,남,47세,경상
2023072100100252,2023년 7월 21일 12시,금요일,대전광역시 대덕구 법동,중상사고,0,1,1,0,차대차 - 측면충돌,신호위반,건조,맑음,교차로 - 교차로안,승합,남,58세,상해없음,승용,여,48세,중상
2023072100100253,2023년 7월 21일 12시,금요일,대전광역시 유성구 원내동,경상사고,0,0,1,0,차대차 - 기타,안전거리미확보,건조,맑음,단일로 - 기타,승용,남,81세 이상,상해없음,승용,남,41세,경상
2023072100100338,2023년 7월 21일 14시,금요일,대전광역시 서구 탄방동,경상사고,0,0,1,0,차대사람 - 기타,안전운전불이행,건조,맑음,기타 - 기타,이륜,남,58세,기타불명,보행자,여,81세 이상,경상
2023072100100339,2023년 7월 21일 14시,금요일,대전광역시 유성구 송강동,경상사고,0,0,1,0,차대차 - 기타,안전거리미확보,건조,맑음,교차로 - 교차로안,승용,남,61세,상해없음,이륜,남,33세,경상
2023072100100384,2023년 7월 21일 15시,금요일,대전광역시 중구 문창동,중상사고,0,1,0,0,차대차 - 측면충돌,기타,건조,맑음,교차로 - 교차로부근,화물,남,67세,상해없음,이륜,남,50세,중상
2023072100100492,2023년 7월 21일 17시,금요일,대전광역시 서구 갈마동,경상사고,0,0,1,0,차대사람 - 보도통행중,안전운전불이행,건조,맑음,단일로 - 기타,자전거,기타불명,미분류,기타불명,보행자,여,22세,경상
2023072100100546,2023년 7월 21일 18시,금요일,대전광역시 중구 대흥동,경상사고,0,0,2,0,차대차 - 추돌,안전운전불이행,건조,맑음,단일로 - 기타,승용,남,65세,상해없음,승용,여,26세,경상
2023072100100547,2023년 7월 21일 18시,금요일,대전광역시 중구 유천동,경상사고,0,0,1,0,차대차 - 후진중충돌,안전운전불이행,건조,맑음,단일로 - 기타,승용,남,67세,상해없음,승용,남,41세,경상
2023072100100548,2023년 7월 21일 18시,금요일,대전광역시 대덕구 대화동,경상사고,0,0,1,0,차대차 - 기타,직진우회전진행방해,건조,맑음,교차로 - 교차로안,승용,여,23세,상해없음,승합,남,51세,경상
2023072100100579,2023년 7월 21일 19시,금요일,대전광역시 중구 태평동,경상사고,0,0,2,0,차대차 - 후진중충돌,안전운전불이행,건조,맑음,단일로 - 기타,승용,여,59세,상해없음,승용,남,56세,경상
2023072100100637,2023년 7월 21일 21시,금요일,대전광역시 서구 월평동,중상사고,0,1,0,0,차대사람 - 보도통행중,보행자보호의무위반,건조,맑음,교차로 - 교차로횡단보도내,승용,여,57세,상해없음,보행자,남,54세,중상
2023072100100638,2023년 7월 21일 21시,금요일,대전광역시 유성구 지족동,중상사고,0,1,0,0,차대차 - 측면충돌,신호위반,건조,맑음,교차로 - 교차로안,승용,남,52세,상해없음,승용,남,56세,중상
2023072100100639,2023년 7월 21일 21시,금요일,대전광역시 유성구 지족동,경상사고,0,0,1,0,차대차 - 기타,안전운전불이행,젖음/습기,비,단일로 - 기타,승용,여,44세,상해없음,승용,남,41세,경상
2023072100100690,2023년 7월 21일 23시,금요일,대전광역시 중구 오류동,중상사고,0,1,0,0,차대사람 - 기타,기타,건조,맑음,기타 - 기타,개인형이동수단(PM),남,23세,상해없음,보행자,여,41세,중상
2023072100100691,2023년 7월 21일 23시,금요일,대전광역시 중구 부사동,중상사고,0,1,0,0,차대차 - 기타,안전운전불이행,건조,맑음,단일로 - 기타,승용,남,63세,상해없음,화물,남,62세,기타불명
2023072200100021,2023년 7월 22일 01시,토요일,대전광역시 서구 용문동,경상사고,0,0,1,0,차대차 - 기타,신호위반,건조,맑음,교차로 - 교차로부근,승용,남,23세,상해없음,승용,여,27세,경상
2023072200100071,2023년 7월 22일 06시,토요일,대전광역시 동구 소제동,경상사고,0,0,2,0,차대차 - 측면충돌,안전운전불이행,건조,맑음,교차로 - 교차로안,승합,남,56세,상해없음,승용,남,39세,경상
2023072200100072,2023년 7월 22일 06시,토요일,대전광역시 대덕구 비래동,경상사고,0,0,1,0,차대차 - 기타,안전운전불이행,건조,맑음,기타 - 기타,승용,남,70세,상해없음,승용,남,69세,경상
2023072200100129,2023년 7월 22일 09시,토요일,대전광역시 서구 괴정동,경상사고,0,0,1,0,차대차 - 기타,안전운전불이행,건조,맑음,단일로 - 기타,승용,여,56세,상해없음,승용,남,42세,경상
2023072200100130,2023년 7월 22일 09시,토요일,대전광역시 유성구 봉명동,중상사고,0,1,0,0,차대사람 - 횡단중,안전운전불이행,건조,맑음,단일로 - 기타,화물,남,62세,상해없음,보행자,여,71세,중상
2023072200100172,2023년 7월 22일 10시,토요일,대전광역시 중구 태평동,경상사고,0,0,1,0,차대차 - 기타,안전운전불이행,건조,맑음,교차로 - 교차로부근,건설기계,남,61세,상해없음,승용,남,37세,경상
2023072200100173,2023년 7월 22일 10시,토요일,대전광역시 서구 갈마동,경상사고,0,0,2,0,차대차 - 측면충돌,안전거리미확보,건조,맑음,단일로 - 기타,승용,남,36세,상해없음,승용,여,56세,경상
2023072200100174,2023년 7월 22일 10시,토요일,대전광역시 서구 갈마동,경상사고,0,0,1,0,차대차 - 기타,신호위반,건조,맑음,교차로 - 교차로부근,승용,여,43세,상해없음,화물,남,43세,경상
2023072200100211,2023년 7월 22일 11시,토요일,대전광역시 서구 갈마동,경상사고,0,0,2,0,차대차 - 측면충돌,교차로운행방법위반,건조,맑음,교차로 - 교차로안,승용,여,33세,상해없음,승용,남,43세,경상
2023072200100212,2023년 7월 22일 11시,토요일,대전광역시 유성구 덕진동,경상사고,0,0,2,0,차대차 - 추돌,안전운전불이행,건조,맑음,교차로 - 교차로부근,건설기계,남,71세,경상,특수,남,40세,경상
2023072200100245,2023년 7월 22일 12시,토요일,대전광역시 서구 용문동,중상사고,0,1,0,0,차대사람 - 기타,신호위반,건조,맑음,교차로 - 교차로횡단보도내,승용,여,48세,상해없음,보행자,여,53세,중상
2023072200100246,2023년 7월 22일 12시,토요일,대전광역시 서구 둔산동,중상사고,0,1,0,0,차대차 - 추돌,신호위반,건조,맑음,교차로 - 교차로부근,승용,남,63세,상해없음,이륜,남,56세,중상
2023072200100282,2023년 7월 22일 13시,토요일,대전광역시 대덕구 비래동,경상사고,0,0,3,0,차대차 - 기타,안전운전불이행,건조,맑음,교차로 - 교차로부근,화물,남,65세,상해없음,승용,여,32세,경상
2023072200100283,2023년 7월 22일 13시,토요일,대전광역시 서구 둔산동,경상사고,0,0,2,0,차대차 - 측면충돌,신호위반,건조,맑음,교차로 - 교차로부근,화물,남,59세,상해없음,승용,남,44세,경상
2023072200100309,2023년 7월 22일 14시,토요일,대전광역시 유성구 송강동,중상사고,0,1,2,0,차대차 - 추돌,안전운전불이행,건조,맑음,교차로 - 교차로횡단보도내,승용,남,62세,경상,이륜,남,32세,중상
2023072200100310,2023년 7월 22일 14시,토요일,대전광역시 유성구 봉산동,경상사고,0,0,1,0,차대차 - 기타,신호위반,건조,맑음,기타 - 기타,승용,남,34세,기타불명,승용,남,51세,경상
2023072200100368,2023년 7월 22일 16시,토요일,대전광역시 동구 신안동,경상사고,0,0,2,0,차대차 - 측면충돌,안전운전불이행,건조,맑음,단일로 - 기타,승용,여,58세,상해없음,승용,남,25세,경상
2023072300100032,2023년 7월 23일 03시,일요일,대전광역시 유성구 도룡동,중상사고,0,1,0,0,차량단독 - 기타,안전운전불이행,건조,맑음,단일로 - 터널,이륜,남,29세,상해없음,,,,
2023072300100054,2023년 7월 23일 06시,일요일,대전광역시 서구 도마동,경상사고,0,0,1,0,차대사람 - 기타,안전운전불이행,젖음/습기,비,단일로 - 기타,승용,남,66세,상해없음,보행자,여,81세 이상,경상
2023072300100121,2023년 7월 23일 11시,일요일,대전광역시 대덕구 비래동,경상사고,0,0,1,1,차대차 - 추돌,안전거리미확보,젖음/습기,맑음,교차로 - 교차로안,이륜,남,32세,부상신고,승용,남,76세,경상
2023072300100186,2023년 7월 23일 14시,일요일,대전광역시 중구 태평동,경상사고,0,0,2,0,차대차 - 추돌,안전운전불이행,젖음/습기,비,단일로 - 기타,승용,남,77세,상해없음,승용,남,69세,경상
2023072300100284,2023년 7월 23일 18시,일요일,대전광역시 서구 월평동,경상사고,0,0,2,0,차대차 - 기타,안전운전불이행,젖음/습기,비,교차로 - 교차로부근,승용,남,28세,상해없음,승용,여,47세,경상
2023072300100307,2023년 7월 23일 19시,일요일,대전광역시 유성구 도룡동,경상사고,0,0,3,0,차대차 - 측면충돌,안전운전불이행,젖음/습기,비,교차로 - 교차로부근,승용,남,23세,상해없음,승용,남,36세,경상
2023072400100110,2023년 7월 24일 08시,월요일,대전광역시 유성구 봉산동,경상사고,0,0,1,0,차대차 - 기타,안전거리미확보,건조,맑음,교차로 - 교차로안,승용,여,30세,상해없음,승용,여,26세,경상
2023072400100141,2023년 7월 24일 09시,월요일,대전광역시 유성구 노은동,경상사고,0,0,1,0,차대차 - 기타,신호위반,건조,맑음,교차로 - 교차로안,승용,남,81세 이상,상해없음,승용,여,67세,경상
2023072400100203,2023년 7월 24일 11시,월요일,대전광역시 유성구 관평동,경상사고,0,0,1,0,차대차 - 기타,안전운전불이행,건조,맑음,교차로 - 교차로부근,이륜,남,56세,상해없음,승용,남,40세,경상
2023072400100324,2023년 7월 24일 14시,월요일,대전광역시 동구 가양동,경상사고,0,0,1,0,차대사람 - 기타,안전운전불이행,건조,맑음,단일로 - 기타,이륜,남,59세,상해없음,보행자,남,31세,경상
2023072400100361,2023년 7월 24일 15시,월요일,대전광역시 유성구 궁동,부상신고사고,0,0,0,1,차대차 - 기타,안전운전불이행,건조,맑음,교차로 - 교차로안,이륜,남,26세,상해없음,자전거,여,19세,부상신고
2023072400100362,2023년 7월 24일 15시,월요일,대전광역시 유성구 장대동,경상사고,0,0,3,0,차대차 - 측면충돌,신호위반,건조,맑음,단일로 - 기타,승용,남,31세,기타불명,승용,여,31세,경상
2023072400100404,2023년 7월 24일 16시,월요일,대전광역시 동구 성남동,중상사고,0,1,0,0,차대차 - 정면충돌,안전운전불이행,건조,맑음,교차로 - 교차로안,승용,남,72세,상해없음,이륜,남,23세,중상
2023072400100405,2023년 7월 24일 16시,월요일,대전광역시 대덕구 읍내동,경상사고,0,0,3,1,차대차 - 추돌,안전운전불이행,건조,맑음,단일로 - 기타,승합,남,58세,상해없음,승용,여,35세,상해없음
2023072400100506,2023년 7월 24일 19시,월요일,대전광역시 서구 둔산동,부상신고사고,0,0,0,1,차대사람 - 길가장자리구역통행중,안전운전불이행,건조,맑음,단일로 - 기타,기타불명,기타불명,미분류,기타불명,보행자,남,28세,부상신고
2023072400100534,2023년 7월 24일 20시,월요일,대전광역시 서구 관저동,경상사고,0,0,1,0,차대차 - 기타,안전운전불이행,건조,맑음,교차로 - 교차로부근,승합,남,54세,상해없음,승용,남,72세,경상
2023072400100562,2023년 7월 24일 21시,월요일,대전광역시 서구 둔산동,경상사고,0,0,1,0,차대차 - 기타,안전운전불이행,건조,맑음,단일로 - 기타,승용,남,48세,기타불명,건설기계,남,61세,기타불명
2023072400100585,2023년 7월 24일 22시,월요일,대전광역시 중구 문화동,경상사고,0,0,1,0,차대차 - 기타,안전운전불이행,건조,맑음,단일로 - 기타,승용,남,57세,상해없음,승용,남,63세,경상
2023072400100586,2023년 7월 24일 22시,월요일,대전광역시 동구 삼성동,경상사고,0,0,1,0,차대사람 - 횡단중,보행자보호의무위반,건조,맑음,교차로 - 교차로횡단보도내,승용,남,30세,상해없음,보행자,남,64세,경상
2023072400100587,2023년 7월 24일 22시,월요일,대전광역시 서구 둔산동,경상사고,0,0,1,0,차대차 - 기타,안전운전불이행,건조,맑음,단일로 - 기타,개인형이동수단(PM),남,23세,상해없음,자전거,여,22세,경상
2023072500100006,2023년 7월 25일 00시,화요일,대전광역시 중구 대흥동,중상사고,0,1,0,0,차대차 - 측면충돌,신호위반,건조,맑음,교차로 - 교차로안,승용,남,71세,상해없음,이륜,남,42세,중상
2023072500100007,2023년 7월 25일 00시,화요일,대전광역시 동구 용전동,부상신고사고,0,0,0,4,차대차 - 측면충돌,신호위반,건조,맑음,교차로 - 교차로안,승용,남,46세,상해없음,승용,남,19세,부상신고
2023072500100068,2023년 7월 25일 07시,화요일,대전광역시 서구 갈마동,경상사고,0,0,1,0,차대차 - 측면충돌,안전운전불이행,건조,맑음,단일로 - 기타,승용,남,43세,상해없음,화물,남,38세,경상
2023072500100132,2023년 7월 25일 09시,화요일,대전광역시 중구 선화동,중상사고,0,2,0,0,차대차 - 측면충돌,교차로운행방법위반,건조,맑음,교차로 - 교차로안,승용,남,26세,상해없음,승용,남,56세,중상
2023072500100133,2023년 7월 25일 09시,화요일,대전광역시 서구 월평동,경상사고,0,0,2,0,차대차 - 측면충돌,신호위반,건조,맑음,교차로 - 교차로부근,승용,여,60세,상해없음,승용,남,24세,경상
2023072500100182,2023년 7월 25일 11시,화요일,대전광역시 중구 문화동,경상사고,0,0,1,0,차대차 - 측면충돌,안전거리미확보,건조,맑음,단일로 - 기타,화물,남,54세,상해없음,승용,남,36세,경상
2023072500100266,2023년 7월 25일 13시,화요일,대전광역시 동구 신흥동,중상사고,0,1,0,0,차대사람 - 횡단중,안전운전불이행,건조,맑음,교차로 - 교차로횡단보도내,승용,여,54세,상해없음,보행자,여,71세,중상
2023072500100267,2023년 7월 25일 13시,화요일,대전광역시 서구 가장동,경상사고,0,0,4,0,차대차 - 측면충돌,안전운전불이행,젖음/습기,비,교차로 - 교차로부근,승용,여,38세,경상,승용,남,29세,경상
2023072500100366,2023년 7월 25일 16시,화요일,대전광역시 유성구 봉명동,경상사고,0,0,1,0,차대사람 - 기타,보행자보호의무위반,건조,맑음,기타 - 기타,승용,여,29세,상해없음,보행자,여,32세,경상
2023072500100399,2023년 7월 25일 17시,화요일,대전광역시 유성구 지족동,경상사고,0,0,1,0,차대차 - 추돌,안전운전불이행,건조,맑음,단일로 - 기타,승용,여,63세,상해없음,이륜,남,33세,경상
2023072500100485,2023년 7월 25일 20시,화요일,대전광역시 서구 둔산동,경상사고,0,0,1,0,차대차 - 기타,중앙선침범,젖음/습기,비,교차로 - 교차로부근,승용,여,56세,상해없음,승용,여,51세,경상
2023072500100527,2023년 7월 25일 22시,화요일,대전광역시 유성구 봉명동,경상사고,0,0,2,0,차대차 - 측면충돌,신호위반,젖음/습기,흐림,교차로 - 교차로안,승용,여,47세,상해없음,승용,남,52세,경상
2023072600100007,2023년 7월 26일 00시,수요일,대전광역시 서구 갈마동,경상사고,0,0,1,0,차대사람 - 기타,안전운전불이행,건조,맑음,교차로 - 교차로안,승용,여,45세,상해없음,보행자,남,32세,경상
2023072600100041,2023년 7월 26일 06시,수요일,대전광역시 서구 도마동,중상사고,0,1,0,0,차대차 - 측면충돌,교차로운행방법위반,건조,맑음,교차로 - 교차로안,승용,남,34세,상해없음,이륜,여,64세,중상
2023072600100042,2023년 7월 26일 06시,수요일,대전광역시 서구 갈마동,경상사고,0,0,1,0,차대차 - 추돌,안전거리미확보,건조,맑음,단일로 - 기타,승용,여,24세,상해없음,승용,여,30세,경상
2023072600100065,2023년 7월 26일 07시,수요일,대전광역시 유성구 구암동,경상사고,0,0,1,0,차대차 - 기타,안전운전불이행,건조,맑음,교차로 - 교차로안,화물,남,32세,상해없음,이륜,남,53세,경상
2023072600100133,2023년 7월 26일 09시,수요일,대전광역시 중구 중촌동,경상사고,0,0,1,0,차대사람 - 기타,안전운전불이행,건조,맑음,교차로 - 교차로안,승용,남,39세,상해없음,보행자,여,81세 이상,경상
2023072600100159,2023년 7월 26일 10시,수요일,대전광역시 중구 사정동,경상사고,0,0,1,0,차대차 - 추돌,안전운전불이행,건조,맑음,기타 - 기타,승용,남,67세,상해없음,승용,남,43세,경상
2023072600100188,2023년 7월 26일 11시,수요일,대전광역시 동구 용전동,중상사고,0,1,0,0,차대차 - 기타,안전운전불이행,건조,맑음,교차로 - 교차로횡단보도내,승용,남,43세,상해없음,자전거,남,81세 이상,중상
2023072600100231,2023년 7월 26일 12시,수요일,대전광역시 서구 둔산동,경상사고,0,0,1,0,차대차 - 측면충돌,중앙선침범,건조,맑음,단일로 - 기타,이륜,남,61세,상해없음,이륜,남,32세,경상
2023072600100276,2023년 7월 26일 13시,수요일,대전광역시 서구 용문동,경상사고,0,0,2,0,차대차 - 측면충돌,신호위반,건조,맑음,교차로 - 교차로부근,승용,여,60세,상해없음,승용,여,53세,경상
2023072600100305,2023년 7월 26일 14시,수요일,대전광역시 대덕구 신탄진동,부상신고사고,0,0,0,1,차대사람 - 기타,안전운전불이행,건조,맑음,단일로 - 기타,승용,남,45세,상해없음,보행자,여,12세 이하,부상신고
2023072600100376,2023년 7월 26일 16시,수요일,대전광역시 서구 도마동,경상사고,0,0,4,0,차대차 - 기타,안전거리미확보,젖음/습기,비,단일로 - 기타,승용,남,57세,상해없음,승합,남,35세,경상
2023072600100377,2023년 7월 26일 16시,수요일,대전광역시 서구 가장동,경상사고,0,0,1,0,차대차 - 측면충돌,안전거리미확보,건조,맑음,단일로 - 기타,승용,여,57세,상해없음,승용,남,29세,경상
2023072600100427,2023년 7월 26일 17시,수요일,대전광역시 유성구 송강동,경상사고,0,0,2,0,차대차 - 측면충돌,기타,건조,흐림,단일로 - 기타,승용,여,41세,상해없음,이륜,남,60세,경상
2023072600100428,2023년 7월 26일 17시,수요일,대전광역시 유성구 봉산동,중상사고,0,1,0,0,차대사람 - 횡단중,신호위반,젖음/습기,비,교차로 - 교차로횡단보도내,승용,남,67세,상해없음,보행자,남,74세,중상
2023072600100469,2023년 7월 26일 18시,수요일,대전광역시 유성구 관평동,중상사고,0,1,0,0,차대차 - 정면충돌,신호위반,젖음/습기,비,교차로 - 교차로안,승용,남,51세,상해없음,원동기,남,58세,중상
2023072600100525,2023년 7월 26일 20시,수요일,대전광역시 동구 용전동,경상사고,0,0,3,0,차대차 - 측면충돌,안전거리미확보,건조,맑음,교차로 - 교차로부근,승용,여,35세,상해없음,승용,여,23세,경상
2023072600100526,2023년 7월 26일 20시,수요일,대전광역시 서구 갈마동,경상사고,0,0,1,0,차대차 - 기타,안전운전불이행,젖음/습기,흐림,단일로 - 기타,승용,여,58세,상해없음,승용,여,45세,경상
2023072700100030,2023년 7월 27일 03시,목요일,대전광역시 유성구 전민동,경상사고,0,0,1,0,차대차 - 정면충돌,교차로운행방법위반,건조,맑음,교차로 - 교차로안,승용,남,40세,상해없음,승용,여,52세,경상
2023072700100035,2023년 7월 27일 04시,목요일,대전광역시 서구 용문동,경상사고,0,0,1,0,차대차 - 측면충돌,안전운전불이행,건조,맑음,교차로 - 교차로안,승용,남,34세,상해없음,이륜,남,32세,경상
2023072700100117,2023년 7월 27일 08시,목요일,대전광역시 중구 문화동,경상사고,0,0,1,0,차대차 - 추돌,안전거리미확보,건조,맑음,교차로 - 교차로부근,화물,남,44세,상해없음,승용,여,53세,경상
2023072700100118,2023년 7월 27일 08시,목요일,대전광역시 대덕구 오정동,중상사고,0,1,0,0,차대차 - 기타,안전운전불이행,건조,맑음,기타 - 기타,승용,여,67세,상해없음,자전거,여,35세,중상
2023072700100119,2023년 7월 27일 08시,목요일,대전광역시 대덕구 대화동,경상사고,0,0,3,0,차대차 - 측면충돌,교차로운행방법위반,건조,맑음,교차로 - 교차로안,승용,남,63세,상해없음,승용,여,36세,경상
2023072700100179,2023년 7월 27일 10시,목요일,대전광역시 동구 가양동,경상사고,0,0,1,0,차대차 - 측면충돌,중앙선침범,건조,맑음,교차로 - 교차로부근,승용,남,59세,상해없음,이륜,여,30세,경상
2023072700100180,2023년 7월 27일 10시,목요일,대전광역시 유성구 복용동,경상사고,0,0,2,0,차대차 - 추돌,안전운전불이행,건조,맑음,교차로 - 교차로안,승용,여,33세,상해없음,승용,여,38세,경상
2023072700100216,2023년 7월 27일 11시,목요일,대전광역시 중구 선화동,경상사고,0,0,1,0,차대차 - 측면충돌,안전운전불이행,건조,맑음,단일로 - 기타,승용,남,72세,상해없음,화물,남,38세,경상
2023072700100217,2023년 7월 27일 11시,목요일,대전광역시 동구 대동,중상사고,0,1,0,0,차대차 - 측면충돌,안전운전불이행,건조,맑음,교차로 - 교차로안,승용,여,54세,상해없음,자전거,여,79세,중상
2023072700100218,2023년 7월 27일 11시,목요일,대전광역시 대덕구 오정동,경상사고,0,0,1,0,차대차 - 측면충돌,안전운전불이행,건조,맑음,단일로 - 기타,승용,남,35세,상해없음,승용,남,44세,경상
2023072700100219,2023년 7월 27일 11시,목요일,대전광역시 유성구 상대동,경상사고,0,0,1,0,차대사람 - 기타,안전운전불이행,건조,맑음,교차로 - 교차로횡단보도내,자전거,남,25세,상해없음,보행자,여,25세,경상
2023072700100323,2023년 7월 27일 14시,목요일,대전광역시 서구 가장동,경상사고,0,0,1,0,차대사람 - 기타,안전운전불이행,건조,맑음,단일로 - 기타,승합,남,49세,기타불명,보행자,여,60세,경상
2023072700100364,2023년 7월 27일 15시,목요일,대전광역시 서구 갈마동,중상사고,0,1,0,0,차대차 - 측면충돌,안전운전불이행,건조,맑음,교차로 - 교차로부근,승용,남,32세,상해없음,자전거,여,15세,중상
2023072700100365,2023년 7월 27일 15시,목요일,대전광역시 서구 둔산동,중상사고,0,1,0,0,차대차 - 측면충돌,신호위반,건조,맑음,교차로 - 교차로안,승용,여,24세,상해없음,이륜,남,68세,중상
2023072700100366,2023년 7월 27일 15시,목요일,대전광역시 유성구 관평동,경상사고,0,0,1,0,차대차 - 측면충돌,교차로운행방법위반,건조,맑음,교차로 - 교차로부근,승용,여,40세,상해없음,승용,남,59세,경상
2023072700100417,2023년 7월 27일 16시,목요일,대전광역시 중구 오류동,경상사고,0,0,2,0,차대차 - 추돌,안전거리미확보,건조,맑음,교차로 - 교차로부근,승용,여,36세,경상,특수,남,49세,경상