사고번호,사고일시,요일,시군구,사고내용,사망자수,중상자수,경상자수,부상신고자수,사고유형,법규위반,노면상태,기상상태,도로형태,가해운전자 차종,가해운전자 성별,가해운전자 연령,가해운전자 상해정도,피해운전자 차종,피해운전자 성별,피해운전자 연령,피해운전자 상해정도
2023080900100544,2023년 8월 9일 20시,수요일,대전광역시 유성구 노은동,중상사고,0,2,0,0,차대차 - 기타,신호위반,젖음/습기,비,교차로 - 교차로안,승용,남,63세,상해없음,승용,남,39세,중상
2023080900100582,2023년 8월 9일 21시,수요일,대전광역시 유성구 봉명동,경상사고,0,0,1,0,차대차 - 기타,안전운전불이행,젖음/습기,비,단일로 - 기타,승용,남,37세,상해없음,승용,남,30세,경상
2023081000100015,2023년 8월 10일 01시,목요일,대전광역시 서구 월평동,부상신고사고,0,0,0,1,차대사람 - 횡단중,안전운전불이행,젖음/습기,비,단일로 - 기타,승용,남,54세,상해없음,보행자,여,81세 이상,부상신고
2023081000100042,2023년 8월 10일 04시,목요일,대전광역시 대덕구 읍내동,경상사고,0,0,1,0,차량단독 - 기타,안전운전불이행,젖음/습기,비,교차로 - 교차로부근,승용,남,69세,상해없음,,,,
2023081000100099,2023년 8월 10일 08시,목요일,대전광역시 대덕구 법동,경상사고,0,0,1,0,차대차 - 측면충돌,안전운전불이행,젖음/습기,비,단일로 - 기타,승용,여,78세,상해없음,승용,남,29세,경상
2023081000100121,2023년 8월 10일 09시,목요일,대전광역시 대덕구 대화동,경상사고,0,0,3,0,차대차 - 측면충돌,신호위반,건조,맑음,교차로 - 교차로안,승용,여,54세,경상,승용,여,23세,경상
2023081000100243,2023년 8월 10일 14시,목요일,대전광역시 유성구 봉명동,경상사고,0,0,1,0,차대차 - 추돌,안전운전불이행,젖음/습기,맑음,단일로 - 기타,승용,남,26세,상해없음,승용,여,38세,경상
2023081000100270,2023년 8월 10일 15시,목요일,대전광역시 서구 둔산동,경상사고,0,0,1,0,차대차 - 기타,안전운전불이행,건조,맑음,기타 - 기타,승용,남,66세,상해없음,이륜,남,23세,경상
2023081000100271,2023년 8월 10일 15시,목요일,대전광역시 유성구 구암동,경상사고,0,0,1,0,차대사람 - 기타,안전운전불이행,젖음/습기,비,단일로 - 기타,승용,남,65세,상해없음,보행자,여,53세,경상
2023081000100300,2023년 8월 10일 16시,목요일,대전광역시 서구 도마동,경상사고,0,0,1,0,차대차 - 기타,안전운전불이행,젖음/습기,비,단일로 - 기타,화물,남,63세,상해없음,승용,남,60세,경상
2023081000100301,2023년 8월 10일 16시,목요일,대전광역시 유성구 봉명동,경상사고,0,0,1,0,차대차 - 기타,안전운전불이행,젖음/습기,비,교차로 - 교차로안,승용,남,78세,상해없음,승용,남,37세,경상
2023081000100333,2023년 8월 10일 17시,목요일,대전광역시 중구 문화동,경상사고,0,0,2,0,차대차 - 기타,안전운전불이행,건조,맑음,교차로 - 교차로부근,승합,남,42세,기타불명,승용,남,68세,경상
2023081000100369,2023년 8월 10일 18시,목요일,대전광역시 대덕구 비래동,부상신고사고,0,0,0,1,차대차 - 추돌,안전운전불이행,건조,맑음,단일로 - 기타,승용,남,60세,상해없음,승용,남,36세,부상신고
2023081000100370,2023년 8월 10일 18시,목요일,대전광역시 서구 용문동,경상사고,0,0,1,0,차대차 - 기타,안전운전불이행,건조,흐림,교차로 - 교차로안,승용,남,28세,기타불명,승용,여,54세,경상
2023081000100396,2023년 8월 10일 19시,목요일,대전광역시 중구 오류동,중상사고,0,1,0,0,차대차 - 기타,안전운전불이행,젖음/습기,비,교차로 - 교차로안,이륜,남,32세,상해없음,이륜,남,57세,중상
2023081000100425,2023년 8월 10일 20시,목요일,대전광역시 서구 관저동,경상사고,0,0,1,0,차대차 - 측면충돌,중앙선침범,젖음/습기,비,교차로 - 교차로부근,승용,남,48세,상해없음,화물,남,39세,경상
2023081000100449,2023년 8월 10일 21시,목요일,대전광역시 서구 탄방동,경상사고,0,0,1,0,차량단독 - 기타,안전운전불이행,젖음/습기,비,교차로 - 교차로부근,승합,남,57세,상해없음,,,,
2023081000100467,2023년 8월 10일 22시,목요일,대전광역시 유성구 방동,경상사고,0,0,1,0,차대차 - 추돌,안전운전불이행,젖음/습기,비,단일로 - 기타,승합,여,46세,상해없음,승용,남,50세,경상
2023081100100009,2023년 8월 11일 00시,금요일,대전광역시 유성구 지족동,경상사고,0,0,2,0,차대차 - 측면충돌,신호위반,젖음/습기,비,교차로 - 교차로안,승용,남,44세,상해없음,승용,남,36세,경상
2023081100100010,2023년 8월 11일 00시,금요일,대전광역시 유성구 방동,경상사고,0,0,1,0,차대차 - 기타,안전거리미확보,젖음/습기,비,기타 - 기타,승용,남,68세,상해없음,승용,여,53세,경상
2023081100100025,2023년 8월 11일 02시,금요일,대전광역시 서구 괴정동,중상사고,0,1,1,0,차대차 - 기타,신호위반,젖음/습기,맑음,교차로 - 교차로안,승용,남,29세,상해없음,승용,남,67세,경상
2023081100100048,2023년 8월 11일 06시,금요일,대전광역시 대덕구 석봉동,경상사고,0,0,1,0,차대차 - 기타,안전거리미확보,젖음/습기,비,교차로 - 교차로안,승용,남,60세,상해없음,승용,남,55세,경상
2023081100100113,2023년 8월 11일 08시,금요일,대전광역시 유성구 원내동,부상신고사고,0,0,0,1,차대차 - 기타,안전거리미확보,건조,맑음,기타 - 기타,기타불명,기타불명,미분류,기타불명,승용,남,74세,상해없음
2023081100100149,2023년 8월 11일 09시,금요일,대전광역시 서구 도마동,중상사고,0,1,0,0,차대사람 - 횡단중,보행자보호의무위반,젖음/습기,비,단일로 - 기타,승용,남,78세,상해없음,보행자,여,81세 이상,중상
2023081100100150,2023년 8월 11일 09시,금요일,대전광역시 서구 탄방동,경상사고,0,0,1,0,차대차 - 기타,안전운전불이행,젖음/습기,흐림,단일로 - 기타,승용,남,38세,기타불명,승용,남,28세,경상
2023081100100215,2023년 8월 11일 11시,금요일,대전광역시 중구 목동,경상사고,0,0,1,0,차대차 - 측면충돌,신호위반,건조,맑음,교차로 - 교차로횡단보도내,승용,남,78세,상해없음,승합,남,31세,경상
2023081100100323,2023년 8월 11일 14시,금요일,대전광역시 서구 도마동,경상사고,0,0,1,0,차대차 - 측면충돌,안전운전불이행,건조,맑음,교차로 - 교차로안,승용,남,75세,상해없음,승용,남,62세,경상
2023081100100324,2023년 8월 11일 14시,금요일,대전광역시 서구 탄방동,경상사고,0,0,1,0,차대차 - 기타,안전운전불이행,건조,맑음,교차로 - 교차로안,승용,여,36세,상해없음,승용,여,52세,경상
2023081100100366,2023년 8월 11일 15시,금요일,대전광역시 동구 용전동,경상사고,0,0,1,0,차대차 - 측면충돌,안전운전불이행,건조,맑음,단일로 - 기타,승용,남,66세,상해없음,승용,여,33세,경상
2023081100100387,2023년 8월 11일 16시,금요일,대전광역시 대덕구 비래동,경상사고,0,0,2,0,차대차 - 측면충돌,안전거리미확보,건조,맑음,단일로 - 기타,승용,남,61세,경상,승용,남,35세,경상
2023081100100405,2023년 8월 11일 16시,금요일,대전광역시 동구 원동,중상사고,0,1,0,0,차대차 - 측면충돌,안전거리미확보,건조,맑음,단일로 - 기타,이륜,남,81세 이상,중상,승합,남,56세,상해없음
2023081100100406,2023년 8월 11일 16시,금요일,대전광역시 서구 탄방동,경상사고,0,0,1,0,차대차 - 측면충돌,안전운전불이행,건조,맑음,교차로 - 교차로부근,승용,여,57세,상해없음,자전거,여,62세,경상
2023081100100407,2023년 8월 11일 16시,금요일,대전광역시 유성구 화암동,경상사고,0,0,1,0,차대차 - 측면충돌,안전운전불이행,건조,맑음,교차로 - 교차로안,승용,여,61세,상해없음,승용,여,31세,경상
2023081100100449,2023년 8월 11일 17시,금요일,대전광역시 중구 목동,중상사고,0,1,0,0,차대차 - 기타,신호위반,건조,맑음,교차로 - 교차로안,자전거,남,20세 이하,중상,화물,남,46세,기타불명
2023081100100500,2023년 8월 11일 18시,금요일,대전광역시 중구 태평동,경상사고,0,0,1,0,차대차 - 기타,안전운전불이행,건조,맑음,기타 - 기타,승용,남,40세,상해없음,승용,여,24세,경상
2023081100100502,2023년 8월 11일 18시,금요일,대전광역시 유성구 탑립동,경상사고,0,0,3,0,차대차 - 기타,안전운전불이행,건조,맑음,교차로 - 교차로부근,승용,남,44세,상해없음,승용,남,36세,경상
2023081100100503,2023년 8월 11일 18시,금요일,대전광역시 유성구 봉명동,경상사고,0,0,2,0,차대차 - 기타,신호위반,건조,맑음,기타 - 기타,승용,남,64세,상해없음,승합,남,50세,상해없음
2023081100100504,2023년 8월 11일 18시,금요일,대전광역시 유성구 관평동,경상사고,0,0,1,0,차대사람 - 기타,안전운전불이행,건조,맑음,기타 - 기타,자전거,남,20세 이하,상해없음,보행자,여,12세 이하,경상
2023081100100540,2023년 8월 11일 19시,금요일,대전광역시 서구 갈마동,경상사고,0,0,1,0,차대차 - 기타,안전운전불이행,건조,맑음,기타 - 기타,이륜,남,34세,상해없음,승용,남,25세,경상
2023081100100541,2023년 8월 11일 19시,금요일,대전광역시 서구 갈마동,경상사고,0,0,1,0,차대차 - 후진중충돌,안전운전불이행,건조,맑음,교차로 - 교차로안,승용,남,38세,상해없음,승용,여,31세,경상
2023081100100617,2023년 8월 11일 21시,금요일,대전광역시 중구 대흥동,경상사고,0,0,1,0,차대사람 - 차도통행중,안전운전불이행,건조,맑음,교차로 - 교차로안,승용,남,31세,상해없음,보행자,여,22세,경상
2023081100100667,2023년 8월 11일 23시,금요일,대전광역시 동구 가오동,경상사고,0,0,6,0,차대차 - 측면충돌,기타,건조,맑음,교차로 - 교차로안,승용,남,68세,경상,승용,남,21세,경상
2023081200100015,2023년 8월 12일 00시,토요일,대전광역시 유성구 어은동,중상사고,0,2,0,0,차대차 - 측면충돌,안전운전불이행,건조,맑음,교차로 - 교차로안,원동기,남,64세,중상,원동기,남,43세,중상
2023081200100025,2023년 8월 12일 01시,토요일,대전광역시 유성구 봉명동,경상사고,0,0,4,0,차대차 - 기타,안전운전불이행,젖음/습기,비,단일로 - 기타,승용,남,20세 이하,상해없음,승용,남,27세,경상
2023081200100033,2023년 8월 12일 02시,토요일,대전광역시 중구 용두동,경상사고,0,0,1,0,차대차 - 추돌,안전운전불이행,건조,맑음,교차로 - 교차로부근,승용,남,38세,상해없음,승용,남,63세,경상
2023081200100085,2023년 8월 12일 08시,토요일,대전광역시 서구 도마동,경상사고,0,0,1,0,차대차 - 기타,신호위반,젖음/습기,비,단일로 - 기타,승용,여,40세,상해없음,승용,남,38세,경상
2023081200100086,2023년 8월 12일 08시,토요일,대전광역시 대덕구 중리동,경상사고,0,0,1,0,차대차 - 기타,신호위반,젖음/습기,비,교차로 - 교차로부근,승용,여,41세,상해없음,이륜,남,53세,경상
2023081200100087,2023년 8월 12일 08시,토요일,대전광역시 유성구 노은동,경상사고,0,0,1,0,차대사람 - 기타,안전운전불이행,건조,맑음,기타 - 기타,승용,여,58세,상해없음,보행자,여,36세,경상
2023081200100114,2023년 8월 12일 09시,토요일,대전광역시 동구 원동,중상사고,0,1,0,0,차대차 - 측면충돌,불법유턴,건조,흐림,단일로 - 기타,화물,남,60세,상해없음,자전거,남,69세,중상
2023081200100138,2023년 8월 12일 10시,토요일,대전광역시 유성구 노은동,경상사고,0,0,2,0,차대차 - 기타,안전운전불이행,건조,맑음,교차로 - 교차로부근,승용,여,61세,상해없음,승용,남,40세,경상
2023081200100176,2023년 8월 12일 11시,토요일,대전광역시 동구 중동,경상사고,0,0,1,0,차대차 - 기타,안전운전불이행,건조,맑음,단일로 - 기타,승용,남,76세,상해없음,승용,남,48세,경상
2023081200100218,2023년 8월 12일 12시,토요일,대전광역시 동구 원동,부상신고사고,0,0,0,2,차대차 - 측면충돌,안전운전불이행,건조,맑음,단일로 - 기타,승용,남,79세,상해없음,승용,남,37세,부상신고
2023081200100219,2023년 8월 12일 12시,토요일,대전광역시 유성구 관평동,중상사고,0,1,0,0,차대차 - 기타,안전운전불이행,건조,맑음,교차로 - 교차로부근,화물,남,45세,기타불명,승용,여,42세,중상
2023081200100255,2023년 8월 12일 13시,토요일,대전광역시 동구 소제동,중상사고,0,1,0,0,차대차 - 측면충돌,신호위반,건조,맑음,교차로 - 교차로안,승용,남,43세,기타불명,승용,남,27세,중상
2023081200100256,2023년 8월 12일 13시,토요일,대전광역시 대덕구 송촌동,경상사고,0,0,1,0,차대차 - 추돌,안전운전불이행,건조,맑음,기타 - 기타,승용,남,26세,상해없음,승용,여,49세,경상
2023081200100321,2023년 8월 12일 15시,토요일,대전광역시 대덕구 법동,경상사고,0,0,1,0,차대차 - 정면충돌,안전운전불이행,건조,맑음,교차로 - 교차로부근,승합,남,65세,상해없음,승용,남,76세,경상
2023081200100350,2023년 8월 12일 16시,토요일,대전광역시 서구 도안동,경상사고,0,0,1,0,차대차 - 측면충돌,안전운전불이행,건조,맑음,교차로 - 교차로안,승용,여,48세,기타불명,승용,남,36세,경상
2023081200100423,2023년 8월 12일 18시,토요일,대전광역시 유성구 하기동,중상사고,0,1,0,0,차대차 - 기타,안전운전불이행,건조,맑음,교차로 - 교차로부근,승용,여,40세,상해없음,이륜,남,64세,중상
2023081200100444,2023년 8월 12일 19시,토요일,대전광역시 서구 월평동,경상사고,0,0,2,0,차대차 - 측면충돌,안전거리미확보,건조,맑음,단일로 - 교량,승용,남,62세,상해없음,승용,여,61세,경상
2023081200100462,2023년 8월 12일 20시,토요일,대전광역시 동구 성남동,중상사고,0,1,0,0,차대사람 - 횡단중,보행자보호의무위반,건조,맑음,교차로 - 교차로횡단보도내,화물,남,35세,상해없음,보행자,남,81세 이상,중상
2023081200100527,2023년 8월 12일 23시,토요일,대전광역시 동구 원동,경상사고,0,0,2,0,차대차 - 추돌,안전거리미확보,건조,맑음,교차로 - 교차로안,승용,남,63세,상해없음,승용,여,56세,경상
2023081300100008,2023년 8월 13일 00시,일요일,대전광역시 동구 소제동,중상사고,0,1,0,0,차대차 - 기타,안전운전불이행,건조,맑음,교차로 - 교차로안,원동기,남,62세,중상,승용,남,41세,상해없음
2023081300100030,2023년 8월 13일 02시,일요일,대전광역시 동구 정동,경상사고,0,0,1,0,차대차 - 기타,신호위반,건조,맑음,교차로 - 교차로안,승용,남,70세,상해없음,승용,남,71세,상해없음
2023081300100153,2023년 8월 13일 12시,일요일,대전광역시 서구 둔산동,중상사고,0,1,0,0,차대차 - 기타,교차로운행방법위반,건조,맑음,교차로 - 교차로안,승용,남,76세,상해없음,원동기,남,50세,중상
2023081300100154,2023년 8월 13일 12시,일요일,대전광역시 유성구 봉명동,경상사고,0,0,1,0,차대차 - 기타,신호위반,건조,맑음,단일로 - 기타,이륜,남,24세,기타불명,승합,남,44세,경상
2023081300100232,2023년 8월 13일 15시,일요일,대전광역시 대덕구 오정동,경상사고,0,0,2,0,차대차 - 추돌,신호위반,건조,맑음,기타 - 기타,승용,남,24세,기타불명,화물,남,51세,경상
2023081300100233,2023년 8월 13일 15시,일요일,대전광역시 유성구 관평동,경상사고,0,0,1,0,차대차 - 기타,신호위반,건조,맑음,교차로 - 교차로안,승용,남,29세,상해없음,승용,여,27세,경상
2023081300100260,2023년 8월 13일 16시,일요일,대전광역시 서구 내동,경상사고,0,0,1,0,차대차 - 측면충돌,신호위반,건조,맑음,교차로 - 교차로안,승용,남,54세,상해없음,승용,남,46세,경상
2023081300100261,2023년 8월 13일 16시,일요일,대전광역시 유성구 교촌동,경상사고,0,0,2,1,차대차 - 측면충돌,안전거리미확보,건조,맑음,단일로 - 기타,승용,남,81세 이상,경상,승합,남,52세,부상신고
2023081300100302,2023년 8월 13일 18시,일요일,대전광역시 유성구 도룡동,경상사고,0,0,1,0,차대차 - 추돌,신호위반,건조,맑음,기타 - 기타,이륜,남,21세,기타불명,승용,남,61세,경상
2023081300100342,2023년 8월 13일 20시,일요일,대전광역시 대덕구 법동,부상신고사고,0,0,0,1,차대사람 - 횡단중,보행자보호의무위반,건조,맑음,교차로 - 교차로횡단보도내,승용,남,60세,상해없음,보행자,남,12세 이하,부상신고
2023081300100354,2023년 8월 13일 21시,일요일,대전광역시 동구 신흥동,중상사고,0,1,0,0,차대사람 - 횡단중,안전운전불이행,건조,맑음,교차로 - 교차로안,승용,남,35세,상해없음,보행자,여,44세,중상
2023081300100355,2023년 8월 13일 21시,일요일,대전광역시 동구 자양동,경상사고,0,0,1,0,차대차 - 측면충돌,안전운전불이행,건조,맑음,단일로 - 기타,승용,남,38세,상해없음,이륜,남,24세,경상
2023081400100031,2023년 8월 14일 05시,월요일,대전광역시 대덕구 오정동,경상사고,0,0,4,0,차대차 - 측면충돌,안전운전불이행,건조,맑음,기타 - 기타,승용,여,26세,경상,승용,남,69세,경상
2023081400100093,2023년 8월 14일 08시,월요일,대전광역시 중구 대사동,중상사고,0,1,0,0,차대사람 - 차도통행중,안전운전불이행,건조,맑음,단일로 - 기타,승용,남,41세,상해없음,보행자,여,12세 이하,중상
2023081400100094,2023년 8월 14일 08시,월요일,대전광역시 서구 관저동,경상사고,0,0,1,0,차량단독 - 공작물충돌,기타,건조,맑음,단일로 - 기타,승용,남,65세,상해없음,,,,
2023081400100125,2023년 8월 14일 09시,월요일,대전광역시 대덕구 문평동,경상사고,0,0,1,0,차대사람 - 횡단중,안전운전불이행,건조,맑음,교차로 - 교차로횡단보도내,이륜,남,57세,상해없음,보행자,여,53세,경상
2023081400100126,2023년 8월 14일 09시,월요일,대전광역시 유성구 원내동,경상사고,0,0,1,0,차대차 - 기타,신호위반,건조,맑음,기타 - 기타,승용,여,45세,상해없음,승용,남,55세,경상
2023081400100127,2023년 8월 14일 09시,월요일,대전광역시 유성구 봉명동,경상사고,0,0,1,0,차대차 - 추돌,신호위반,건조,맑음,교차로 - 교차로안,승용,여,56세,상해없음,승용,여,63세,경상
2023081400100169,2023년 8월 14일 10시,월요일,대전광역시 동구 신흥동,경상사고,0,0,1,0,차대차 - 측면충돌,신호위반,건조,맑음,교차로 - 교차로횡단보도내,승용,여,50세,상해없음,자전거,여,12세 이하,경상
2023081400100170,2023년 8월 14일 10시,월요일,대전광역시 유성구 봉명동,경상사고,0,0,1,0,차대사람 - 차도통행중,안전운전불이행,건조,맑음,단일로 - 터널,승용,남,76세,상해없음,보행자,여,65세,경상
2023081400100211,2023년 8월 14일 11시,월요일,대전광역시 중구 은행동,중상사고,0,1,1,0,차대차 - 측면충돌,신호위반,건조,맑음,교차로 - 교차로안,원동기,남,72세,중상,화물,남,33세,경상
2023081400100212,2023년 8월 14일 11시,월요일,대전광역시 유성구 봉명동,경상사고,0,0,1,0,차대차 - 기타,안전거리미확보,건조,맑음,교차로 - 교차로부근,승용,여,68세,상해없음,승용,남,33세,경상
2023081400100268,2023년 8월 14일 13시,월요일,대전광역시 유성구 하기동,경상사고,0,0,2,0,차대차 - 측면충돌,안전운전불이행,건조,맑음,단일로 - 기타,승용,남,60세,상해없음,승용,여,60세,경상
2023081400100286,2023년 8월 14일 13시,월요일,대전광역시 서구 도마동,중상사고,0,1,0,0,차대사람 - 기타,보행자보호의무위반,건조,맑음,교차로 - 교차로횡단보도내,승용,남,68세,상해없음,보행자,여,75세,중상
2023081400100287,2023년 8월 14일 13시,월요일,대전광역시 서구 둔산동,경상사고,0,0,4,0,차대차 - 기타,신호위반,건조,맑음,교차로 - 교차로안,승용,남,76세,경상,승용,여,37세,경상
2023081400100327,2023년 8월 14일 14시,월요일,대전광역시 동구 성남동,경상사고,0,0,1,0,차대차 - 측면충돌,신호위반,건조,맑음,교차로 - 교차로안,승용,여,50세,상해없음,승용,남,51세,경상
2023081400100378,2023년 8월 14일 15시,월요일,대전광역시 동구 중동,경상사고,0,0,1,0,차대차 - 측면충돌,신호위반,건조,맑음,교차로 - 교차로안,승용,남,22세,상해없음,승용,남,50세,경상
2023081400100416,2023년 8월 14일 16시,월요일,대전광역시 중구 유천동,경상사고,0,0,1,0,차대차 - 측면충돌,신호위반,건조,맑음,단일로 - 기타,승용,여,39세,상해없음,자전거,여,13세,경상
2023081400100417,2023년 8월 14일 16시,월요일,대전광역시 서구 탄방동,경상사고,0,0,1,0,차대차 - 기타,안전운전불이행,건조,맑음,교차로 - 교차로안,승용,남,68세,상해없음,승용,남,28세,경상
2023081400100418,2023년 8월 14일 16시,월요일,대전광역시 서구 월평동,중상사고,0,1,0,0,차대사람 - 기타,보행자보호의무위반,건조,맑음,교차로 - 교차로안,승용,남,26세,상해없음,보행자,남,56세,중상
2023081400100419,2023년 8월 14일 16시,월요일,대전광역시 서구 월평동,경상사고,0,0,1,0,차대차 - 기타,안전운전불이행,건조,맑음,교차로 - 교차로부근,승용,남,75세,상해없음,승용,남,59세,경상
2023081400100420,2023년 8월 14일 16시,월요일,대전광역시 서구 월평동,경상사고,0,0,2,0,차대차 - 기타,안전운전불이행,건조,맑음,기타 - 기타,승용,여,33세,기타불명,승용,여,55세,경상
2023081400100444,2023년 8월 14일 17시,월요일,대전광역시 대덕구 비래동,중상사고,0,1,0,0,차량단독 - 공작물충돌,안전운전불이행,건조,맑음,단일로 - 교량,승용,여,51세,중상,,,,
2023081400100460,2023년 8월 14일 17시,월요일,대전광역시 동구 가양동,경상사고,0,0,1,1,차대차 - 기타,안전운전불이행,건조,맑음,교차로 - 교차로부근,승용,남,66세,부상신고,승용,남,81세 이상,경상
2023081400100491,2023년 8월 14일 18시,월요일,대전광역시 동구 대성동,경상사고,0,0,5,0,차대차 - 기타,중앙선침범,건조,맑음,단일로 - 기타,승용,남,55세,상해없음,승용,여,29세,경상
2023081400100492,2023년 8월 14일 18시,월요일,대전광역시 동구 성남동,경상사고,0,0,1,0,차대차 - 추돌,안전거리미확보,건조,맑음,교차로 - 교차로부근,승합,남,57세,상해없음,승용,남,32세,경상
2023081400100493,2023년 8월 14일 18시,월요일,대전광역시 서구 도안동,경상사고,0,0,2,0,차대차 - 기타,안전운전불이행,건조,맑음,기타 - 기타,승용,여,44세,상해없음,승용,남,47세,상해없음
2023081400100494,2023년 8월 14일 18시,월요일,대전광역시 대덕구 비래동,경상사고,0,0,5,0,차대차 - 기타,교차로운행방법위반,건조,맑음,교차로 - 교차로안,승용,여,44세,상해없음,승합,남,46세,경상
2023081400100496,2023년 8월 14일 18시,월요일,대전광역시 서구 갈마동,경상사고,0,0,1,0,차대차 - 측면충돌,안전거리미확보,건조,맑음,교차로 - 교차로안,승용,여,50세,상해없음,승용,남,51세,경상
2023081400100497,2023년 8월 14일 18시,월요일,대전광역시 유성구 봉명동,경상사고,0,0,1,0,차대차 - 측면충돌,안전운전불이행,건조,맑음,교차로 - 교차로안,승용,남,71세,상해없음,이륜,남,38세,경상
2023081400100571,2023년 8월 14일 21시,월요일,대전광역시 중구 선화동,경상사고,0,0,3,0,차대차 - 측면충돌,신호위반,건조,맑음,교차로 - 교차로안,원동기,남,27세,경상,승용,여,25세,경상
2023081400100584,2023년 8월 14일 22시,월요일,대전광역시 중구 산성동,경상사고,0,0,1,0,차대차 - 측면충돌,안전운전불이행,건조,맑음,교차로 - 교차로안,승용,여,71세,상해없음,원동기,남,30세,경상
2023081400100601,2023년 8월 14일 23시,월요일,대전광역시 중구 선화동,중상사고,0,1,0,0,차대차 - 측면충돌,신호위반,건조,맑음,교차로 - 교차로안,승용,남,55세,상해없음,원동기,남,41세,중상
2023081500100045,2023년 8월 15일 03시,화요일,대전광역시 서구 갈마동,경상사고,0,0,1,0,차대차 - 기타,기타,건조,맑음,교차로 - 교차로안,승용,남,74세,상해없음,승용,남,58세,상해없음
2023081500100046,2023년 8월 15일 03시,화요일,대전광역시 유성구 봉명동,경상사고,0,0,1,0,차대차 - 추돌,안전운전불이행,건조,흐림,단일로 - 기타,승용,남,29세,상해없음,승용,남,26세,경상
2023081500100052,2023년 8월 15일 04시,화요일,대전광역시 중구 유천동,중상사고,0,1,1,0,차대사람 - 기타,안전운전불이행,건조,맑음,단일로 - 기타,이륜,남,30세,중상,보행자,남,65세,경상
2023081500100112,2023년 8월 15일 09시,화요일,대전광역시 서구 정림동,경상사고,0,0,1,1,차대차 - 측면충돌,안전거리미확보,건조,맑음,단일로 - 기타,화물,남,69세,상해없음,승합,남,59세,상해없음
2023081500100138,2023년 8월 15일 10시,화요일,대전광역시 서구 관저동,경상사고,0,0,1,0,차대사람 - 기타,신호위반,건조,맑음,단일로 - 기타,이륜,남,41세,상해없음,보행자,여,20세,경상
2023081500100139,2023년 8월 15일 10시,화요일,대전광역시 서구 탄방동,경상사고,0,0,2,0,차대차 - 기타,안전운전불이행,건조,맑음,단일로 - 기타,승용,남,59세,상해없음,승용,남,66세,경상
2023081500100171,2023년 8월 15일 11시,화요일,대전광역시 대덕구 석봉동,경상사고,0,0,1,0,차대차 - 후진중충돌,안전운전불이행,건조,맑음,단일로 - 기타,승용,여,49세,상해없음,이륜,남,51세,경상
2023081500100172,2023년 8월 15일 11시,화요일,대전광역시 서구 탄방동,경상사고,0,0,1,0,차대사람 - 길가장자리구역통행중,안전운전불이행,건조,맑음,단일로 - 기타,승용,여,66세,상해없음,보행자,여,30세,경상
2023081500100263,2023년 8월 15일 14시,화요일,대전광역시 동구 정동,경상사고,0,0,4,0,차대차 - 기타,신호위반,건조,맑음,단일로 - 기타,승용,남,33세,상해없음,승용,남,71세,경상
2023081500100294,2023년 8월 15일 15시,화요일,대전광역시 동구 자양동,중상사고,0,1,0,0,차대차 - 기타,안전운전불이행,건조,맑음,교차로 - 교차로안,승용,남,39세,상해없음,자전거,남,63세,중상
2023081500100295,2023년 8월 15일 15시,화요일,대전광역시 유성구 용산동,경상사고,0,0,1,0,차대차 - 후진중충돌,안전운전불이행,건조,맑음,교차로 - 교차로횡단보도내,승용,여,63세,상해없음,승용,남,32세,경상
2023081500100321,2023년 8월 15일 16시,화요일,대전광역시 동구 인동,중상사고,0,1,0,0,차대차 - 측면충돌,신호위반,건조,맑음,교차로 - 교차로안,승용,남,70세,상해없음,이륜,남,51세,중상
2023081500100322,2023년 8월 15일 16시,화요일,대전광역시 동구 인동,경상사고,0,0,1,0,차대사람 - 기타,안전운전불이행,건조,맑음,단일로 - 기타,승용,남,63세,상해없음,보행자,여,23세,경상
2023081500100323,2023년 8월 15일 16시,화요일,대전광역시 서구 둔산동,경상사고,0,0,1,0,차대차 - 기타,안전운전불이행,건조,맑음,단일로 - 기타,승용,남,64세,기타불명,승용,남,59세,경상
2023081500100359,2023년 8월 15일 17시,화요일,대전광역시 서구 관저동,경상사고,0,0,2,0,차대차 - 기타,안전운전불이행,건조,맑음,교차로 - 교차로부근,승용,여,21세,상해없음,승용,여,26세,경상
2023081500100380,2023년 8월 15일 18시,화요일,대전광역시 서구 복수동,경상사고,0,0,1,0,차대차 - 기타,신호위반,건조,맑음,교차로 - 교차로부근,승용,남,43세,상해없음,이륜,남,41세,경상
2023081500100399,2023년 8월 15일 19시,화요일,대전광역시 동구 신상동,경상사고,0,0,2,0,차대차 - 추돌,안전거리미확보,건조,맑음,단일로 - 기타,승용,남,21세,상해없음,승용,남,40세,경상
2023081500100446,2023년 8월 15일 21시,화요일,대전광역시 서구 도마동,중상사고,0,1,0,0,차대차 - 추돌,안전운전불이행,건조,맑음,교차로 - 교차로부근,이륜,남,71세,기타불명,승용,남,61세,상해없음
2023081500100461,2023년 8월 15일 22시,화요일,대전광역시 중구 대흥동,경상사고,0,0,1,0,차대사람 - 기타,신호위반,건조,맑음,교차로 - 교차로안,승용,남,47세,상해없음,보행자,남,53세,경상
2023081500100462,2023년 8월 15일 22시,화요일,대전광역시 중구 사정동,경상사고,0,0,1,0,차대사람 - 기타,교차로운행방법위반,건조,맑음,교차로 - 교차로부근,승용,여,50세,상해없음,보행자,남,59세,경상