사고번호,사고일시,요일,시군구,사고내용,사망자수,중상자수,경상자수,부상신고자수,사고유형,법규위반,노면상태,기상상태,도로형태,가해운전자 차종,가해운전자 성별,가해운전자 연령,가해운전자 상해정도,피해운전자 차종,피해운전자 성별,피해운전자 연령,피해운전자 상해정도
2023081500100476,2023년 8월 15일 23시,화요일,대전광역시 동구 자양동,경상사고,0,0,2,0,차대차 - 측면충돌,신호위반,건조,맑음,교차로 - 교차로안,승용,남,59세,경상,이륜,남,31세,경상
2023081600100031,2023년 8월 16일 05시,수요일,대전광역시 동구 정동,경상사고,0,0,1,0,차대차 - 측면충돌,안전운전불이행,건조,맑음,교차로 - 교차로안,화물,남,48세,상해없음,자전거,남,52세,경상
2023081600100058,2023년 8월 16일 07시,수요일,대전광역시 동구 대성동,경상사고,0,0,2,0,차대차 - 기타,차로위반,건조,맑음,단일로 - 기타,승용,남,29세,상해없음,화물,남,28세,경상
2023081600100094,2023년 8월 16일 08시,수요일,대전광역시 동구 판암동,중상사고,0,1,0,0,차대사람 - 차도통행중,안전운전불이행,건조,맑음,단일로 - 기타,승용,남,79세,상해없음,보행자,여,80세,중상
2023081600100095,2023년 8월 16일 08시,수요일,대전광역시 서구 용문동,경상사고,0,0,2,0,차대차 - 추돌,안전거리미확보,건조,맑음,교차로 - 교차로부근,건설기계,남,68세,상해없음,승용,여,49세,경상
2023081600100096,2023년 8월 16일 08시,수요일,대전광역시 유성구 송강동,중상사고,0,1,0,0,차대차 - 측면충돌,안전거리미확보,건조,맑음,교차로 - 교차로부근,화물,남,54세,기타불명,자전거,남,48세,중상
2023081600100126,2023년 8월 16일 09시,수요일,대전광역시 유성구 화암동,경상사고,0,0,1,0,차대차 - 추돌,안전운전불이행,건조,맑음,기타 - 기타,화물,남,31세,기타불명,승용,여,49세,경상
2023081600100143,2023년 8월 16일 09시,수요일,대전광역시 유성구 봉산동,경상사고,0,0,1,0,차대차 - 측면충돌,안전거리미확보,건조,맑음,단일로 - 기타,화물,남,50세,상해없음,승용,남,37세,경상
2023081600100178,2023년 8월 16일 10시,수요일,대전광역시 서구 도마동,경상사고,0,0,1,0,차대차 - 측면충돌,직진우회전진행방해,건조,맑음,교차로 - 교차로안,화물,남,60세,상해없음,이륜,남,42세,경상
2023081600100179,2023년 8월 16일 10시,수요일,대전광역시 서구 월평동,경상사고,0,0,4,0,차대차 - 정면충돌,중앙선침범,건조,맑음,단일로 - 기타,승용,남,47세,상해없음,승용,남,45세,경상
2023081600100180,2023년 8월 16일 10시,수요일,대전광역시 유성구 관평동,경상사고,0,0,1,0,차대차 - 기타,신호위반,건조,맑음,교차로 - 교차로부근,승용,여,39세,상해없음,승용,남,23세,경상
2023081600100257,2023년 8월 16일 12시,수요일,대전광역시 동구 용전동,경상사고,0,0,1,0,차대차 - 기타,신호위반,건조,맑음,기타 - 기타,승용,남,66세,상해없음,자전거,남,42세,경상
2023081600100258,2023년 8월 16일 12시,수요일,대전광역시 유성구 봉명동,중상사고,0,1,0,0,차대사람 - 횡단중,보행자보호의무위반,건조,맑음,단일로 - 기타,이륜,남,32세,상해없음,보행자,여,63세,중상
2023081600100289,2023년 8월 16일 13시,수요일,대전광역시 서구 도마동,경상사고,0,0,1,0,차대사람 - 기타,안전운전불이행,건조,맑음,단일로 - 기타,승용,여,53세,상해없음,보행자,여,12세 이하,경상
2023081600100290,2023년 8월 16일 13시,수요일,대전광역시 서구 갈마동,경상사고,0,0,1,0,차대사람 - 횡단중,신호위반,건조,맑음,교차로 - 교차로횡단보도내,승용,여,58세,상해없음,보행자,여,25세,경상
2023081600100329,2023년 8월 16일 14시,수요일,대전광역시 중구 대사동,경상사고,0,0,1,0,차대차 - 기타,안전거리미확보,건조,맑음,단일로 - 기타,승용,남,69세,상해없음,승용,여,56세,경상
2023081600100366,2023년 8월 16일 15시,수요일,대전광역시 중구 산성동,경상사고,0,0,1,0,차대차 - 측면충돌,직진우회전진행방해,건조,맑음,교차로 - 교차로안,승용,여,79세,기타불명,승용,남,33세,경상
2023081600100367,2023년 8월 16일 15시,수요일,대전광역시 서구 복수동,경상사고,0,0,1,0,차대차 - 측면충돌,신호위반,건조,맑음,교차로 - 교차로안,승용,남,78세,상해없음,승용,여,48세,경상
2023081600100398,2023년 8월 16일 16시,수요일,대전광역시 동구 삼괴동,중상사고,0,1,1,0,차대차 - 추돌,안전운전불이행,건조,맑음,단일로 - 기타,화물,남,71세,경상,승용,남,43세,중상
2023081600100399,2023년 8월 16일 16시,수요일,대전광역시 서구 복수동,경상사고,0,0,1,0,차대차 - 측면충돌,안전운전불이행,건조,맑음,단일로 - 기타,승용,남,68세,상해없음,승용,여,26세,경상
2023081600100400,2023년 8월 16일 16시,수요일,대전광역시 유성구 봉명동,경상사고,0,0,1,0,차대차 - 기타,안전운전불이행,건조,맑음,기타 - 기타,승용,여,32세,기타불명,이륜,남,65세,경상
2023081600100401,2023년 8월 16일 16시,수요일,대전광역시 유성구 봉명동,경상사고,0,0,1,0,차대차 - 기타,안전운전불이행,건조,맑음,기타 - 기타,승용,남,25세,상해없음,승용,남,69세,경상
2023081600100451,2023년 8월 16일 17시,수요일,대전광역시 서구 둔산동,경상사고,0,0,3,0,차대차 - 추돌,신호위반,건조,맑음,교차로 - 교차로부근,승용,남,64세,기타불명,승용,여,41세,경상
2023081600100452,2023년 8월 16일 17시,수요일,대전광역시 유성구 봉명동,경상사고,0,0,1,0,차대차 - 측면충돌,중앙선침범,건조,맑음,단일로 - 기타,승용,여,71세,상해없음,승용,남,21세,경상
2023081600100453,2023년 8월 16일 17시,수요일,대전광역시 유성구 궁동,경상사고,0,0,2,0,차대차 - 추돌,안전운전불이행,건조,맑음,단일로 - 지하차도(도로)내,승용,남,20세 이하,상해없음,승용,남,26세,상해없음
2023081600100491,2023년 8월 16일 18시,수요일,대전광역시 중구 태평동,경상사고,0,0,1,0,차대차 - 추돌,안전거리미확보,건조,맑음,교차로 - 교차로부근,승용,남,79세,상해없음,이륜,남,22세,경상
2023081600100492,2023년 8월 16일 18시,수요일,대전광역시 중구 대사동,경상사고,0,0,3,0,차대차 - 측면충돌,교차로운행방법위반,건조,맑음,교차로 - 교차로안,승용,남,63세,상해없음,승용,남,29세,경상
2023081600100569,2023년 8월 16일 21시,수요일,대전광역시 대덕구 대화동,경상사고,0,0,3,0,차대차 - 추돌,안전운전불이행,건조,맑음,단일로 - 기타,승용,남,25세,상해없음,승용,여,20세,경상
2023081600100570,2023년 8월 16일 21시,수요일,대전광역시 유성구 신성동,중상사고,0,1,0,0,차대사람 - 횡단중,안전운전불이행,건조,맑음,교차로 - 교차로안,승합,남,53세,상해없음,보행자,여,16세,중상
2023081600100583,2023년 8월 16일 22시,수요일,대전광역시 동구 성남동,경상사고,0,0,1,0,차대사람 - 횡단중,신호위반,건조,맑음,교차로 - 교차로횡단보도내,승용,남,65세,상해없음,보행자,여,63세,경상
2023081700100023,2023년 8월 17일 04시,목요일,대전광역시 중구 대흥동,경상사고,0,0,1,0,차대차 - 측면충돌,신호위반,건조,맑음,교차로 - 교차로안,이륜,남,35세,기타불명,승용,남,56세,경상
2023081700100041,2023년 8월 17일 06시,목요일,대전광역시 대덕구 오정동,경상사고,0,0,1,0,차대차 - 기타,안전거리미확보,건조,맑음,교차로 - 교차로안,승용,남,59세,상해없음,승용,남,39세,경상
2023081700100099,2023년 8월 17일 08시,목요일,대전광역시 동구 가오동,경상사고,0,0,1,0,차대차 - 기타,안전운전불이행,건조,맑음,교차로 - 교차로안,자전거,남,43세,상해없음,승용,여,49세,경상
2023081700100100,2023년 8월 17일 08시,목요일,대전광역시 서구 관저동,경상사고,0,0,1,0,차대차 - 기타,안전운전불이행,건조,맑음,교차로 - 교차로부근,승용,여,52세,상해없음,승용,여,50세,경상
2023081700100129,2023년 8월 17일 09시,목요일,대전광역시 서구 괴정동,경상사고,0,0,2,0,차대차 - 추돌,안전운전불이행,건조,맑음,단일로 - 기타,승용,남,40세,상해없음,화물,남,54세,경상
2023081700100130,2023년 8월 17일 09시,목요일,대전광역시 유성구 관평동,부상신고사고,0,0,0,1,차대사람 - 차도통행중,안전운전불이행,건조,맑음,기타 - 기타,승용,여,53세,상해없음,보행자,남,28세,부상신고
2023081700100131,2023년 8월 17일 09시,목요일,대전광역시 유성구 봉명동,경상사고,0,0,1,0,차대차 - 기타,신호위반,건조,맑음,교차로 - 교차로안,승용,여,39세,상해없음,승용,남,63세,경상
2023081700100162,2023년 8월 17일 10시,목요일,대전광역시 대덕구 신일동,경상사고,0,0,1,1,차대차 - 정면충돌,안전거리미확보,건조,맑음,교차로 - 교차로부근,승용,여,38세,상해없음,승용,남,31세,경상
2023081700100233,2023년 8월 17일 12시,목요일,대전광역시 중구 오류동,경상사고,0,0,1,0,차대차 - 기타,교차로운행방법위반,건조,맑음,교차로 - 교차로부근,승용,남,75세,상해없음,이륜,남,70세,경상
2023081700100330,2023년 8월 17일 15시,목요일,대전광역시 동구 가양동,경상사고,0,0,1,0,차대차 - 측면충돌,안전운전불이행,건조,맑음,교차로 - 교차로안,승용,여,57세,상해없음,자전거,남,14세,경상
2023081700100367,2023년 8월 17일 16시,목요일,대전광역시 중구 대흥동,경상사고,0,0,1,0,차대사람 - 기타,기타,건조,맑음,교차로 - 교차로부근,승용,남,58세,상해없음,보행자,여,78세,경상
2023081700100404,2023년 8월 17일 17시,목요일,대전광역시 중구 사정동,경상사고,0,0,1,0,차대차 - 추돌,안전운전불이행,건조,맑음,단일로 - 기타,화물,남,58세,상해없음,승용,남,52세,경상
2023081700100405,2023년 8월 17일 17시,목요일,대전광역시 서구 가장동,중상사고,0,1,0,0,차대차 - 측면충돌,교차로운행방법위반,건조,맑음,기타 - 기타,승용,남,54세,상해없음,자전거,남,30세,중상
2023081700100487,2023년 8월 17일 19시,목요일,대전광역시 중구 오류동,경상사고,0,0,1,0,차대사람 - 기타,기타,건조,맑음,단일로 - 기타,기타불명,기타불명,미분류,기타불명,보행자,여,26세,경상
2023081700100532,2023년 8월 17일 21시,목요일,대전광역시 서구 변동,사망사고,1,0,0,0,차대사람 - 횡단중,안전운전불이행,건조,맑음,단일로 - 기타,승용,남,31세,상해없음,보행자,여,81세 이상,사망
2023081800100159,2023년 8월 18일 09시,금요일,대전광역시 중구 대흥동,중상사고,0,2,0,0,차대차 - 기타,안전운전불이행,건조,맑음,교차로 - 교차로부근,이륜,남,57세,상해없음,승용,여,40세,중상
2023081800100160,2023년 8월 18일 09시,금요일,대전광역시 서구 갈마동,경상사고,0,0,1,0,차대차 - 기타,안전운전불이행,건조,맑음,교차로 - 교차로안,승용,남,34세,기타불명,승용,여,61세,경상
2023081800100198,2023년 8월 18일 10시,금요일,대전광역시 유성구 화암동,경상사고,0,0,1,0,차대차 - 추돌,안전운전불이행,건조,맑음,단일로 - 기타,화물,남,61세,상해없음,승용,남,40세,경상
2023081800100199,2023년 8월 18일 10시,금요일,대전광역시 유성구 문지동,부상신고사고,0,0,0,1,차대차 - 측면충돌,안전운전불이행,건조,맑음,교차로 - 교차로안,승용,여,57세,상해없음,승용,여,34세,부상신고
2023081800100200,2023년 8월 18일 10시,금요일,대전광역시 유성구 봉명동,경상사고,0,0,1,0,차대사람 - 차도통행중,안전운전불이행,건조,맑음,단일로 - 기타,승용,여,35세,기타불명,보행자,여,28세,경상
2023081800100233,2023년 8월 18일 11시,금요일,대전광역시 동구 대동,경상사고,0,0,1,0,차대사람 - 길가장자리구역통행중,안전운전불이행,건조,맑음,단일로 - 기타,승용,여,43세,상해없음,보행자,남,45세,경상
2023081800100234,2023년 8월 18일 11시,금요일,대전광역시 대덕구 이현동,중상사고,0,1,0,0,차대차 - 정면충돌,중앙선침범,건조,맑음,단일로 - 기타,승용,남,23세,상해없음,화물,남,51세,중상
2023081800100266,2023년 8월 18일 12시,금요일,대전광역시 중구 용두동,사망사고,1,0,0,0,차대차 - 기타,안전운전불이행,건조,맑음,기타 - 기타,승용,남,68세,상해없음,자전거,남,80세,사망
2023081800100267,2023년 8월 18일 12시,금요일,대전광역시 서구 둔산동,경상사고,0,0,1,0,차대차 - 추돌,안전운전불이행,건조,맑음,교차로 - 교차로안,승용,남,38세,상해없음,승용,여,49세,경상
2023081800100300,2023년 8월 18일 13시,금요일,대전광역시 서구 내동,경상사고,0,0,1,0,차대차 - 측면충돌,안전거리미확보,건조,맑음,단일로 - 기타,승용,남,71세,상해없음,승합,여,64세,경상
2023081800100334,2023년 8월 18일 14시,금요일,대전광역시 서구 월평동,경상사고,0,0,1,0,차대차 - 기타,안전운전불이행,건조,맑음,교차로 - 교차로안,승용,여,42세,상해없음,이륜,남,22세,경상
2023081800100358,2023년 8월 18일 15시,금요일,대전광역시 중구 유천동,경상사고,0,0,1,0,차대차 - 추돌,안전운전불이행,건조,맑음,교차로 - 교차로부근,승용,남,66세,상해없음,승용,여,53세,경상
2023081800100359,2023년 8월 18일 15시,금요일,대전광역시 동구 가오동,경상사고,0,0,1,0,차대차 - 추돌,안전운전불이행,건조,맑음,단일로 - 기타,이륜,남,52세,상해없음,승용,남,26세,경상
2023081800100402,2023년 8월 18일 16시,금요일,대전광역시 중구 산성동,경상사고,0,0,1,0,차대차 - 기타,중앙선침범,건조,맑음,단일로 - 기타,승용,남,71세,상해없음,이륜,남,27세,경상
2023081800100403,2023년 8월 18일 16시,금요일,대전광역시 대덕구 석봉동,경상사고,0,0,1,0,차대차 - 측면충돌,안전운전불이행,건조,맑음,교차로 - 교차로부근,승용,남,53세,상해없음,승용,남,29세,경상
2023081800100404,2023년 8월 18일 16시,금요일,대전광역시 서구 둔산동,경상사고,0,0,2,0,차대차 - 기타,안전운전불이행,건조,맑음,교차로 - 교차로안,승용,남,52세,상해없음,승용,남,49세,경상
2023081800100405,2023년 8월 18일 16시,금요일,대전광역시 유성구 장대동,경상사고,0,0,1,0,차대차 - 정면충돌,안전운전불이행,건조,맑음,교차로 - 교차로안,승용,남,30세,상해없음,승용,여,42세,경상
2023081800100464,2023년 8월 18일 17시,금요일,대전광역시 대덕구 신대동,경상사고,0,0,1,0,차대차 - 추돌,안전거리미확보,건조,맑음,단일로 - 기타,승용,남,53세,상해없음,승용,남,30세,경상
2023081800100520,2023년 8월 18일 18시,금요일,대전광역시 서구 갈마동,경상사고,0,0,1,0,차대차 - 측면충돌,안전거리미확보,건조,맑음,기타 - 기타,승용,여,60세,기타불명,승용,여,27세,경상
2023081800100554,2023년 8월 18일 19시,금요일,대전광역시 대덕구 신탄진동,중상사고,0,1,0,0,차대차 - 기타,신호위반,건조,맑음,교차로 - 교차로안,승용,여,48세,상해없음,승용,남,52세,상해없음
2023081800100555,2023년 8월 18일 19시,금요일,대전광역시 유성구 구암동,경상사고,0,0,1,0,차대차 - 기타,안전운전불이행,건조,맑음,기타 - 기타,승용,여,39세,상해없음,화물,남,63세,경상
2023081800100597,2023년 8월 18일 20시,금요일,대전광역시 중구 옥계동,경상사고,0,0,1,0,차대차 - 측면충돌,안전거리미확보,건조,맑음,단일로 - 기타,승용,남,24세,상해없음,승용,남,67세,경상
2023081800100598,2023년 8월 18일 20시,금요일,대전광역시 서구 만년동,경상사고,0,0,1,0,차대차 - 측면충돌,안전거리미확보,건조,맑음,단일로 - 교량,승용,여,24세,상해없음,이륜,남,49세,경상
2023081800100628,2023년 8월 18일 21시,금요일,대전광역시 중구 용두동,경상사고,0,0,1,1,차대차 - 추돌,안전운전불이행,건조,맑음,단일로 - 기타,승용,남,67세,상해없음,승용,남,60세,경상
2023081800100650,2023년 8월 18일 22시,금요일,대전광역시 서구 도안동,경상사고,0,0,1,0,차대차 - 기타,안전운전불이행,건조,맑음,단일로 - 기타,화물,여,31세,상해없음,이륜,남,51세,경상
2023081900100091,2023년 8월 19일 08시,토요일,대전광역시 동구 성남동,경상사고,0,0,1,1,차대차 - 추돌,안전운전불이행,건조,맑음,단일로 - 기타,승용,남,34세,상해없음,승용,남,59세,경상
2023081900100140,2023년 8월 19일 10시,토요일,대전광역시 유성구 화암동,경상사고,0,0,4,0,차대차 - 추돌,안전운전불이행,건조,맑음,단일로 - 기타,승용,남,31세,상해없음,승용,남,45세,경상
2023081900100229,2023년 8월 19일 12시,토요일,대전광역시 대덕구 중리동,경상사고,0,0,1,0,차대차 - 기타,안전운전불이행,건조,맑음,기타 - 기타,승용,남,63세,상해없음,승용,남,28세,경상
2023081900100260,2023년 8월 19일 13시,토요일,대전광역시 동구 소제동,경상사고,0,0,1,0,차대차 - 기타,신호위반,건조,맑음,교차로 - 교차로안,승합,남,27세,상해없음,승용,남,30세,경상
2023081900100291,2023년 8월 19일 14시,토요일,대전광역시 동구 중동,경상사고,0,0,1,0,차대차 - 기타,차로위반,건조,맑음,단일로 - 기타,승용,남,54세,상해없음,승용,남,55세,상해없음
2023081900100292,2023년 8월 19일 14시,토요일,대전광역시 서구 둔산동,경상사고,0,0,1,0,차대차 - 추돌,안전운전불이행,건조,맑음,단일로 - 기타,승용,남,36세,상해없음,승합,남,58세,경상
2023081900100352,2023년 8월 19일 16시,토요일,대전광역시 서구 용문동,경상사고,0,0,1,0,차대차 - 기타,안전거리미확보,건조,맑음,단일로 - 교량,승용,남,57세,상해없음,승용,남,47세,경상
2023081900100383,2023년 8월 19일 17시,토요일,대전광역시 서구 매노동,경상사고,0,0,1,0,차대차 - 추돌,안전운전불이행,건조,맑음,교차로 - 교차로부근,승용,여,58세,상해없음,승용,여,56세,경상
2023081900100422,2023년 8월 19일 18시,토요일,대전광역시 서구 둔산동,경상사고,0,0,1,0,차대차 - 추돌,안전운전불이행,건조,맑음,교차로 - 교차로부근,승용,여,29세,상해없음,승용,남,33세,경상
2023081900100423,2023년 8월 19일 18시,토요일,대전광역시 유성구 궁동,경상사고,0,0,1,0,차대차 - 측면충돌,안전거리미확보,건조,맑음,단일로 - 기타,승용,남,71세,기타불명,승용,여,50세,경상
2023081900100470,2023년 8월 19일 20시,토요일,대전광역시 중구 옥계동,경상사고,0,0,2,0,차대차 - 측면충돌,신호위반,건조,맑음,교차로 - 교차로안,사륜오토바이(ATV),남,58세,기타불명,승합,남,58세,경상
2023081900100471,2023년 8월 19일 20시,토요일,대전광역시 서구 갈마동,경상사고,0,0,1,0,차대차 - 기타,안전운전불이행,건조,맑음,교차로 - 교차로안,승용,남,66세,기타불명,이륜,남,31세,경상
2023081900100529,2023년 8월 19일 23시,토요일,대전광역시 중구 대흥동,경상사고,0,0,5,0,차대차 - 측면충돌,신호위반,건조,맑음,교차로 - 교차로안,승용,남,45세,상해없음,승용,남,47세,경상
2023082000100022,2023년 8월 20일 01시,일요일,대전광역시 중구 용두동,경상사고,0,0,2,0,차대차 - 측면충돌,교차로운행방법위반,건조,맑음,교차로 - 교차로안,화물,남,54세,상해없음,승용,남,19세,경상
2023082000100047,2023년 8월 20일 05시,일요일,대전광역시 서구 둔산동,경상사고,0,0,2,0,차대차 - 기타,안전운전불이행,건조,맑음,단일로 - 기타,승용,남,34세,상해없음,승용,남,24세,경상
2023082000100065,2023년 8월 20일 08시,일요일,대전광역시 서구 변동,경상사고,0,0,3,0,차대차 - 측면충돌,교차로운행방법위반,건조,맑음,교차로 - 교차로안,승용,남,34세,기타불명,승용,남,62세,경상
2023082000100066,2023년 8월 20일 08시,일요일,대전광역시 서구 도마동,경상사고,0,0,1,0,차대차 - 기타,안전운전불이행,건조,맑음,교차로 - 교차로부근,승용,여,55세,상해없음,이륜,남,54세,경상
2023082000100122,2023년 8월 20일 11시,일요일,대전광역시 서구 내동,경상사고,0,0,2,0,차대차 - 추돌,안전운전불이행,건조,맑음,단일로 - 기타,승용,여,61세,상해없음,승용,남,73세,경상
2023082000100123,2023년 8월 20일 11시,일요일,대전광역시 대덕구 중리동,경상사고,0,0,1,0,차대차 - 측면충돌,안전운전불이행,건조,맑음,단일로 - 기타,승용,여,48세,상해없음,자전거,남,68세,경상
2023082000100124,2023년 8월 20일 11시,일요일,대전광역시 대덕구 오정동,경상사고,0,0,1,0,차대차 - 후진중충돌,안전운전불이행,건조,맑음,단일로 - 지하차도(도로)내,승용,남,49세,상해없음,이륜,남,33세,경상
2023082000100180,2023년 8월 20일 13시,일요일,대전광역시 유성구 노은동,경상사고,0,0,1,3,차대차 - 추돌,안전운전불이행,건조,맑음,단일로 - 터널,승용,남,61세,상해없음,승용,남,40세,경상
2023082000100253,2023년 8월 20일 15시,일요일,대전광역시 서구 괴곡동,중상사고,0,1,0,0,차대차 - 측면충돌,교차로운행방법위반,건조,맑음,교차로 - 교차로부근,이륜,남,20세 이하,상해없음,이륜,남,17세,중상
2023082000100355,2023년 8월 20일 19시,일요일,대전광역시 서구 괴정동,중상사고,0,1,0,0,차대차 - 기타,교차로운행방법위반,건조,맑음,교차로 - 교차로안,승용,남,73세,상해없음,이륜,남,52세,중상
2023082000100356,2023년 8월 20일 19시,일요일,대전광역시 서구 탄방동,경상사고,0,0,1,0,차대차 - 기타,안전거리미확보,건조,맑음,단일로 - 기타,승용,남,34세,상해없음,이륜,남,38세,경상
2023082000100383,2023년 8월 20일 20시,일요일,대전광역시 유성구 궁동,경상사고,0,0,1,0,차대차 - 측면충돌,안전운전불이행,건조,맑음,단일로 - 기타,승용,여,25세,상해없음,이륜,남,38세,경상
2023082000100399,2023년 8월 20일 21시,일요일,대전광역시 대덕구 송촌동,경상사고,0,0,1,0,차대차 - 후진중충돌,안전운전불이행,건조,맑음,교차로 - 교차로안,승용,남,49세,상해없음,승용,남,49세,경상
2023082000100400,2023년 8월 20일 21시,일요일,대전광역시 유성구 반석동,중상사고,0,1,0,0,차대사람 - 기타,안전운전불이행,건조,맑음,기타 - 기타,승용,여,47세,상해없음,보행자,남,42세,중상
2023082000100420,2023년 8월 20일 22시,일요일,대전광역시 서구 도안동,중상사고,0,1,0,0,차대사람 - 기타,안전운전불이행,건조,맑음,교차로 - 교차로부근,승용,남,23세,상해없음,보행자,여,58세,중상
2023082100100037,2023년 8월 21일 05시,월요일,대전광역시 중구 대사동,경상사고,0,0,2,0,차대차 - 기타,신호위반,건조,맑음,교차로 - 교차로안,승용,남,67세,상해없음,승용,남,73세,경상
2023082100100077,2023년 8월 21일 07시,월요일,대전광역시 중구 대사동,경상사고,0,0,1,0,차대차 - 측면충돌,안전운전불이행,건조,맑음,교차로 - 교차로안,승합,남,46세,상해없음,승용,여,26세,경상
2023082100100078,2023년 8월 21일 07시,월요일,대전광역시 유성구 장대동,경상사고,0,0,3,0,차대차 - 측면충돌,안전운전불이행,건조,맑음,단일로 - 기타,승용,남,23세,상해없음,승용,남,56세,경상
2023082100100158,2023년 8월 21일 09시,월요일,대전광역시 중구 은행동,경상사고,0,0,1,0,차대차 - 기타,안전운전불이행,건조,맑음,교차로 - 교차로안,승용,남,22세,상해없음,승용,남,30세,경상
2023082100100159,2023년 8월 21일 09시,월요일,대전광역시 동구 가양동,경상사고,0,0,1,0,차대사람 - 횡단중,안전운전불이행,건조,맑음,교차로 - 교차로횡단보도내,승용,남,39세,상해없음,보행자,남,70세,경상
2023082100100197,2023년 8월 21일 10시,월요일,대전광역시 유성구 원내동,경상사고,0,0,1,0,차대차 - 측면충돌,신호위반,건조,맑음,교차로 - 교차로안,화물,남,62세,상해없음,승용,여,48세,경상
2023082100100236,2023년 8월 21일 11시,월요일,대전광역시 중구 안영동,경상사고,0,0,1,0,차량단독 - 기타,안전운전불이행,건조,맑음,단일로 - 기타,승합,남,66세,상해없음,,,,
2023082100100278,2023년 8월 21일 12시,월요일,대전광역시 동구 자양동,경상사고,0,0,2,0,차대차 - 후진중충돌,안전운전불이행,건조,맑음,단일로 - 기타,승용,남,27세,상해없음,승용,남,18세,경상
2023082100100279,2023년 8월 21일 12시,월요일,대전광역시 서구 월평동,경상사고,0,0,1,0,차대차 - 기타,안전운전불이행,건조,맑음,단일로 - 기타,이륜,남,20세 이하,상해없음,승용,남,30세,경상
2023082100100349,2023년 8월 21일 14시,월요일,대전광역시 중구 용두동,경상사고,0,0,1,0,차대차 - 기타,안전거리미확보,건조,맑음,단일로 - 기타,승용,남,70세,상해없음,승용,남,28세,경상
2023082100100379,2023년 8월 21일 15시,월요일,대전광역시 서구 둔산동,경상사고,0,0,1,0,차대차 - 측면충돌,안전거리미확보,건조,맑음,단일로 - 기타,승용,남,73세,상해없음,승용,남,28세,경상
2023082100100380,2023년 8월 21일 15시,월요일,대전광역시 유성구 궁동,경상사고,0,0,1,0,차대차 - 추돌,신호위반,건조,맑음,기타 - 기타,승용,여,70세,상해없음,승용,남,32세,경상
2023082100100420,2023년 8월 21일 16시,월요일,대전광역시 동구 용전동,경상사고,0,0,1,0,차대차 - 측면충돌,신호위반,건조,맑음,교차로 - 교차로안,승용,남,28세,상해없음,원동기,남,67세,경상
2023082100100421,2023년 8월 21일 16시,월요일,대전광역시 서구 탄방동,경상사고,0,0,1,0,차대차 - 기타,안전운전불이행,건조,맑음,기타 - 기타,승용,여,58세,기타불명,승용,남,38세,경상
2023082100100422,2023년 8월 21일 16시,월요일,대전광역시 유성구 하기동,경상사고,0,0,1,0,차대차 - 측면충돌,교차로운행방법위반,건조,맑음,교차로 - 교차로부근,건설기계,남,51세,기타불명,승용,여,54세,경상
2023082100100471,2023년 8월 21일 17시,월요일,대전광역시 중구 오류동,중상사고,0,1,8,0,차대차 - 기타,안전거리미확보,건조,맑음,단일로 - 기타,승용,여,53세,상해없음,승합,남,40세,경상
2023082100100472,2023년 8월 21일 17시,월요일,대전광역시 서구 둔산동,경상사고,0,0,1,0,차대사람 - 횡단중,안전운전불이행,건조,맑음,교차로 - 교차로횡단보도내,승용,여,47세,상해없음,보행자,여,12세 이하,경상
2023082100100520,2023년 8월 21일 18시,월요일,대전광역시 대덕구 중리동,경상사고,0,0,1,0,차대차 - 기타,직진우회전진행방해,건조,맑음,교차로 - 교차로안,승용,남,62세,상해없음,이륜,남,58세,경상
2023082100100597,2023년 8월 21일 21시,월요일,대전광역시 서구 탄방동,경상사고,0,0,3,0,차대차 - 추돌,안전거리미확보,건조,맑음,교차로 - 교차로부근,승합,남,56세,상해없음,승합,남,59세,상해없음
2023082200100010,2023년 8월 22일 00시,화요일,대전광역시 서구 둔산동,경상사고,0,0,1,0,차대사람 - 횡단중,보행자보호의무위반,건조,맑음,교차로 - 교차로안,승용,남,25세,상해없음,보행자,여,33세,경상
2023082200100122,2023년 8월 22일 08시,화요일,대전광역시 동구 대성동,경상사고,0,0,1,0,차대차 - 추돌,안전운전불이행,건조,맑음,교차로 - 교차로부근,화물,남,26세,상해없음,승용,남,61세,경상
2023082200100123,2023년 8월 22일 08시,화요일,대전광역시 유성구 교촌동,경상사고,0,0,1,0,차대차 - 정면충돌,안전거리미확보,건조,맑음,단일로 - 기타,승용,여,42세,상해없음,승용,여,28세,경상
2023082200100185,2023년 8월 22일 10시,화요일,대전광역시 유성구 봉명동,경상사고,0,0,1,0,차대차 - 측면충돌,안전운전불이행,건조,맑음,단일로 - 기타,승용,여,30세,상해없음,승용,남,37세,경상
2023082200100213,2023년 8월 22일 11시,화요일,대전광역시 서구 갈마동,중상사고,0,1,0,0,차대사람 - 기타,안전운전불이행,건조,맑음,교차로 - 교차로횡단보도내,화물,남,61세,기타불명,보행자,여,74세,중상
2023082200100214,2023년 8월 22일 11시,화요일,대전광역시 유성구 봉산동,부상신고사고,0,0,0,1,차대차 - 기타,안전운전불이행,건조,맑음,기타 - 기타,화물,남,35세,상해없음,이륜,남,65세,부상신고
2023082200100281,2023년 8월 22일 13시,화요일,대전광역시 중구 산성동,경상사고,0,0,2,0,차대차 - 측면충돌,안전운전불이행,건조,맑음,단일로 - 기타,승용,여,62세,상해없음,승용,남,39세,경상