사고번호,사고일시,요일,시군구,사고내용,사망자수,중상자수,경상자수,부상신고자수,사고유형,법규위반,노면상태,기상상태,도로형태,가해운전자 차종,가해운전자 성별,가해운전자 연령,가해운전자 상해정도,피해운전자 차종,피해운전자 성별,피해운전자 연령,피해운전자 상해정도
2023090400100079,2023년 9월 4일 07시,월요일,대전광역시 유성구 구암동,경상사고,0,0,2,0,차대차 - 기타,안전거리미확보,건조,맑음,단일로 - 기타,승용,남,69세,상해없음,승합,남,53세,경상
2023090400100130,2023년 9월 4일 08시,월요일,대전광역시 유성구 궁동,경상사고,0,0,2,0,차대차 - 기타,안전운전불이행,건조,맑음,기타 - 기타,승용,남,38세,경상,승용,여,49세,경상
2023090400100162,2023년 9월 4일 09시,월요일,대전광역시 대덕구 오정동,경상사고,0,0,1,0,차대차 - 측면충돌,신호위반,건조,맑음,단일로 - 기타,승용,여,66세,상해없음,승합,남,61세,경상
2023090400100163,2023년 9월 4일 09시,월요일,대전광역시 서구 갈마동,경상사고,0,0,1,0,차대차 - 기타,기타,건조,맑음,기타 - 기타,이륜,남,63세,상해없음,자전거,남,60세,경상
2023090400100164,2023년 9월 4일 09시,월요일,대전광역시 유성구 도룡동,경상사고,0,0,1,0,차대차 - 추돌,안전운전불이행,건조,맑음,교차로 - 교차로안,승용,남,36세,상해없음,승용,남,36세,경상
2023090400100231,2023년 9월 4일 11시,월요일,대전광역시 동구 판암동,경상사고,0,0,1,0,차대차 - 기타,안전운전불이행,건조,맑음,단일로 - 기타,승용,남,30세,상해없음,이륜,남,64세,경상
2023090400100232,2023년 9월 4일 11시,월요일,대전광역시 서구 둔산동,경상사고,0,0,1,0,차대사람 - 기타,보행자보호의무위반,건조,맑음,교차로 - 교차로횡단보도내,승용,여,29세,상해없음,보행자,여,70세,경상
2023090400100233,2023년 9월 4일 11시,월요일,대전광역시 유성구 어은동,경상사고,0,0,1,0,차대차 - 측면충돌,안전운전불이행,건조,맑음,단일로 - 기타,자전거,여,23세,상해없음,이륜,남,51세,경상
2023090400100268,2023년 9월 4일 12시,월요일,대전광역시 유성구 봉명동,중상사고,0,1,2,0,차대차 - 추돌,안전운전불이행,건조,맑음,단일로 - 기타,승용,남,73세,상해없음,승합,남,59세,경상
2023090400100325,2023년 9월 4일 14시,월요일,대전광역시 서구 도안동,경상사고,0,0,1,0,차대차 - 기타,중앙선침범,건조,맑음,단일로 - 기타,승용,남,50세,상해없음,이륜,남,40세,경상
2023090400100364,2023년 9월 4일 15시,월요일,대전광역시 중구 대사동,경상사고,0,0,1,0,차량단독 - 기타,안전운전불이행,건조,맑음,단일로 - 기타,승합,남,53세,상해없음,,,,
2023090400100365,2023년 9월 4일 15시,월요일,대전광역시 동구 대동,경상사고,0,0,1,0,차대차 - 기타,안전운전불이행,건조,맑음,교차로 - 교차로부근,화물,남,61세,상해없음,승용,여,56세,경상
2023090400100444,2023년 9월 4일 17시,월요일,대전광역시 서구 도안동,경상사고,0,0,1,0,차대차 - 기타,안전운전불이행,건조,맑음,단일로 - 기타,승용,남,28세,상해없음,개인형이동수단(PM),여,19세,경상
2023090400100445,2023년 9월 4일 17시,월요일,대전광역시 대덕구 읍내동,경상사고,0,0,1,0,차대차 - 추돌,안전운전불이행,건조,맑음,단일로 - 기타,화물,남,25세,상해없음,승용,여,45세,경상
2023090400100496,2023년 9월 4일 18시,월요일,대전광역시 중구 목동,경상사고,0,0,1,0,차대차 - 기타,안전거리미확보,건조,맑음,단일로 - 기타,승용,남,35세,상해없음,승용,남,34세,경상
2023090400100497,2023년 9월 4일 18시,월요일,대전광역시 대덕구 중리동,중상사고,0,1,0,0,차대차 - 측면충돌,신호위반,건조,맑음,교차로 - 교차로안,승용,여,29세,상해없음,이륜,남,53세,중상
2023090400100591,2023년 9월 4일 21시,월요일,대전광역시 중구 중촌동,경상사고,0,0,1,0,차대차 - 측면충돌,교차로운행방법위반,건조,맑음,교차로 - 교차로안,승용,여,60세,상해없음,승용,남,26세,경상
2023090400100592,2023년 9월 4일 21시,월요일,대전광역시 대덕구 문평동,중상사고,0,1,0,0,차대차 - 추돌,기타,건조,맑음,단일로 - 기타,승용,남,21세,상해없음,승용,여,31세,중상
2023090400100609,2023년 9월 4일 22시,월요일,대전광역시 대덕구 덕암동,경상사고,0,0,1,0,차대차 - 기타,안전운전불이행,건조,맑음,단일로 - 기타,기타불명,기타불명,미분류,기타불명,개인형이동수단(PM),남,29세,경상
2023090400100610,2023년 9월 4일 22시,월요일,대전광역시 서구 탄방동,경상사고,0,0,1,0,차대차 - 기타,안전운전불이행,건조,맑음,교차로 - 교차로부근,승용,남,32세,기타불명,자전거,남,47세,경상
2023090400100624,2023년 9월 4일 23시,월요일,대전광역시 유성구 자운동,중상사고,0,1,0,0,차대차 - 측면충돌,신호위반,건조,맑음,교차로 - 교차로안,승용,남,46세,상해없음,승용,남,66세,중상
2023090500100070,2023년 9월 5일 06시,화요일,대전광역시 대덕구 목상동,경상사고,0,0,1,0,차량단독 - 기타,안전운전불이행,건조,맑음,단일로 - 기타,승용,남,42세,경상,,,,
2023090500100102,2023년 9월 5일 07시,화요일,대전광역시 중구 부사동,경상사고,0,0,1,0,차대사람 - 기타,안전운전불이행,건조,맑음,단일로 - 기타,승용,남,58세,상해없음,보행자,남,16세,경상
2023090500100149,2023년 9월 5일 08시,화요일,대전광역시 중구 유천동,중상사고,0,1,2,0,차대차 - 기타,신호위반,건조,맑음,교차로 - 교차로안,승용,여,65세,중상,승용,여,43세,경상
2023090500100150,2023년 9월 5일 08시,화요일,대전광역시 대덕구 오정동,경상사고,0,0,2,0,차대차 - 기타,안전운전불이행,건조,맑음,교차로 - 교차로안,승용,여,31세,상해없음,승용,남,30세,경상
2023090500100170,2023년 9월 5일 09시,화요일,대전광역시 서구 가수원동,중상사고,0,3,1,5,차대차 - 추돌,안전거리미확보,건조,맑음,단일로 - 기타,승용,남,50세,경상,승용,여,46세,부상신고
2023090500100186,2023년 9월 5일 09시,화요일,대전광역시 유성구 봉명동,경상사고,0,0,1,0,차대사람 - 횡단중,안전운전불이행,건조,맑음,교차로 - 교차로부근,기타불명,기타불명,미분류,기타불명,보행자,남,68세,경상
2023090500100224,2023년 9월 5일 10시,화요일,대전광역시 서구 가수원동,경상사고,0,0,1,0,차대차 - 측면충돌,안전운전불이행,건조,맑음,교차로 - 교차로부근,승용,남,57세,상해없음,승용,남,69세,경상
2023090500100295,2023년 9월 5일 12시,화요일,대전광역시 동구 소제동,경상사고,0,0,1,0,차대차 - 측면충돌,안전운전불이행,건조,맑음,교차로 - 교차로안,승용,남,59세,상해없음,승용,남,25세,경상
2023090500100328,2023년 9월 5일 13시,화요일,대전광역시 유성구 송강동,경상사고,0,0,3,0,차대차 - 기타,안전운전불이행,건조,기타,기타 - 기타,승용,여,73세,상해없음,승용,여,46세,경상
2023090500100396,2023년 9월 5일 15시,화요일,대전광역시 서구 둔산동,경상사고,0,0,1,0,차대차 - 측면충돌,안전운전불이행,건조,맑음,교차로 - 교차로안,이륜,남,44세,기타불명,승용,여,50세,경상
2023090500100431,2023년 9월 5일 16시,화요일,대전광역시 중구 중촌동,중상사고,0,1,2,0,차대차 - 기타,기타,건조,맑음,교차로 - 교차로안,승용,남,72세,상해없음,승용,여,33세,경상
2023090500100432,2023년 9월 5일 16시,화요일,대전광역시 유성구 관평동,경상사고,0,0,2,0,차대차 - 기타,안전운전불이행,건조,맑음,기타 - 기타,승용,남,27세,기타불명,승용,남,59세,경상
2023090500100485,2023년 9월 5일 17시,화요일,대전광역시 동구 용운동,경상사고,0,0,1,0,차대차 - 정면충돌,안전운전불이행,건조,맑음,단일로 - 기타,승합,남,64세,상해없음,이륜,남,47세,경상
2023090500100486,2023년 9월 5일 17시,화요일,대전광역시 대덕구 대화동,경상사고,0,0,1,0,차대차 - 기타,안전운전불이행,건조,맑음,교차로 - 교차로안,승용,남,64세,상해없음,화물,남,58세,경상
2023090500100544,2023년 9월 5일 18시,화요일,대전광역시 중구 오류동,부상신고사고,0,0,0,1,차대차 - 기타,안전운전불이행,건조,맑음,교차로 - 교차로안,개인형이동수단(PM),여,20세 이하,부상신고,기타불명,기타불명,미분류,기타불명
2023090500100545,2023년 9월 5일 18시,화요일,대전광역시 서구 탄방동,경상사고,0,0,1,0,차대사람 - 기타,안전운전불이행,건조,맑음,단일로 - 기타,승용,여,48세,상해없음,보행자,여,22세,경상
2023090500100546,2023년 9월 5일 18시,화요일,대전광역시 서구 둔산동,경상사고,0,0,1,0,차대차 - 추돌,안전운전불이행,건조,맑음,교차로 - 교차로안,승용,여,65세,상해없음,승용,남,41세,경상
2023090500100583,2023년 9월 5일 19시,화요일,대전광역시 서구 용문동,경상사고,0,0,2,0,차대차 - 추돌,안전운전불이행,건조,맑음,단일로 - 기타,승용,남,34세,상해없음,승용,여,56세,경상
2023090500100584,2023년 9월 5일 19시,화요일,대전광역시 서구 관저동,중상사고,0,1,0,0,차대차 - 기타,중앙선침범,건조,맑음,교차로 - 교차로부근,승용,남,38세,상해없음,이륜,남,30세,중상
2023090500100585,2023년 9월 5일 19시,화요일,대전광역시 서구 갈마동,경상사고,0,0,1,0,차대사람 - 횡단중,보행자보호의무위반,건조,맑음,교차로 - 교차로횡단보도내,승용,남,50세,상해없음,보행자,남,39세,경상
2023090500100613,2023년 9월 5일 20시,화요일,대전광역시 서구 도마동,경상사고,0,0,1,0,차대차 - 기타,안전거리미확보,건조,맑음,단일로 - 기타,승용,여,20세 이하,상해없음,승용,남,32세,경상
2023090500100656,2023년 9월 5일 22시,화요일,대전광역시 서구 둔산동,경상사고,0,0,1,0,차대차 - 기타,안전운전불이행,건조,맑음,교차로 - 교차로안,원동기,남,26세,기타불명,승용,남,60세,경상
2023090500100657,2023년 9월 5일 22시,화요일,대전광역시 유성구 장대동,경상사고,0,0,1,0,차대차 - 기타,신호위반,건조,맑음,교차로 - 교차로안,승용,남,26세,상해없음,승용,남,58세,경상
2023090600100081,2023년 9월 6일 07시,수요일,대전광역시 대덕구 오정동,경상사고,0,0,1,0,차대사람 - 차도통행중,안전운전불이행,건조,맑음,기타 - 기타,승용,여,69세,상해없음,보행자,여,77세,경상
2023090600100174,2023년 9월 6일 09시,수요일,대전광역시 서구 도마동,중상사고,0,1,1,0,차대차 - 기타,신호위반,건조,맑음,교차로 - 교차로안,화물,남,52세,상해없음,승용,남,63세,중상
2023090600100197,2023년 9월 6일 10시,수요일,대전광역시 대덕구 송촌동,경상사고,0,0,3,0,차대차 - 기타,중앙선침범,건조,맑음,교차로 - 교차로부근,승용,여,24세,상해없음,승용,남,26세,경상
2023090600100245,2023년 9월 6일 12시,수요일,대전광역시 대덕구 송촌동,경상사고,0,0,3,0,차대차 - 추돌,안전운전불이행,건조,맑음,단일로 - 기타,승용,남,36세,상해없음,화물,남,36세,경상
2023090600100258,2023년 9월 6일 12시,수요일,대전광역시 서구 탄방동,중상사고,0,1,0,0,차대차 - 기타,교차로운행방법위반,건조,맑음,교차로 - 교차로안,자전거,남,79세,중상,승용,남,72세,상해없음
2023090600100288,2023년 9월 6일 13시,수요일,대전광역시 유성구 전민동,경상사고,0,0,1,0,차대사람 - 횡단중,보행자보호의무위반,건조,맑음,교차로 - 교차로부근,승용,남,30세,상해없음,보행자,여,12세 이하,경상
2023090600100361,2023년 9월 6일 15시,수요일,대전광역시 서구 가수원동,경상사고,0,0,1,0,차대차 - 기타,안전운전불이행,건조,맑음,단일로 - 기타,화물,남,58세,상해없음,개인형이동수단(PM),남,29세,경상
2023090600100408,2023년 9월 6일 16시,수요일,대전광역시 동구 용전동,경상사고,0,0,1,0,차대차 - 측면충돌,신호위반,건조,맑음,교차로 - 교차로안,승용,남,68세,상해없음,승용,남,25세,경상
2023090600100409,2023년 9월 6일 16시,수요일,대전광역시 유성구 학하동,경상사고,0,0,2,0,차대차 - 측면충돌,교차로운행방법위반,건조,맑음,교차로 - 교차로안,승용,남,31세,상해없음,승용,여,40세,경상
2023090600100458,2023년 9월 6일 17시,수요일,대전광역시 동구 가양동,경상사고,0,0,4,0,차대차 - 측면충돌,차로위반,건조,맑음,단일로 - 기타,승용,여,55세,상해없음,승용,여,63세,경상
2023090600100459,2023년 9월 6일 17시,수요일,대전광역시 대덕구 비래동,경상사고,0,0,1,0,차대차 - 추돌,안전운전불이행,건조,맑음,교차로 - 교차로안,승용,남,31세,상해없음,승용,남,50세,경상
2023090600100460,2023년 9월 6일 17시,수요일,대전광역시 대덕구 중리동,경상사고,0,0,1,0,차대차 - 기타,중앙선침범,건조,맑음,기타 - 기타,승합,남,47세,기타불명,이륜,남,38세,경상
2023090600100508,2023년 9월 6일 18시,수요일,대전광역시 서구 둔산동,중상사고,0,1,0,0,차량단독 - 기타,안전운전불이행,건조,맑음,기타 - 기타,승합,남,59세,상해없음,,,,
2023090600100549,2023년 9월 6일 19시,수요일,대전광역시 서구 탄방동,중상사고,0,1,0,0,차대차 - 기타,안전운전불이행,건조,맑음,교차로 - 교차로부근,개인형이동수단(PM),남,20세 이하,상해없음,자전거,여,57세,중상
2023090600100578,2023년 9월 6일 20시,수요일,대전광역시 서구 갈마동,경상사고,0,0,1,0,차대차 - 후진중충돌,안전운전불이행,건조,맑음,교차로 - 교차로부근,화물,남,64세,상해없음,이륜,남,32세,경상
2023090600100603,2023년 9월 6일 21시,수요일,대전광역시 유성구 노은동,경상사고,0,0,1,0,차대사람 - 기타,신호위반,건조,맑음,교차로 - 교차로부근,화물,남,41세,상해없음,보행자,남,17세,경상
2023090600100624,2023년 9월 6일 22시,수요일,대전광역시 동구 가오동,중상사고,0,1,0,0,차대차 - 측면충돌,신호위반,건조,맑음,교차로 - 교차로안,이륜,남,33세,중상,승합,남,53세,상해없음
2023090700100119,2023년 9월 7일 07시,목요일,대전광역시 서구 만년동,경상사고,0,0,1,0,차대차 - 기타,안전거리미확보,건조,맑음,교차로 - 교차로안,승용,여,36세,상해없음,승용,남,41세,경상
2023090700100160,2023년 9월 7일 08시,목요일,대전광역시 유성구 화암동,경상사고,0,0,1,0,차대차 - 기타,신호위반,건조,맑음,단일로 - 기타,화물,남,62세,상해없음,승용,남,36세,경상
2023090700100235,2023년 9월 7일 09시,목요일,대전광역시 중구 용두동,중상사고,0,1,0,0,차대차 - 측면충돌,안전거리미확보,건조,맑음,단일로 - 기타,승용,남,67세,상해없음,승용,여,29세,중상
2023090700100324,2023년 9월 7일 12시,목요일,대전광역시 서구 탄방동,경상사고,0,0,1,0,차대차 - 기타,안전운전불이행,건조,맑음,교차로 - 교차로부근,승용,남,61세,상해없음,화물,남,74세,경상
2023090700100354,2023년 9월 7일 13시,목요일,대전광역시 서구 관저동,중상사고,0,1,0,0,차대차 - 기타,안전운전불이행,건조,맑음,교차로 - 교차로부근,화물,남,72세,기타불명,승용,남,23세,중상
2023090700100355,2023년 9월 7일 13시,목요일,대전광역시 유성구 장대동,중상사고,0,1,0,0,차대차 - 기타,안전거리미확보,건조,맑음,기타 - 기타,화물,남,42세,상해없음,이륜,남,32세,중상
2023090700100381,2023년 9월 7일 14시,목요일,대전광역시 유성구 장대동,중상사고,0,1,0,0,차대사람 - 차도통행중,안전운전불이행,건조,맑음,단일로 - 기타,화물,남,65세,상해없음,보행자,남,38세,중상
2023090700100394,2023년 9월 7일 14시,목요일,대전광역시 대덕구 오정동,경상사고,0,0,1,0,차대차 - 측면충돌,안전운전불이행,건조,맑음,교차로 - 교차로부근,승용,여,40세,상해없음,승용,남,34세,경상
2023090700100433,2023년 9월 7일 15시,목요일,대전광역시 동구 중동,경상사고,0,0,3,0,차대차 - 기타,안전거리미확보,건조,맑음,교차로 - 교차로부근,승용,여,26세,상해없음,승용,남,20세,경상
2023090700100490,2023년 9월 7일 16시,목요일,대전광역시 대덕구 오정동,경상사고,0,0,1,0,차대차 - 추돌,안전운전불이행,건조,맑음,교차로 - 교차로안,승용,남,37세,상해없음,이륜,남,63세,경상
2023090700100548,2023년 9월 7일 17시,목요일,대전광역시 동구 가오동,중상사고,0,1,0,0,차대사람 - 보도통행중,보행자보호의무위반,건조,맑음,기타 - 기타,승용,남,49세,상해없음,보행자,여,23세,중상
2023090700100597,2023년 9월 7일 18시,목요일,대전광역시 동구 가양동,경상사고,0,0,1,0,차대차 - 기타,안전운전불이행,건조,맑음,단일로 - 기타,승용,남,40세,상해없음,이륜,남,17세,경상
2023090700100643,2023년 9월 7일 19시,목요일,대전광역시 동구 용전동,경상사고,0,0,1,0,차대차 - 측면충돌,안전운전불이행,건조,맑음,단일로 - 기타,승용,여,29세,상해없음,승용,남,18세,상해없음
2023090700100668,2023년 9월 7일 20시,목요일,대전광역시 서구 변동,경상사고,0,0,1,0,차대사람 - 기타,안전운전불이행,건조,맑음,교차로 - 교차로횡단보도내,승용,여,50세,상해없음,보행자,남,64세,경상
2023090800100008,2023년 9월 8일 00시,금요일,대전광역시 대덕구 중리동,경상사고,0,0,1,0,차대차 - 기타,안전운전불이행,건조,맑음,기타 - 기타,기타불명,기타불명,미분류,기타불명,승용,남,72세,상해없음
2023090800100009,2023년 9월 8일 00시,금요일,대전광역시 유성구 봉명동,경상사고,0,0,2,0,차대차 - 측면충돌,안전운전불이행,건조,맑음,단일로 - 기타,승용,남,34세,상해없음,승용,남,52세,경상
2023090800100024,2023년 9월 8일 02시,금요일,대전광역시 서구 용문동,경상사고,0,0,1,0,차대차 - 추돌,안전운전불이행,건조,맑음,교차로 - 교차로부근,승용,남,31세,상해없음,승용,남,41세,경상
2023090800100039,2023년 9월 8일 04시,금요일,대전광역시 서구 갈마동,경상사고,0,0,1,0,차대차 - 기타,신호위반,건조,맑음,교차로 - 교차로부근,이륜,남,20세 이하,상해없음,승용,남,63세,경상
2023090800100049,2023년 9월 8일 05시,금요일,대전광역시 중구 사정동,경상사고,0,0,1,0,차대차 - 측면충돌,신호위반,건조,맑음,교차로 - 교차로부근,건설기계,남,51세,상해없음,승용,남,57세,경상
2023090800100050,2023년 9월 8일 05시,금요일,대전광역시 대덕구 오정동,중상사고,0,1,0,0,차대차 - 기타,안전거리미확보,건조,맑음,단일로 - 기타,화물,남,46세,상해없음,이륜,남,52세,중상
2023090800100060,2023년 9월 8일 06시,금요일,대전광역시 대덕구 신탄진동,중상사고,0,1,0,0,차대차 - 측면충돌,직진우회전진행방해,건조,맑음,교차로 - 교차로안,승용,여,52세,상해없음,자전거,남,67세,중상
2023090800100079,2023년 9월 8일 07시,금요일,대전광역시 중구 부사동,중상사고,0,1,0,0,차대사람 - 기타,안전운전불이행,건조,맑음,교차로 - 교차로안,승용,여,70세,상해없음,보행자,여,76세,중상
2023090800100167,2023년 9월 8일 09시,금요일,대전광역시 서구 탄방동,경상사고,0,0,2,0,차대차 - 측면충돌,안전거리미확보,건조,맑음,단일로 - 기타,승용,여,43세,상해없음,승용,남,61세,경상
2023090800100205,2023년 9월 8일 10시,금요일,대전광역시 중구 사정동,중상사고,0,1,0,0,차대사람 - 보도통행중,안전운전불이행,건조,맑음,교차로 - 교차로횡단보도내,화물,남,74세,상해없음,보행자,여,75세,중상
2023090800100235,2023년 9월 8일 11시,금요일,대전광역시 서구 탄방동,중상사고,0,1,0,0,차대차 - 기타,신호위반,건조,맑음,교차로 - 교차로안,승용,여,60세,기타불명,이륜,남,67세,중상
2023090800100274,2023년 9월 8일 12시,금요일,대전광역시 중구 문화동,사망사고,1,0,0,0,차대사람 - 기타,안전운전불이행,건조,맑음,교차로 - 교차로안,건설기계,남,61세,상해없음,보행자,여,77세,사망
2023090800100275,2023년 9월 8일 12시,금요일,대전광역시 유성구 노은동,부상신고사고,0,0,0,1,차대차 - 기타,기타,건조,맑음,교차로 - 교차로안,기타불명,기타불명,미분류,기타불명,승용,남,66세,부상신고
2023090800100313,2023년 9월 8일 13시,금요일,대전광역시 서구 탄방동,중상사고,0,1,0,0,차대사람 - 횡단중,안전운전불이행,건조,맑음,단일로 - 기타,화물,남,54세,상해없음,보행자,여,79세,중상
2023090800100314,2023년 9월 8일 13시,금요일,대전광역시 서구 탄방동,경상사고,0,0,1,0,차대사람 - 기타,보행자보호의무위반,건조,맑음,교차로 - 교차로횡단보도내,승용,여,66세,상해없음,보행자,여,44세,경상
2023090800100348,2023년 9월 8일 14시,금요일,대전광역시 동구 중동,부상신고사고,0,0,0,1,차량단독 - 기타,기타,건조,맑음,교차로 - 교차로안,승합,남,58세,상해없음,,,,
2023090800100385,2023년 9월 8일 15시,금요일,대전광역시 서구 도안동,경상사고,0,0,4,0,차대차 - 측면충돌,교차로운행방법위반,건조,맑음,교차로 - 교차로안,승용,남,71세,상해없음,승용,여,63세,경상
2023090800100386,2023년 9월 8일 15시,금요일,대전광역시 대덕구 신탄진동,경상사고,0,0,1,0,차대차 - 측면충돌,차로위반,건조,맑음,단일로 - 기타,화물,남,42세,상해없음,승용,남,32세,경상
2023090800100387,2023년 9월 8일 15시,금요일,대전광역시 유성구 봉명동,경상사고,0,0,2,0,차대차 - 기타,안전운전불이행,건조,맑음,교차로 - 교차로부근,승용,여,51세,상해없음,승용,남,65세,경상
2023090800100453,2023년 9월 8일 16시,금요일,대전광역시 중구 용두동,중상사고,0,1,0,0,차대차 - 기타,신호위반,건조,맑음,교차로 - 교차로부근,승용,여,66세,상해없음,이륜,남,61세,중상
2023090800100454,2023년 9월 8일 16시,금요일,대전광역시 동구 소제동,중상사고,0,1,3,0,차대차 - 정면충돌,신호위반,건조,맑음,교차로 - 교차로안,승용,남,25세,기타불명,승용,남,70세,중상
2023090800100526,2023년 9월 8일 17시,금요일,대전광역시 중구 부사동,경상사고,0,0,1,0,차대차 - 측면충돌,안전운전불이행,건조,맑음,기타 - 기타,승용,여,37세,상해없음,자전거,남,42세,경상
2023090800100527,2023년 9월 8일 17시,금요일,대전광역시 대덕구 신대동,경상사고,0,0,2,0,차대차 - 추돌,안전운전불이행,건조,맑음,단일로 - 기타,승용,남,25세,상해없음,승용,남,60세,경상
2023090800100528,2023년 9월 8일 17시,금요일,대전광역시 서구 만년동,경상사고,0,0,2,0,차대차 - 추돌,안전운전불이행,건조,맑음,교차로 - 교차로부근,승용,남,48세,상해없음,승용,여,41세,경상
2023090800100578,2023년 9월 8일 18시,금요일,대전광역시 동구 가양동,경상사고,0,0,2,0,차대차 - 기타,중앙선침범,건조,맑음,단일로 - 기타,승용,남,52세,상해없음,승용,남,72세,경상
2023090800100579,2023년 9월 8일 18시,금요일,대전광역시 서구 도안동,경상사고,0,0,1,0,차대차 - 기타,안전운전불이행,건조,맑음,교차로 - 교차로부근,승용,여,25세,상해없음,이륜,남,40세,경상
2023090800100580,2023년 9월 8일 18시,금요일,대전광역시 서구 월평동,경상사고,0,0,1,0,차대사람 - 기타,안전운전불이행,건조,맑음,기타 - 기타,승용,남,43세,상해없음,보행자,여,81세 이상,경상
2023090800100581,2023년 9월 8일 18시,금요일,대전광역시 유성구 도룡동,경상사고,0,0,2,0,차대차 - 기타,안전운전불이행,건조,맑음,기타 - 기타,승용,남,29세,상해없음,승용,여,59세,경상
2023090800100633,2023년 9월 8일 19시,금요일,대전광역시 대덕구 상서동,경상사고,0,0,1,0,차대차 - 추돌,신호위반,건조,맑음,교차로 - 교차로부근,이륜,남,23세,상해없음,승용,남,40세,경상
2023090800100671,2023년 9월 8일 20시,금요일,대전광역시 중구 용두동,경상사고,0,0,1,0,차대사람 - 기타,안전운전불이행,건조,맑음,단일로 - 기타,이륜,남,33세,상해없음,보행자,남,38세,경상
2023090800100689,2023년 9월 8일 21시,금요일,대전광역시 중구 대흥동,경상사고,0,0,2,0,차대차 - 추돌,안전운전불이행,건조,맑음,교차로 - 교차로부근,승용,남,47세,상해없음,승용,남,61세,경상
2023090800100690,2023년 9월 8일 21시,금요일,대전광역시 서구 만년동,중상사고,0,1,0,0,차대차 - 기타,안전운전불이행,건조,맑음,기타 - 기타,자전거,여,20세 이하,기타불명,자전거,남,21세,중상
2023090800100691,2023년 9월 8일 21시,금요일,대전광역시 유성구 봉명동,경상사고,0,0,1,0,차대차 - 기타,안전운전불이행,건조,맑음,교차로 - 교차로부근,승합,남,53세,상해없음,승용,남,40세,경상
2023090800100734,2023년 9월 8일 23시,금요일,대전광역시 대덕구 신탄진동,경상사고,0,0,1,0,차대차 - 측면충돌,안전운전불이행,건조,맑음,교차로 - 교차로안,승용,남,29세,상해없음,승용,여,36세,경상
2023090900100054,2023년 9월 9일 04시,토요일,대전광역시 동구 용전동,중상사고,0,1,0,0,차대사람 - 기타,안전운전불이행,건조,맑음,교차로 - 교차로부근,승용,남,37세,상해없음,보행자,여,78세,중상
2023090900100092,2023년 9월 9일 07시,토요일,대전광역시 유성구 반석동,경상사고,0,0,2,0,차대차 - 기타,안전거리미확보,건조,기타,기타 - 기타,특수,남,53세,기타불명,승용,여,67세,경상
2023090900100119,2023년 9월 9일 08시,토요일,대전광역시 서구 갈마동,경상사고,0,0,1,0,차대차 - 측면충돌,안전운전불이행,건조,맑음,교차로 - 교차로안,승용,남,49세,상해없음,승합,남,65세,경상
2023090900100120,2023년 9월 9일 08시,토요일,대전광역시 서구 둔산동,중상사고,0,1,0,0,차대사람 - 기타,안전운전불이행,건조,맑음,단일로 - 기타,이륜,남,24세,상해없음,보행자,여,21세,중상
2023090900100121,2023년 9월 9일 08시,토요일,대전광역시 유성구 탑립동,경상사고,0,0,1,0,차대차 - 추돌,안전거리미확보,건조,맑음,단일로 - 기타,승용,남,73세,상해없음,화물,남,70세,경상
2023090900100147,2023년 9월 9일 09시,토요일,대전광역시 중구 유천동,중상사고,0,1,2,0,차대차 - 측면충돌,신호위반,건조,맑음,교차로 - 교차로안,이륜,남,21세,상해없음,승합,남,49세,경상
2023090900100148,2023년 9월 9일 09시,토요일,대전광역시 서구 둔산동,경상사고,0,0,1,0,차대차 - 측면충돌,안전운전불이행,건조,맑음,기타 - 기타,승용,여,63세,상해없음,자전거,여,31세,경상
2023090900100149,2023년 9월 9일 09시,토요일,대전광역시 유성구 구암동,경상사고,0,0,1,0,차대차 - 측면충돌,안전운전불이행,건조,맑음,교차로 - 교차로부근,이륜,남,63세,상해없음,승용,여,54세,경상
2023090900100195,2023년 9월 9일 10시,토요일,대전광역시 서구 갈마동,부상신고사고,0,0,0,1,차대차 - 기타,안전운전불이행,건조,맑음,단일로 - 기타,승용,남,53세,기타불명,승용,여,46세,부상신고
2023090900100288,2023년 9월 9일 12시,토요일,대전광역시 서구 월평동,경상사고,0,0,1,0,차대차 - 기타,안전운전불이행,건조,맑음,기타 - 기타,화물,남,62세,기타불명,승용,남,35세,경상
2023090900100289,2023년 9월 9일 12시,토요일,대전광역시 유성구 봉명동,경상사고,0,0,2,0,차대차 - 기타,신호위반,건조,맑음,기타 - 기타,이륜,남,22세,기타불명,승용,남,65세,경상
2023090900100290,2023년 9월 9일 12시,토요일,대전광역시 유성구 송강동,경상사고,0,0,1,0,차대차 - 기타,안전운전불이행,건조,맑음,단일로 - 기타,승용,남,58세,상해없음,원동기,남,53세,경상
2023090900100336,2023년 9월 9일 13시,토요일,대전광역시 유성구 상대동,경상사고,0,0,1,0,차량단독 - 기타,안전운전불이행,건조,맑음,단일로 - 기타,승합,남,56세,상해없음,,,,
2023090900100337,2023년 9월 9일 13시,토요일,대전광역시 유성구 상대동,경상사고,0,0,3,0,차대차 - 기타,신호위반,건조,맑음,기타 - 기타,승용,여,36세,기타불명,승용,여,46세,경상
2023090900100460,2023년 9월 9일 16시,토요일,대전광역시 서구 용문동,경상사고,0,0,1,0,차대사람 - 횡단중,안전운전불이행,건조,맑음,교차로 - 교차로안,승용,여,45세,상해없음,보행자,여,64세,경상
2023090900100461,2023년 9월 9일 16시,토요일,대전광역시 유성구 지족동,경상사고,0,0,7,0,차대차 - 기타,신호위반,건조,맑음,교차로 - 교차로안,승용,여,25세,상해없음,승용,여,46세,경상
2023090900100503,2023년 9월 9일 17시,토요일,대전광역시 동구 낭월동,중상사고,0,1,0,0,차대차 - 정면충돌,안전운전불이행,건조,맑음,교차로 - 교차로안,승용,여,67세,기타불명,이륜,남,80세,중상