사고번호,사고일시,요일,시군구,사고내용,사망자수,중상자수,경상자수,부상신고자수,사고유형,법규위반,노면상태,기상상태,도로형태,가해운전자 차종,가해운전자 성별,가해운전자 연령,가해운전자 상해정도,피해운전자 차종,피해운전자 성별,피해운전자 연령,피해운전자 상해정도
2023102000100083,2023년 10월 20일 07시,금요일,대전광역시 대덕구 평촌동,중상사고,0,1,0,0,차대차 - 추돌,안전운전불이행,건조,맑음,교차로 - 교차로부근,화물,남,61세,상해없음,승용,여,46세,중상
2023102000100139,2023년 10월 20일 08시,금요일,대전광역시 중구 용두동,경상사고,0,0,1,0,차대사람 - 횡단중,보행자보호의무위반,건조,맑음,교차로 - 교차로횡단보도내,승용,여,48세,상해없음,보행자,남,25세,경상
2023102000100174,2023년 10월 20일 09시,금요일,대전광역시 중구 태평동,경상사고,0,0,1,0,차대차 - 기타,안전운전불이행,건조,맑음,교차로 - 교차로횡단보도내,승용,여,56세,상해없음,자전거,남,74세,경상
2023102000100175,2023년 10월 20일 09시,금요일,대전광역시 대덕구 비래동,경상사고,0,0,2,1,차대차 - 기타,안전거리미확보,건조,맑음,단일로 - 기타,승용,남,67세,상해없음,승용,남,38세,경상
2023102000100176,2023년 10월 20일 09시,금요일,대전광역시 유성구 구암동,경상사고,0,0,4,0,차대차 - 추돌,안전운전불이행,건조,맑음,교차로 - 교차로부근,승용,여,60세,상해없음,승합,남,61세,경상
2023102000100202,2023년 10월 20일 10시,금요일,대전광역시 서구 괴정동,경상사고,0,0,1,0,차대차 - 추돌,안전운전불이행,건조,맑음,교차로 - 교차로안,이륜,남,30세,상해없음,승용,남,69세,경상
2023102000100239,2023년 10월 20일 11시,금요일,대전광역시 동구 용전동,경상사고,0,0,2,0,차대차 - 추돌,안전운전불이행,건조,맑음,교차로 - 교차로부근,승용,남,53세,상해없음,승용,남,41세,경상
2023102000100240,2023년 10월 20일 11시,금요일,대전광역시 서구 변동,경상사고,0,0,1,0,차대차 - 기타,안전거리미확보,건조,맑음,단일로 - 기타,승용,남,68세,상해없음,승용,여,31세,경상
2023102000100331,2023년 10월 20일 13시,금요일,대전광역시 중구 중촌동,경상사고,0,0,1,0,차대차 - 기타,기타,건조,맑음,단일로 - 기타,화물,남,65세,상해없음,화물,남,25세,경상
2023102000100364,2023년 10월 20일 14시,금요일,대전광역시 동구 자양동,경상사고,0,0,1,0,차대사람 - 횡단중,보행자보호의무위반,건조,맑음,교차로 - 교차로횡단보도내,화물,남,55세,상해없음,보행자,여,22세,경상
2023102000100416,2023년 10월 20일 15시,금요일,대전광역시 동구 가양동,경상사고,0,0,1,0,차대차 - 측면충돌,안전운전불이행,건조,맑음,교차로 - 교차로안,승용,여,63세,상해없음,승용,여,36세,경상
2023102000100417,2023년 10월 20일 15시,금요일,대전광역시 동구 홍도동,부상신고사고,0,0,0,1,차대차 - 기타,안전운전불이행,건조,맑음,교차로 - 교차로안,승용,남,62세,상해없음,이륜,남,20세,부상신고
2023102000100418,2023년 10월 20일 15시,금요일,대전광역시 대덕구 신탄진동,경상사고,0,0,4,0,차대차 - 기타,안전운전불이행,건조,맑음,기타 - 기타,이륜,남,23세,상해없음,승용,여,46세,경상
2023102000100419,2023년 10월 20일 15시,금요일,대전광역시 대덕구 신탄진동,경상사고,0,0,1,0,차대차 - 측면충돌,안전운전불이행,건조,맑음,기타 - 기타,승용,남,35세,상해없음,승용,남,44세,경상
2023102000100420,2023년 10월 20일 15시,금요일,대전광역시 대덕구 송촌동,중상사고,0,1,0,0,차대사람 - 기타,보행자보호의무위반,건조,맑음,교차로 - 교차로횡단보도내,승용,여,62세,상해없음,보행자,여,75세,중상
2023102000100487,2023년 10월 20일 16시,금요일,대전광역시 대덕구 읍내동,경상사고,0,0,1,0,차대차 - 측면충돌,안전거리미확보,젖음/습기,비,교차로 - 교차로부근,승용,남,68세,상해없음,승용,남,42세,경상
2023102000100545,2023년 10월 20일 17시,금요일,대전광역시 서구 가장동,경상사고,0,0,1,0,차대차 - 측면충돌,신호위반,건조,맑음,교차로 - 교차로부근,승용,여,47세,상해없음,승용,여,61세,경상
2023102000100546,2023년 10월 20일 17시,금요일,대전광역시 서구 관저동,경상사고,0,0,1,0,차대사람 - 기타,안전운전불이행,건조,맑음,단일로 - 기타,승용,남,65세,상해없음,보행자,여,15세,경상
2023102000100547,2023년 10월 20일 17시,금요일,대전광역시 유성구 장대동,경상사고,0,0,2,0,차대차 - 측면충돌,안전거리미확보,건조,맑음,단일로 - 기타,승용,남,66세,경상,승용,여,34세,경상
2023102000100548,2023년 10월 20일 17시,금요일,대전광역시 유성구 봉명동,경상사고,0,0,1,0,차대차 - 측면충돌,안전운전불이행,건조,맑음,교차로 - 교차로안,승용,여,29세,상해없음,이륜,남,37세,경상
2023102000100618,2023년 10월 20일 18시,금요일,대전광역시 유성구 용산동,경상사고,0,0,1,0,차대사람 - 기타,안전운전불이행,건조,맑음,단일로 - 기타,승용,여,40세,상해없음,보행자,남,56세,경상
2023102000100660,2023년 10월 20일 19시,금요일,대전광역시 유성구 화암동,경상사고,0,0,2,0,차대차 - 측면충돌,안전운전불이행,건조,흐림,교차로 - 교차로안,승용,여,46세,기타불명,승용,여,47세,경상
2023102000100692,2023년 10월 20일 20시,금요일,대전광역시 동구 용운동,경상사고,0,0,2,0,차대사람 - 횡단중,보행자보호의무위반,건조,맑음,교차로 - 교차로횡단보도내,승용,남,76세,상해없음,보행자,남,22세,경상
2023102000100739,2023년 10월 20일 22시,금요일,대전광역시 서구 만년동,경상사고,0,0,2,0,차대차 - 측면충돌,신호위반,건조,맑음,교차로 - 교차로안,승용,여,25세,상해없음,승용,남,64세,경상
2023102100100012,2023년 10월 21일 00시,토요일,대전광역시 서구 갈마동,경상사고,0,0,1,0,차대차 - 기타,안전운전불이행,건조,맑음,교차로 - 교차로안,승용,여,44세,상해없음,이륜,남,22세,경상
2023102100100024,2023년 10월 21일 01시,토요일,대전광역시 서구 괴정동,경상사고,0,0,1,0,차대차 - 기타,신호위반,건조,맑음,교차로 - 교차로횡단보도내,승용,남,59세,상해없음,자전거,남,55세,경상
2023102100100100,2023년 10월 21일 08시,토요일,대전광역시 서구 관저동,경상사고,0,0,4,0,차대차 - 기타,안전운전불이행,건조,맑음,교차로 - 교차로부근,승용,여,64세,상해없음,승용,여,39세,경상
2023102100100134,2023년 10월 21일 09시,토요일,대전광역시 대덕구 오정동,중상사고,0,1,0,0,차대사람 - 차도통행중,안전운전불이행,건조,맑음,교차로 - 교차로안,화물,남,27세,상해없음,보행자,남,74세,중상
2023102100100135,2023년 10월 21일 09시,토요일,대전광역시 대덕구 비래동,경상사고,0,0,1,1,차대차 - 정면충돌,중앙선침범,건조,맑음,교차로 - 교차로부근,승용,남,67세,상해없음,승용,남,53세,경상
2023102100100136,2023년 10월 21일 09시,토요일,대전광역시 유성구 장대동,경상사고,0,0,1,0,차대차 - 기타,안전거리미확보,건조,맑음,교차로 - 교차로부근,화물,남,57세,상해없음,승용,여,70세,경상
2023102100100177,2023년 10월 21일 10시,토요일,대전광역시 동구 용운동,경상사고,0,0,1,0,차대사람 - 기타,안전운전불이행,건조,맑음,단일로 - 기타,승용,남,81세 이상,상해없음,보행자,여,55세,경상
2023102100100178,2023년 10월 21일 10시,토요일,대전광역시 대덕구 중리동,중상사고,0,1,1,0,차대차 - 추돌,안전운전불이행,건조,맑음,단일로 - 기타,화물,남,54세,경상,승용,여,51세,중상
2023102100100179,2023년 10월 21일 10시,토요일,대전광역시 유성구 송강동,부상신고사고,0,0,0,1,차대차 - 기타,안전거리미확보,건조,맑음,기타 - 기타,승용,남,55세,기타불명,이륜,남,38세,부상신고
2023102100100212,2023년 10월 21일 11시,토요일,대전광역시 대덕구 신탄진동,경상사고,0,0,1,0,차대차 - 측면충돌,신호위반,건조,맑음,교차로 - 교차로부근,이륜,남,22세,상해없음,승용,남,65세,경상
2023102100100213,2023년 10월 21일 11시,토요일,대전광역시 대덕구 오정동,경상사고,0,0,1,0,차대차 - 측면충돌,안전거리미확보,건조,맑음,교차로 - 교차로안,승용,여,48세,상해없음,승용,남,56세,경상
2023102100100269,2023년 10월 21일 12시,토요일,대전광역시 대덕구 신탄진동,경상사고,0,0,3,0,차대차 - 측면충돌,안전운전불이행,건조,맑음,교차로 - 교차로부근,이륜,남,30세,상해없음,승용,남,55세,경상
2023102100100382,2023년 10월 21일 15시,토요일,대전광역시 동구 소제동,경상사고,0,0,1,0,차대차 - 측면충돌,안전운전불이행,건조,맑음,교차로 - 교차로부근,승용,여,22세,상해없음,승용,남,65세,경상
2023102100100383,2023년 10월 21일 15시,토요일,대전광역시 유성구 전민동,중상사고,0,1,1,0,차대차 - 기타,안전운전불이행,건조,기타,기타 - 기타,승용,여,51세,상해없음,이륜,남,42세,중상
2023102100100384,2023년 10월 21일 15시,토요일,대전광역시 유성구 봉명동,경상사고,0,0,1,0,차대차 - 측면충돌,안전거리미확보,건조,맑음,단일로 - 기타,승용,남,74세,상해없음,승용,여,67세,상해없음
2023102100100424,2023년 10월 21일 16시,토요일,대전광역시 중구 유천동,중상사고,0,1,0,0,차대차 - 정면충돌,안전운전불이행,건조,맑음,기타 - 기타,이륜,여,63세,상해없음,자전거,남,69세,중상
2023102100100425,2023년 10월 21일 16시,토요일,대전광역시 서구 둔산동,중상사고,0,1,0,0,차대차 - 기타,안전운전불이행,건조,맑음,교차로 - 교차로안,승합,남,39세,상해없음,이륜,남,41세,중상
2023102100100467,2023년 10월 21일 17시,토요일,대전광역시 동구 신상동,경상사고,0,0,1,0,차대차 - 기타,안전운전불이행,건조,맑음,교차로 - 교차로안,승용,여,67세,상해없음,승용,남,35세,경상
2023102100100509,2023년 10월 21일 18시,토요일,대전광역시 중구 오류동,경상사고,0,0,2,0,차대차 - 측면충돌,안전운전불이행,건조,맑음,기타 - 기타,승용,여,53세,상해없음,승용,남,25세,경상
2023102100100510,2023년 10월 21일 18시,토요일,대전광역시 서구 복수동,경상사고,0,0,1,1,차대사람 - 기타,안전운전불이행,건조,맑음,단일로 - 기타,승용,남,44세,상해없음,보행자,남,14세,부상신고
2023102100100511,2023년 10월 21일 18시,토요일,대전광역시 대덕구 읍내동,경상사고,0,0,2,0,차대차 - 측면충돌,안전운전불이행,건조,맑음,교차로 - 교차로부근,승용,여,76세,상해없음,승용,남,24세,경상
2023102100100549,2023년 10월 21일 19시,토요일,대전광역시 대덕구 비래동,경상사고,0,0,1,0,차대사람 - 기타,안전운전불이행,건조,맑음,교차로 - 교차로안,승용,남,46세,상해없음,보행자,남,62세,경상
2023102100100550,2023년 10월 21일 19시,토요일,대전광역시 서구 월평동,중상사고,0,1,0,0,차대차 - 기타,안전운전불이행,건조,맑음,교차로 - 교차로안,승용,남,28세,상해없음,이륜,남,55세,중상
2023102200100068,2023년 10월 22일 07시,일요일,대전광역시 중구 목동,경상사고,0,0,2,0,차대차 - 기타,안전운전불이행,건조,맑음,교차로 - 교차로부근,승용,여,47세,경상,승용,남,63세,경상
2023102200100102,2023년 10월 22일 09시,일요일,대전광역시 서구 월평동,경상사고,0,0,1,0,차대차 - 측면충돌,안전운전불이행,건조,맑음,교차로 - 교차로안,승용,여,44세,상해없음,이륜,남,58세,경상
2023102200100180,2023년 10월 22일 12시,일요일,대전광역시 서구 도안동,경상사고,0,0,1,0,차대사람 - 기타,안전운전불이행,건조,맑음,단일로 - 기타,승용,여,47세,상해없음,보행자,남,12세 이하,경상
2023102200100181,2023년 10월 22일 12시,일요일,대전광역시 서구 갈마동,중상사고,0,2,1,0,차대차 - 기타,안전운전불이행,건조,맑음,단일로 - 기타,승용,여,51세,상해없음,승용,여,32세,중상
2023102200100214,2023년 10월 22일 13시,일요일,대전광역시 대덕구 비래동,경상사고,0,0,2,0,차대차 - 추돌,안전거리미확보,건조,맑음,교차로 - 교차로부근,승용,여,41세,상해없음,승용,남,56세,경상
2023102200100281,2023년 10월 22일 15시,일요일,대전광역시 동구 홍도동,경상사고,0,0,5,0,차대차 - 측면충돌,안전거리미확보,건조,맑음,교차로 - 교차로부근,승용,남,65세,상해없음,승용,남,40세,경상
2023102200100282,2023년 10월 22일 15시,일요일,대전광역시 유성구 계산동,경상사고,0,0,1,0,차대사람 - 횡단중,보행자보호의무위반,건조,맑음,교차로 - 교차로횡단보도내,승용,남,55세,기타불명,보행자,여,20세,경상
2023102200100342,2023년 10월 22일 17시,일요일,대전광역시 서구 관저동,경상사고,0,0,1,0,차대차 - 기타,안전거리미확보,건조,맑음,단일로 - 기타,승합,남,40세,기타불명,승용,여,51세,경상
2023102200100405,2023년 10월 22일 19시,일요일,대전광역시 서구 관저동,경상사고,0,0,1,0,차대사람 - 횡단중,보행자보호의무위반,건조,맑음,단일로 - 기타,승합,남,52세,상해없음,보행자,여,76세,경상
2023102200100406,2023년 10월 22일 19시,일요일,대전광역시 서구 관저동,경상사고,0,0,1,0,차대차 - 측면충돌,안전거리미확보,건조,맑음,교차로 - 교차로부근,승용,여,24세,상해없음,승용,남,29세,경상
2023102200100407,2023년 10월 22일 19시,일요일,대전광역시 서구 만년동,중상사고,0,1,0,0,차대사람 - 횡단중,안전운전불이행,건조,맑음,교차로 - 교차로부근,승용,남,58세,상해없음,보행자,여,61세,중상
2023102300100012,2023년 10월 23일 02시,월요일,대전광역시 대덕구 비래동,중상사고,0,1,0,0,차대사람 - 횡단중,신호위반,건조,맑음,교차로 - 교차로안,화물,여,54세,상해없음,보행자,남,60세,중상
2023102300100036,2023년 10월 23일 06시,월요일,대전광역시 유성구 봉명동,경상사고,0,0,1,0,차대차 - 추돌,안전운전불이행,건조,맑음,교차로 - 교차로부근,화물,남,56세,상해없음,승용,남,48세,경상
2023102300100071,2023년 10월 23일 07시,월요일,대전광역시 중구 산성동,경상사고,0,0,1,0,차대차 - 기타,교차로운행방법위반,건조,맑음,교차로 - 교차로안,승용,남,78세,상해없음,승용,여,61세,경상
2023102300100072,2023년 10월 23일 07시,월요일,대전광역시 서구 도마동,경상사고,0,0,5,0,차대차 - 기타,신호위반,건조,맑음,단일로 - 기타,승용,여,67세,기타불명,승합,남,34세,경상
2023102300100119,2023년 10월 23일 08시,월요일,대전광역시 중구 용두동,경상사고,0,0,1,0,차대차 - 기타,안전운전불이행,건조,맑음,교차로 - 교차로부근,승용,남,62세,상해없음,승용,남,48세,경상
2023102300100120,2023년 10월 23일 08시,월요일,대전광역시 동구 가양동,중상사고,0,1,0,0,차대차 - 측면충돌,중앙선침범,건조,맑음,교차로 - 교차로안,자전거,남,81세 이상,중상,승용,남,45세,상해없음
2023102300100121,2023년 10월 23일 08시,월요일,대전광역시 서구 괴정동,경상사고,0,0,3,0,차대차 - 기타,교차로운행방법위반,건조,맑음,교차로 - 교차로안,승용,남,32세,상해없음,승용,여,42세,경상
2023102300100122,2023년 10월 23일 08시,월요일,대전광역시 대덕구 중리동,중상사고,0,1,0,0,차대차 - 측면충돌,안전운전불이행,건조,맑음,기타 - 기타,승용,여,42세,상해없음,개인형이동수단(PM),여,30세,중상
2023102300100158,2023년 10월 23일 09시,월요일,대전광역시 유성구 상대동,중상사고,0,1,0,0,차대사람 - 기타,보행자보호의무위반,건조,맑음,교차로 - 교차로안,승용,남,47세,상해없음,보행자,남,66세,중상
2023102300100214,2023년 10월 23일 11시,월요일,대전광역시 유성구 궁동,경상사고,0,0,1,0,차대차 - 추돌,안전운전불이행,건조,맑음,기타 - 기타,화물,남,42세,상해없음,이륜,여,31세,경상
2023102300100231,2023년 10월 23일 12시,월요일,대전광역시 동구 비룡동,중상사고,0,1,0,0,차대차 - 측면충돌,안전운전불이행,건조,맑음,기타 - 기타,승용,남,55세,상해없음,화물,남,62세,중상
2023102300100243,2023년 10월 23일 12시,월요일,대전광역시 유성구 봉명동,경상사고,0,0,1,0,차대차 - 후진중충돌,안전운전불이행,건조,맑음,교차로 - 교차로안,승용,여,56세,상해없음,승용,남,33세,경상
2023102300100280,2023년 10월 23일 13시,월요일,대전광역시 중구 대사동,경상사고,0,0,1,0,차대차 - 기타,안전운전불이행,건조,맑음,교차로 - 교차로안,승용,여,46세,상해없음,승합,남,53세,경상
2023102300100322,2023년 10월 23일 14시,월요일,대전광역시 중구 선화동,경상사고,0,0,1,0,차대차 - 추돌,안전운전불이행,건조,맑음,단일로 - 기타,승용,남,66세,상해없음,승용,여,63세,경상
2023102300100362,2023년 10월 23일 15시,월요일,대전광역시 서구 용문동,중상사고,0,1,1,0,차대차 - 정면충돌,안전운전불이행,건조,맑음,단일로 - 기타,화물,남,46세,기타불명,승용,남,59세,중상
2023102300100363,2023년 10월 23일 15시,월요일,대전광역시 서구 도마동,경상사고,0,0,1,0,차대사람 - 기타,안전운전불이행,건조,맑음,단일로 - 기타,승용,여,57세,상해없음,보행자,남,53세,경상
2023102300100392,2023년 10월 23일 16시,월요일,대전광역시 유성구 도룡동,경상사고,0,0,2,0,차대차 - 추돌,안전운전불이행,건조,맑음,기타 - 기타,승용,여,66세,상해없음,승용,남,49세,경상
2023102300100436,2023년 10월 23일 17시,월요일,대전광역시 유성구 노은동,경상사고,0,0,1,0,차대차 - 기타,안전운전불이행,건조,맑음,단일로 - 기타,승용,남,57세,상해없음,승용,남,29세,경상
2023102300100496,2023년 10월 23일 18시,월요일,대전광역시 중구 은행동,경상사고,0,0,1,0,차대사람 - 횡단중,보행자보호의무위반,건조,맑음,교차로 - 교차로횡단보도내,화물,남,24세,상해없음,보행자,남,25세,경상
2023102300100497,2023년 10월 23일 18시,월요일,대전광역시 중구 대사동,중상사고,0,1,0,0,차대사람 - 기타,신호위반,건조,맑음,교차로 - 교차로횡단보도내,이륜,남,27세,상해없음,보행자,여,81세 이상,중상
2023102300100498,2023년 10월 23일 18시,월요일,대전광역시 동구 대동,경상사고,0,0,1,0,차대사람 - 기타,안전운전불이행,건조,맑음,기타 - 기타,개인형이동수단(PM),남,20세 이하,상해없음,보행자,남,79세,경상
2023102300100499,2023년 10월 23일 18시,월요일,대전광역시 유성구 계산동,경상사고,0,0,1,0,차대사람 - 횡단중,신호위반,건조,맑음,기타 - 기타,이륜,남,34세,상해없음,보행자,남,12세 이하,경상
2023102300100540,2023년 10월 23일 19시,월요일,대전광역시 중구 은행동,경상사고,0,0,1,0,차대사람 - 기타,안전운전불이행,건조,맑음,단일로 - 기타,승용,남,31세,상해없음,보행자,여,21세,경상
2023102300100541,2023년 10월 23일 19시,월요일,대전광역시 대덕구 중리동,중상사고,0,1,0,0,차대차 - 측면충돌,신호위반,건조,맑음,교차로 - 교차로부근,이륜,남,41세,상해없음,자전거,여,40세,중상
2023102300100559,2023년 10월 23일 20시,월요일,대전광역시 서구 관저동,경상사고,0,0,1,0,차대차 - 기타,안전거리미확보,건조,맑음,단일로 - 기타,승용,남,63세,상해없음,이륜,남,25세,경상
2023102400100012,2023년 10월 24일 00시,화요일,대전광역시 유성구 봉명동,경상사고,0,0,1,0,차대사람 - 기타,중앙선침범,건조,맑음,교차로 - 교차로부근,개인형이동수단(PM),남,64세,상해없음,보행자,남,29세,경상
2023102400100013,2023년 10월 24일 00시,화요일,대전광역시 유성구 어은동,경상사고,0,0,2,0,차량단독 - 기타,안전운전불이행,건조,맑음,기타 - 기타,원동기,남,20세 이하,경상,,,,
2023102400100036,2023년 10월 24일 04시,화요일,대전광역시 대덕구 오정동,경상사고,0,0,1,0,차대차 - 후진중충돌,안전운전불이행,건조,맑음,교차로 - 교차로부근,승용,남,45세,상해없음,화물,남,45세,경상
2023102400100114,2023년 10월 24일 08시,화요일,대전광역시 동구 신흥동,중상사고,0,1,0,0,차대차 - 기타,신호위반,건조,맑음,교차로 - 교차로안,승용,남,31세,상해없음,승용,여,36세,중상
2023102400100115,2023년 10월 24일 08시,화요일,대전광역시 서구 괴정동,중상사고,0,1,1,1,차대차 - 기타,안전운전불이행,건조,맑음,단일로 - 기타,승용,남,47세,중상,승용,남,65세,경상
2023102400100169,2023년 10월 24일 09시,화요일,대전광역시 중구 산성동,경상사고,0,0,1,0,차대차 - 측면충돌,안전운전불이행,건조,맑음,교차로 - 교차로횡단보도내,승용,남,39세,상해없음,자전거,남,58세,경상
2023102400100170,2023년 10월 24일 09시,화요일,대전광역시 중구 대사동,경상사고,0,0,2,0,차대차 - 기타,안전거리미확보,건조,맑음,단일로 - 기타,승용,남,68세,상해없음,승용,여,40세,경상
2023102400100171,2023년 10월 24일 09시,화요일,대전광역시 대덕구 신대동,경상사고,0,0,1,0,차대차 - 기타,안전거리미확보,건조,맑음,단일로 - 기타,승용,여,29세,상해없음,승용,여,64세,경상
2023102400100233,2023년 10월 24일 11시,화요일,대전광역시 서구 갈마동,경상사고,0,0,1,0,차대차 - 기타,안전거리미확보,건조,맑음,단일로 - 기타,승용,여,49세,상해없음,승용,여,40세,경상
2023102400100234,2023년 10월 24일 11시,화요일,대전광역시 서구 둔산동,경상사고,0,0,2,0,차대차 - 기타,안전운전불이행,건조,맑음,교차로 - 교차로안,승용,남,75세,상해없음,승용,여,36세,경상
2023102400100297,2023년 10월 24일 13시,화요일,대전광역시 동구 정동,중상사고,0,1,0,0,차대사람 - 기타,안전운전불이행,건조,맑음,기타 - 기타,승용,남,52세,상해없음,보행자,여,69세,중상
2023102400100298,2023년 10월 24일 13시,화요일,대전광역시 유성구 관평동,경상사고,0,0,1,0,차대차 - 추돌,안전운전불이행,건조,맑음,기타 - 기타,승용,여,51세,기타불명,승용,남,39세,경상
2023102400100364,2023년 10월 24일 15시,화요일,대전광역시 중구 선화동,경상사고,0,0,1,0,차대사람 - 기타,기타,건조,맑음,단일로 - 기타,이륜,남,45세,상해없음,보행자,남,35세,경상
2023102400100365,2023년 10월 24일 15시,화요일,대전광역시 중구 목달동,경상사고,0,0,1,0,차대차 - 측면충돌,안전운전불이행,건조,맑음,기타 - 기타,승용,남,27세,기타불명,화물,남,70세,경상
2023102400100366,2023년 10월 24일 15시,화요일,대전광역시 서구 변동,경상사고,0,0,1,0,차대차 - 측면충돌,안전거리미확보,건조,맑음,단일로 - 기타,승용,여,22세,상해없음,승용,남,30세,경상
2023102400100509,2023년 10월 24일 18시,화요일,대전광역시 중구 은행동,경상사고,0,0,1,0,차대차 - 기타,안전운전불이행,건조,맑음,교차로 - 교차로횡단보도내,자전거,남,69세,기타불명,승용,남,23세,경상
2023102400100510,2023년 10월 24일 18시,화요일,대전광역시 중구 용두동,경상사고,0,0,4,0,차대차 - 추돌,안전운전불이행,건조,맑음,단일로 - 기타,승용,여,46세,상해없음,승용,여,42세,경상
2023102400100511,2023년 10월 24일 18시,화요일,대전광역시 동구 홍도동,경상사고,0,0,3,0,차대차 - 기타,신호위반,건조,맑음,단일로 - 터널,승용,여,67세,경상,승용,남,38세,경상
2023102400100512,2023년 10월 24일 18시,화요일,대전광역시 서구 둔산동,경상사고,0,0,1,0,차대사람 - 기타,안전운전불이행,건조,맑음,단일로 - 터널,개인형이동수단(PM),남,27세,상해없음,보행자,여,40세,경상
2023102400100513,2023년 10월 24일 18시,화요일,대전광역시 서구 둔산동,중상사고,0,1,0,0,차대차 - 기타,교차로운행방법위반,건조,맑음,교차로 - 교차로안,승용,남,25세,상해없음,이륜,남,62세,중상
2023102400100514,2023년 10월 24일 18시,화요일,대전광역시 서구 갈마동,경상사고,0,0,1,0,차대차 - 측면충돌,교차로운행방법위반,건조,맑음,교차로 - 교차로안,승용,남,81세 이상,상해없음,승용,남,40세,경상
2023102400100552,2023년 10월 24일 19시,화요일,대전광역시 유성구 어은동,경상사고,0,0,1,0,차대사람 - 기타,보행자보호의무위반,건조,맑음,교차로 - 교차로횡단보도내,승용,남,75세,상해없음,보행자,여,16세,경상
2023102500100019,2023년 10월 25일 04시,수요일,대전광역시 대덕구 중리동,중상사고,0,1,0,1,차대차 - 기타,안전거리미확보,건조,맑음,단일로 - 기타,이륜,남,20세 이하,부상신고,승용,남,54세,상해없음
2023102500100024,2023년 10월 25일 05시,수요일,대전광역시 서구 가장동,경상사고,0,0,1,0,차대차 - 추돌,안전운전불이행,건조,맑음,교차로 - 교차로부근,승용,남,29세,상해없음,승용,남,67세,경상
2023102500100051,2023년 10월 25일 07시,수요일,대전광역시 유성구 원신흥동,경상사고,0,0,1,0,차대차 - 측면충돌,안전거리미확보,건조,기타,기타 - 기타,승용,남,64세,상해없음,승용,남,65세,경상
2023102500100092,2023년 10월 25일 08시,수요일,대전광역시 대덕구 신대동,경상사고,0,0,2,0,차대차 - 추돌,안전거리미확보,건조,맑음,단일로 - 기타,건설기계,남,29세,상해없음,승용,여,45세,경상
2023102500100093,2023년 10월 25일 08시,수요일,대전광역시 서구 둔산동,경상사고,0,0,2,0,차대차 - 기타,안전운전불이행,건조,맑음,단일로 - 기타,승용,남,40세,상해없음,승용,남,49세,경상
2023102500100125,2023년 10월 25일 09시,수요일,대전광역시 중구 태평동,경상사고,0,0,2,0,차대차 - 기타,차로위반,건조,맑음,교차로 - 교차로안,특수,남,30세,상해없음,승용,남,33세,경상
2023102500100126,2023년 10월 25일 09시,수요일,대전광역시 중구 오류동,경상사고,0,0,1,0,차대차 - 추돌,안전운전불이행,건조,맑음,단일로 - 기타,승용,남,71세,상해없음,화물,남,46세,경상
2023102500100193,2023년 10월 25일 11시,수요일,대전광역시 동구 대동,경상사고,0,0,4,0,차대차 - 기타,안전운전불이행,건조,맑음,교차로 - 교차로안,승용,남,73세,상해없음,승용,여,71세,경상
2023102500100227,2023년 10월 25일 12시,수요일,대전광역시 중구 부사동,경상사고,0,0,2,0,차대차 - 추돌,안전거리미확보,건조,맑음,교차로 - 교차로안,승용,남,69세,상해없음,이륜,남,46세,경상
2023102500100363,2023년 10월 25일 16시,수요일,대전광역시 유성구 원내동,경상사고,0,0,1,0,차대사람 - 횡단중,신호위반,건조,맑음,교차로 - 교차로횡단보도내,화물,남,63세,상해없음,보행자,여,26세,경상
2023102500100414,2023년 10월 25일 17시,수요일,대전광역시 동구 가양동,경상사고,0,0,1,0,차대사람 - 횡단중,보행자보호의무위반,건조,맑음,교차로 - 교차로횡단보도내,화물,남,33세,상해없음,보행자,여,69세,경상
2023102500100415,2023년 10월 25일 17시,수요일,대전광역시 서구 탄방동,경상사고,0,0,1,0,차대사람 - 기타,중앙선침범,건조,맑음,기타 - 기타,이륜,남,33세,기타불명,보행자,여,12세 이하,경상
2023102500100473,2023년 10월 25일 18시,수요일,대전광역시 서구 둔산동,중상사고,0,1,0,0,차대차 - 기타,안전운전불이행,건조,맑음,교차로 - 교차로횡단보도내,승용,남,25세,상해없음,자전거,남,55세,중상
2023102500100474,2023년 10월 25일 18시,수요일,대전광역시 유성구 관평동,경상사고,0,0,1,0,차대차 - 측면충돌,안전운전불이행,건조,맑음,기타 - 기타,승용,여,39세,상해없음,승용,남,21세,경상
2023102500100475,2023년 10월 25일 18시,수요일,대전광역시 유성구 봉명동,경상사고,0,0,1,0,차대차 - 기타,안전운전불이행,건조,맑음,단일로 - 기타,승용,남,55세,상해없음,승용,여,53세,경상
2023102500100519,2023년 10월 25일 19시,수요일,대전광역시 서구 둔산동,경상사고,0,0,1,0,차대사람 - 길가장자리구역통행중,안전운전불이행,건조,맑음,단일로 - 기타,승용,남,23세,상해없음,보행자,여,17세,경상
2023102500100520,2023년 10월 25일 19시,수요일,대전광역시 서구 만년동,중상사고,0,1,0,0,차대차 - 기타,신호위반,건조,맑음,교차로 - 교차로안,승용,남,81세 이상,상해없음,승용,남,60세,중상
2023102500100521,2023년 10월 25일 19시,수요일,대전광역시 유성구 봉명동,경상사고,0,0,1,0,차대차 - 추돌,안전거리미확보,건조,맑음,단일로 - 교량,승용,남,23세,상해없음,승용,여,48세,경상