사고번호,사고일시,요일,시군구,사고내용,사망자수,중상자수,경상자수,부상신고자수,사고유형,법규위반,노면상태,기상상태,도로형태,가해운전자 차종,가해운전자 성별,가해운전자 연령,가해운전자 상해정도,피해운전자 차종,피해운전자 성별,피해운전자 연령,피해운전자 상해정도
2023103100100537,2023년 10월 31일 18시,화요일,대전광역시 서구 탄방동,경상사고,0,0,1,0,차대차 - 기타,안전운전불이행,건조,맑음,교차로 - 교차로부근,승용,남,55세,상해없음,승용,여,42세,경상
2023103100100576,2023년 10월 31일 19시,화요일,대전광역시 서구 도안동,경상사고,0,0,1,0,차대차 - 기타,직진우회전진행방해,건조,맑음,교차로 - 교차로안,승용,남,22세,상해없음,원동기,남,39세,경상
2023110100100035,2023년 11월 1일 05시,수요일,대전광역시 서구 변동,중상사고,0,1,0,0,차대차 - 추돌,안전운전불이행,건조,기타,교차로 - 교차로안,승용,남,26세,상해없음,화물,남,36세,중상
2023110100100059,2023년 11월 1일 06시,수요일,대전광역시 서구 월평동,경상사고,0,0,1,0,차대차 - 기타,안전운전불이행,건조,맑음,교차로 - 교차로안,승용,남,55세,상해없음,승용,남,67세,경상
2023110100100087,2023년 11월 1일 07시,수요일,대전광역시 중구 목동,중상사고,0,1,2,0,차대차 - 기타,안전운전불이행,건조,맑음,단일로 - 기타,승용,남,35세,상해없음,승합,남,35세,경상
2023110100100088,2023년 11월 1일 07시,수요일,대전광역시 서구 내동,경상사고,0,0,1,0,차대사람 - 보도통행중,보행자보호의무위반,건조,맑음,교차로 - 교차로횡단보도내,승용,여,61세,상해없음,보행자,남,63세,경상
2023110100100089,2023년 11월 1일 07시,수요일,대전광역시 서구 매노동,경상사고,0,0,1,0,차대차 - 기타,안전운전불이행,건조,맑음,기타 - 기타,승합,남,63세,상해없음,이륜,남,46세,경상
2023110100100139,2023년 11월 1일 08시,수요일,대전광역시 대덕구 중리동,경상사고,0,0,2,0,차대차 - 기타,안전운전불이행,건조,맑음,단일로 - 기타,승용,남,38세,상해없음,승용,여,57세,경상
2023110100100140,2023년 11월 1일 08시,수요일,대전광역시 유성구 용산동,경상사고,0,0,1,0,차대사람 - 횡단중,신호위반,건조,맑음,교차로 - 교차로횡단보도내,승용,남,55세,상해없음,보행자,남,48세,경상
2023110100100141,2023년 11월 1일 08시,수요일,대전광역시 유성구 송강동,부상신고사고,0,0,0,1,차대차 - 측면충돌,안전운전불이행,건조,맑음,교차로 - 교차로안,승용,여,37세,상해없음,자전거,남,12세 이하,부상신고
2023110100100171,2023년 11월 1일 09시,수요일,대전광역시 동구 가양동,경상사고,0,0,1,0,차대차 - 기타,안전운전불이행,건조,맑음,단일로 - 기타,자전거,남,65세,경상,화물,남,58세,상해없음
2023110100100172,2023년 11월 1일 09시,수요일,대전광역시 서구 내동,중상사고,0,1,0,0,차량단독 - 기타,안전운전불이행,건조,맑음,단일로 - 기타,승합,남,45세,상해없음,,,,
2023110100100173,2023년 11월 1일 09시,수요일,대전광역시 서구 가장동,중상사고,0,1,0,0,차대차 - 추돌,안전거리미확보,건조,맑음,단일로 - 기타,승용,남,28세,상해없음,승용,남,25세,중상
2023110100100174,2023년 11월 1일 09시,수요일,대전광역시 서구 월평동,경상사고,0,0,1,0,차대차 - 기타,기타,건조,맑음,단일로 - 기타,승용,남,55세,상해없음,자전거,여,22세,경상
2023110100100199,2023년 11월 1일 10시,수요일,대전광역시 유성구 죽동,중상사고,0,1,0,0,차대차 - 측면충돌,안전운전불이행,건조,맑음,교차로 - 교차로횡단보도내,승용,여,46세,기타불명,자전거,여,32세,중상
2023110100100267,2023년 11월 1일 12시,수요일,대전광역시 유성구 구암동,경상사고,0,0,1,0,차대사람 - 기타,안전운전불이행,건조,맑음,단일로 - 기타,승용,남,55세,상해없음,보행자,남,48세,경상
2023110100100314,2023년 11월 1일 14시,수요일,대전광역시 유성구 덕명동,경상사고,0,0,1,0,차대차 - 측면충돌,안전거리미확보,건조,맑음,교차로 - 교차로안,승용,여,64세,기타불명,승합,남,75세,경상
2023110100100417,2023년 11월 1일 17시,수요일,대전광역시 대덕구 법동,경상사고,0,0,1,0,차대차 - 기타,안전운전불이행,건조,맑음,교차로 - 교차로횡단보도내,승용,여,51세,상해없음,개인형이동수단(PM),남,21세,경상
2023110100100418,2023년 11월 1일 17시,수요일,대전광역시 유성구 반석동,경상사고,0,0,1,0,차대차 - 추돌,안전운전불이행,건조,맑음,단일로 - 기타,승용,여,44세,기타불명,승용,남,48세,경상
2023110100100419,2023년 11월 1일 17시,수요일,대전광역시 유성구 반석동,중상사고,0,1,1,0,차대차 - 추돌,안전운전불이행,건조,맑음,단일로 - 기타,승용,남,48세,경상,승용,남,67세,상해없음
2023110100100474,2023년 11월 1일 18시,수요일,대전광역시 중구 석교동,중상사고,0,1,0,0,차대사람 - 보도통행중,보행자보호의무위반,건조,맑음,교차로 - 교차로횡단보도내,승용,남,72세,상해없음,보행자,여,81세 이상,중상
2023110100100516,2023년 11월 1일 19시,수요일,대전광역시 유성구 지족동,경상사고,0,0,1,1,차대차 - 정면충돌,신호위반,건조,맑음,교차로 - 교차로안,이륜,남,59세,상해없음,승용,남,31세,경상
2023110100100537,2023년 11월 1일 20시,수요일,대전광역시 동구 대동,경상사고,0,0,1,0,차대차 - 측면충돌,안전거리미확보,건조,맑음,단일로 - 기타,승용,여,52세,상해없음,승용,남,44세,경상
2023110100100564,2023년 11월 1일 21시,수요일,대전광역시 서구 탄방동,중상사고,0,1,0,0,차대차 - 기타,신호위반,건조,맑음,교차로 - 교차로부근,승용,남,25세,상해없음,이륜,남,37세,중상
2023110100100589,2023년 11월 1일 23시,수요일,대전광역시 중구 문화동,경상사고,0,0,1,0,차대차 - 기타,신호위반,건조,맑음,단일로 - 기타,승합,남,29세,상해없음,개인형이동수단(PM),남,39세,경상
2023110200100019,2023년 11월 2일 01시,목요일,대전광역시 동구 용전동,경상사고,0,0,1,0,차대차 - 기타,안전운전불이행,건조,맑음,교차로 - 교차로안,자전거,남,40세,경상,승용,남,20세,상해없음
2023110200100053,2023년 11월 2일 06시,목요일,대전광역시 중구 선화동,경상사고,0,0,1,0,차대사람 - 기타,기타,건조,맑음,기타 - 기타,화물,남,60세,상해없음,보행자,남,70세,경상
2023110200100079,2023년 11월 2일 07시,목요일,대전광역시 서구 둔산동,경상사고,0,0,1,0,차대차 - 추돌,안전운전불이행,건조,맑음,교차로 - 교차로부근,승용,남,38세,상해없음,승용,남,51세,경상
2023110200100080,2023년 11월 2일 07시,목요일,대전광역시 유성구 죽동,경상사고,0,0,1,0,차대차 - 기타,안전운전불이행,건조,맑음,기타 - 기타,승용,여,36세,상해없음,승용,여,23세,경상
2023110200100132,2023년 11월 2일 08시,목요일,대전광역시 서구 둔산동,경상사고,0,0,1,0,차대차 - 기타,안전운전불이행,건조,맑음,단일로 - 기타,승용,여,59세,기타불명,승용,여,52세,경상
2023110200100168,2023년 11월 2일 09시,목요일,대전광역시 동구 신상동,경상사고,0,0,2,0,차대차 - 추돌,안전거리미확보,건조,맑음,단일로 - 기타,승용,여,36세,상해없음,승용,여,56세,경상
2023110200100199,2023년 11월 2일 10시,목요일,대전광역시 동구 가양동,중상사고,0,1,0,0,차대사람 - 기타,안전운전불이행,건조,맑음,교차로 - 교차로안,화물,남,62세,상해없음,보행자,여,61세,중상
2023110200100200,2023년 11월 2일 10시,목요일,대전광역시 동구 성남동,경상사고,0,0,1,0,차대차 - 측면충돌,신호위반,건조,맑음,단일로 - 지하차도(도로)내,승용,남,44세,상해없음,승용,여,45세,경상
2023110200100233,2023년 11월 2일 11시,목요일,대전광역시 중구 선화동,중상사고,0,1,0,0,차대사람 - 보도통행중,안전운전불이행,건조,맑음,기타 - 기타,개인형이동수단(PM),여,31세,상해없음,보행자,여,58세,중상
2023110200100234,2023년 11월 2일 11시,목요일,대전광역시 유성구 하기동,경상사고,0,0,1,0,차대차 - 기타,안전운전불이행,건조,맑음,단일로 - 교량,승용,남,77세,기타불명,승용,여,37세,경상
2023110200100268,2023년 11월 2일 12시,목요일,대전광역시 동구 가오동,경상사고,0,0,1,0,차대사람 - 기타,안전운전불이행,건조,맑음,기타 - 기타,자전거,남,31세,상해없음,보행자,여,53세,경상
2023110200100269,2023년 11월 2일 12시,목요일,대전광역시 서구 둔산동,경상사고,0,0,2,0,차대차 - 기타,교차로운행방법위반,건조,맑음,교차로 - 교차로안,승용,남,34세,상해없음,승용,여,33세,경상
2023110200100270,2023년 11월 2일 12시,목요일,대전광역시 유성구 구암동,경상사고,0,0,2,0,차대차 - 기타,교차로운행방법위반,건조,맑음,교차로 - 교차로안,승용,남,73세,상해없음,승용,남,27세,경상
2023110200100308,2023년 11월 2일 13시,목요일,대전광역시 동구 자양동,중상사고,0,1,0,0,차대차 - 기타,안전거리미확보,건조,맑음,단일로 - 기타,이륜,남,58세,중상,승용,남,62세,상해없음
2023110200100352,2023년 11월 2일 14시,목요일,대전광역시 유성구 봉명동,경상사고,0,0,1,0,차량단독 - 기타,안전운전불이행,건조,맑음,교차로 - 교차로부근,승합,남,32세,기타불명,,,,
2023110200100446,2023년 11월 2일 16시,목요일,대전광역시 동구 삼성동,중상사고,0,1,0,0,차대차 - 기타,안전운전불이행,건조,맑음,미분류 - 미분류,자전거,남,73세,상해없음,자전거,남,41세,중상
2023110200100488,2023년 11월 2일 17시,목요일,대전광역시 중구 문화동,경상사고,0,0,1,0,차대차 - 추돌,안전거리미확보,건조,맑음,단일로 - 기타,이륜,남,21세,상해없음,승용,여,46세,경상
2023110200100551,2023년 11월 2일 18시,목요일,대전광역시 중구 중촌동,중상사고,0,1,0,0,차대차 - 기타,안전운전불이행,건조,흐림,단일로 - 기타,승용,남,75세,상해없음,자전거,남,54세,중상
2023110200100552,2023년 11월 2일 18시,목요일,대전광역시 서구 정림동,경상사고,0,0,1,0,차대사람 - 횡단중,신호위반,건조,맑음,교차로 - 교차로횡단보도내,승용,여,58세,상해없음,보행자,남,23세,경상
2023110200100553,2023년 11월 2일 18시,목요일,대전광역시 유성구 봉명동,경상사고,0,0,1,0,차대차 - 측면충돌,안전거리미확보,건조,맑음,단일로 - 기타,승용,남,66세,상해없음,승용,남,30세,상해없음
2023110200100615,2023년 11월 2일 20시,목요일,대전광역시 대덕구 연축동,경상사고,0,0,1,0,차대차 - 추돌,안전운전불이행,건조,맑음,단일로 - 기타,승용,남,21세,상해없음,승용,여,53세,경상
2023110200100616,2023년 11월 2일 20시,목요일,대전광역시 대덕구 읍내동,경상사고,0,0,4,4,차대차 - 기타,안전운전불이행,건조,맑음,단일로 - 기타,특수,남,61세,상해없음,승용,남,53세,경상
2023110200100630,2023년 11월 2일 20시,목요일,대전광역시 동구 중동,경상사고,0,0,2,0,차대차 - 기타,안전운전불이행,건조,맑음,교차로 - 교차로안,승용,남,54세,상해없음,기타불명,기타불명,미분류,기타불명
2023110200100657,2023년 11월 2일 21시,목요일,대전광역시 서구 도마동,경상사고,0,0,1,0,차대차 - 후진중충돌,안전운전불이행,건조,맑음,교차로 - 교차로부근,승용,남,65세,상해없음,이륜,남,32세,경상
2023110200100658,2023년 11월 2일 21시,목요일,대전광역시 대덕구 중리동,중상사고,0,1,0,0,차대차 - 기타,안전운전불이행,건조,맑음,단일로 - 기타,승용,남,67세,상해없음,승용,남,39세,중상
2023110200100684,2023년 11월 2일 22시,목요일,대전광역시 대덕구 송촌동,경상사고,0,0,1,0,차대사람 - 기타,안전운전불이행,건조,맑음,기타 - 기타,승용,여,50세,상해없음,보행자,남,61세,경상
2023110200100700,2023년 11월 2일 23시,목요일,대전광역시 유성구 봉명동,경상사고,0,0,1,0,차대사람 - 기타,안전운전불이행,건조,맑음,기타 - 기타,승용,남,70세,상해없음,보행자,남,38세,경상
2023110300100014,2023년 11월 3일 01시,금요일,대전광역시 중구 선화동,경상사고,0,0,3,0,차대차 - 기타,신호위반,건조,맑음,교차로 - 교차로안,이륜,남,41세,경상,승용,남,70세,경상
2023110300100045,2023년 11월 3일 05시,금요일,대전광역시 중구 오류동,중상사고,0,1,1,0,차대차 - 기타,신호위반,건조,맑음,교차로 - 교차로안,승용,남,30세,경상,승용,남,59세,중상
2023110300100067,2023년 11월 3일 06시,금요일,대전광역시 대덕구 덕암동,경상사고,0,0,1,0,차대사람 - 기타,안전운전불이행,건조,맑음,교차로 - 교차로안,승용,남,31세,상해없음,보행자,여,53세,경상
2023110300100085,2023년 11월 3일 07시,금요일,대전광역시 동구 가양동,경상사고,0,0,1,0,차대차 - 기타,안전운전불이행,건조,맑음,단일로 - 기타,승용,남,48세,기타불명,승용,남,30세,경상
2023110300100086,2023년 11월 3일 07시,금요일,대전광역시 대덕구 덕암동,경상사고,0,0,1,1,차대차 - 기타,교차로운행방법위반,건조,맑음,교차로 - 교차로안,승용,남,70세,상해없음,특수,남,62세,상해없음
2023110300100087,2023년 11월 3일 07시,금요일,대전광역시 대덕구 중리동,경상사고,0,0,2,0,차대차 - 측면충돌,안전운전불이행,건조,맑음,단일로 - 기타,승용,여,48세,상해없음,승용,남,61세,경상
2023110300100119,2023년 11월 3일 08시,금요일,대전광역시 중구 대사동,중상사고,0,1,0,0,차대차 - 기타,안전운전불이행,건조,맑음,단일로 - 기타,승용,여,40세,상해없음,이륜,남,31세,중상
2023110300100120,2023년 11월 3일 08시,금요일,대전광역시 유성구 화암동,경상사고,0,0,2,0,차대차 - 추돌,안전운전불이행,건조,맑음,단일로 - 기타,승용,남,44세,상해없음,승용,남,43세,경상
2023110300100121,2023년 11월 3일 08시,금요일,대전광역시 유성구 신성동,경상사고,0,0,2,0,차대차 - 기타,교차로운행방법위반,건조,맑음,교차로 - 교차로안,승용,여,28세,상해없음,승용,여,35세,경상
2023110300100122,2023년 11월 3일 08시,금요일,대전광역시 유성구 복용동,경상사고,0,0,1,0,차대차 - 측면충돌,신호위반,건조,맑음,교차로 - 교차로안,승용,남,26세,상해없음,승용,남,29세,경상
2023110300100164,2023년 11월 3일 09시,금요일,대전광역시 동구 낭월동,경상사고,0,0,1,0,차대차 - 정면충돌,신호위반,건조,맑음,교차로 - 교차로안,승용,남,59세,상해없음,승용,남,68세,경상
2023110300100165,2023년 11월 3일 09시,금요일,대전광역시 동구 인동,중상사고,0,1,0,0,차대차 - 추돌,안전운전불이행,건조,맑음,단일로 - 교량,승용,여,27세,상해없음,자전거,남,68세,중상
2023110300100166,2023년 11월 3일 09시,금요일,대전광역시 대덕구 신탄진동,경상사고,0,0,1,0,차대사람 - 기타,보행자보호의무위반,건조,맑음,교차로 - 교차로횡단보도내,승용,남,68세,상해없음,보행자,여,45세,경상
2023110300100205,2023년 11월 3일 10시,금요일,대전광역시 서구 내동,경상사고,0,0,1,0,차대차 - 기타,안전운전불이행,건조,맑음,교차로 - 교차로안,승용,여,51세,상해없음,승용,여,32세,경상
2023110300100229,2023년 11월 3일 11시,금요일,대전광역시 대덕구 중리동,경상사고,0,0,1,0,차대차 - 측면충돌,중앙선침범,건조,맑음,기타 - 기타,기타불명,남,54세,상해없음,승용,남,66세,경상
2023110300100294,2023년 11월 3일 13시,금요일,대전광역시 서구 관저동,경상사고,0,0,1,0,차대차 - 측면충돌,안전운전불이행,건조,맑음,기타 - 기타,승용,남,28세,기타불명,승용,여,58세,경상
2023110300100295,2023년 11월 3일 13시,금요일,대전광역시 서구 갈마동,경상사고,0,0,1,0,차대차 - 기타,안전운전불이행,건조,맑음,단일로 - 기타,승용,남,74세,상해없음,승용,남,23세,경상
2023110300100327,2023년 11월 3일 14시,금요일,대전광역시 서구 둔산동,중상사고,0,1,0,0,차대사람 - 차도통행중,안전운전불이행,건조,맑음,단일로 - 기타,승용,여,30세,상해없음,보행자,여,64세,중상
2023110300100374,2023년 11월 3일 15시,금요일,대전광역시 중구 석교동,경상사고,0,0,1,0,차대차 - 측면충돌,안전거리미확보,건조,맑음,교차로 - 교차로안,승용,남,66세,상해없음,화물,남,46세,경상
2023110300100375,2023년 11월 3일 15시,금요일,대전광역시 중구 대사동,경상사고,0,0,1,0,차대사람 - 기타,안전운전불이행,건조,맑음,단일로 - 기타,승용,여,57세,상해없음,보행자,여,48세,경상
2023110300100376,2023년 11월 3일 15시,금요일,대전광역시 서구 둔산동,경상사고,0,0,2,0,차대차 - 측면충돌,교차로운행방법위반,건조,맑음,교차로 - 교차로안,승용,여,51세,상해없음,승합,남,63세,경상
2023110300100377,2023년 11월 3일 15시,금요일,대전광역시 유성구 봉명동,중상사고,0,2,2,0,차대차 - 정면충돌,교차로운행방법위반,건조,맑음,교차로 - 교차로안,승용,여,56세,중상,승용,남,49세,경상
2023110300100415,2023년 11월 3일 16시,금요일,대전광역시 서구 둔산동,경상사고,0,0,1,0,차대차 - 기타,안전운전불이행,건조,맑음,기타 - 기타,승용,남,33세,기타불명,승용,남,64세,경상
2023110300100471,2023년 11월 3일 17시,금요일,대전광역시 동구 정동,경상사고,0,0,1,0,차대사람 - 길가장자리구역통행중,안전운전불이행,건조,맑음,단일로 - 기타,화물,여,24세,상해없음,보행자,남,63세,경상
2023110300100513,2023년 11월 3일 18시,금요일,대전광역시 동구 비룡동,경상사고,0,0,1,0,차대차 - 측면충돌,안전운전불이행,건조,맑음,기타 - 기타,승용,남,76세,상해없음,승용,남,30세,경상
2023110300100587,2023년 11월 3일 19시,금요일,대전광역시 중구 태평동,경상사고,0,0,1,0,차대차 - 기타,안전운전불이행,건조,맑음,단일로 - 기타,화물,여,62세,상해없음,자전거,여,19세,경상
2023110300100588,2023년 11월 3일 19시,금요일,대전광역시 대덕구 덕암동,경상사고,0,0,2,0,차대차 - 추돌,안전운전불이행,건조,맑음,단일로 - 기타,승용,남,27세,상해없음,승용,남,49세,경상
2023110300100624,2023년 11월 3일 20시,금요일,대전광역시 유성구 하기동,경상사고,0,0,1,0,차대사람 - 길가장자리구역통행중,안전운전불이행,건조,맑음,기타 - 기타,승용,남,26세,상해없음,보행자,여,65세,경상
2023110300100643,2023년 11월 3일 21시,금요일,대전광역시 동구 용전동,경상사고,0,0,1,0,차대차 - 측면충돌,안전운전불이행,건조,맑음,기타 - 기타,승용,남,33세,상해없음,개인형이동수단(PM),남,28세,경상
2023110300100644,2023년 11월 3일 21시,금요일,대전광역시 서구 월평동,경상사고,0,0,1,0,차대사람 - 기타,안전운전불이행,건조,맑음,기타 - 기타,자전거,여,20세 이하,상해없음,보행자,남,64세,경상
2023110300100675,2023년 11월 3일 23시,금요일,대전광역시 서구 둔산동,경상사고,0,0,1,0,차대차 - 기타,안전운전불이행,건조,맑음,교차로 - 교차로안,화물,남,59세,기타불명,이륜,남,31세,경상
2023110400100023,2023년 11월 4일 01시,토요일,대전광역시 서구 도마동,경상사고,0,0,1,0,차대차 - 측면충돌,신호위반,건조,맑음,교차로 - 교차로안,승용,남,28세,상해없음,승용,남,69세,경상
2023110400100063,2023년 11월 4일 06시,토요일,대전광역시 유성구 문지동,중상사고,0,2,1,0,차대차 - 기타,신호위반,건조,맑음,교차로 - 교차로안,이륜,남,24세,중상,승용,남,63세,경상
2023110400100217,2023년 11월 4일 12시,토요일,대전광역시 동구 가양동,경상사고,0,0,1,0,차대차 - 측면충돌,불법유턴,건조,맑음,기타 - 기타,자전거,남,23세,경상,승용,남,28세,상해없음
2023110400100218,2023년 11월 4일 12시,토요일,대전광역시 서구 괴정동,경상사고,0,0,5,0,차대차 - 측면충돌,신호위반,건조,흐림,기타 - 기타,승용,여,38세,상해없음,승용,남,42세,경상
2023110400100219,2023년 11월 4일 12시,토요일,대전광역시 대덕구 평촌동,경상사고,0,0,3,0,차대차 - 기타,기타,건조,맑음,교차로 - 교차로안,승용,남,33세,상해없음,승용,남,58세,경상
2023110400100220,2023년 11월 4일 12시,토요일,대전광역시 유성구 신성동,경상사고,0,0,1,0,차대사람 - 기타,안전운전불이행,건조,맑음,기타 - 기타,승용,남,35세,상해없음,보행자,남,41세,경상
2023110400100261,2023년 11월 4일 13시,토요일,대전광역시 서구 둔산동,경상사고,0,0,2,0,차대차 - 기타,안전운전불이행,건조,맑음,교차로 - 교차로부근,승용,남,53세,기타불명,승용,남,31세,경상
2023110400100262,2023년 11월 4일 13시,토요일,대전광역시 유성구 관평동,중상사고,0,1,0,0,차대차 - 기타,안전운전불이행,건조,맑음,교차로 - 교차로부근,승용,남,54세,상해없음,자전거,남,13세,중상
2023110400100300,2023년 11월 4일 14시,토요일,대전광역시 동구 자양동,중상사고,0,1,0,0,차대차 - 측면충돌,교차로운행방법위반,건조,맑음,교차로 - 교차로안,승용,남,33세,상해없음,이륜,남,42세,중상
2023110400100333,2023년 11월 4일 15시,토요일,대전광역시 서구 가수원동,경상사고,0,0,1,0,차대차 - 정면충돌,안전운전불이행,젖음/습기,비,교차로 - 교차로부근,승용,여,39세,기타불명,승용,남,27세,경상
2023110400100366,2023년 11월 4일 16시,토요일,대전광역시 동구 용전동,경상사고,0,0,1,0,차대차 - 기타,안전운전불이행,건조,맑음,단일로 - 기타,승용,남,30세,상해없음,이륜,남,29세,경상
2023110400100410,2023년 11월 4일 17시,토요일,대전광역시 유성구 봉명동,경상사고,0,0,1,0,차대차 - 측면충돌,교차로운행방법위반,건조,맑음,교차로 - 교차로안,승용,남,50세,상해없음,승용,여,37세,경상
2023110400100411,2023년 11월 4일 17시,토요일,대전광역시 유성구 봉명동,중상사고,0,1,0,0,차량단독 - 기타,기타,건조,흐림,단일로 - 기타,승합,남,57세,상해없음,,,,
2023110400100460,2023년 11월 4일 18시,토요일,대전광역시 중구 중촌동,경상사고,0,0,1,0,차대차 - 측면충돌,안전거리미확보,건조,맑음,단일로 - 기타,승용,남,66세,상해없음,승용,남,40세,경상
2023110400100461,2023년 11월 4일 18시,토요일,대전광역시 서구 복수동,중상사고,0,1,0,0,차대차 - 기타,신호위반,건조,맑음,교차로 - 교차로안,승용,남,23세,상해없음,이륜,남,41세,중상
2023110400100462,2023년 11월 4일 18시,토요일,대전광역시 대덕구 송촌동,경상사고,0,0,2,0,차대차 - 기타,안전운전불이행,건조,맑음,교차로 - 교차로부근,이륜,남,20세 이하,기타불명,승용,남,58세,경상
2023110400100545,2023년 11월 4일 21시,토요일,대전광역시 유성구 궁동,경상사고,0,0,1,0,차대차 - 기타,안전운전불이행,건조,맑음,단일로 - 기타,이륜,남,21세,기타불명,승용,여,49세,경상
2023110400100561,2023년 11월 4일 22시,토요일,대전광역시 서구 월평동,경상사고,0,0,1,0,차대차 - 측면충돌,신호위반,건조,맑음,교차로 - 교차로안,승용,남,26세,상해없음,승용,남,65세,경상
2023110400100562,2023년 11월 4일 22시,토요일,대전광역시 유성구 용산동,경상사고,0,0,1,0,차량단독 - 기타,안전운전불이행,건조,맑음,교차로 - 교차로안,승합,남,31세,상해없음,,,,
2023110500100015,2023년 11월 5일 00시,일요일,대전광역시 서구 괴정동,부상신고사고,0,0,0,1,차대사람 - 보도통행중,기타,건조,맑음,기타 - 기타,기타불명,기타불명,미분류,기타불명,보행자,남,31세,부상신고
2023110500100032,2023년 11월 5일 01시,일요일,대전광역시 동구 가양동,경상사고,0,0,2,0,차대차 - 추돌,안전운전불이행,젖음/습기,맑음,교차로 - 교차로부근,승용,남,50세,상해없음,승용,남,49세,경상
2023110500100135,2023년 11월 5일 11시,일요일,대전광역시 동구 가양동,경상사고,0,0,1,0,차대사람 - 기타,안전운전불이행,건조,맑음,단일로 - 기타,자전거,남,36세,상해없음,보행자,남,59세,경상
2023110500100158,2023년 11월 5일 12시,일요일,대전광역시 중구 오류동,경상사고,0,0,2,0,차대차 - 기타,신호위반,건조,맑음,교차로 - 교차로안,승용,남,67세,상해없음,승용,남,45세,경상
2023110500100159,2023년 11월 5일 12시,일요일,대전광역시 동구 소제동,경상사고,0,0,2,0,차대차 - 추돌,안전운전불이행,건조,맑음,단일로 - 기타,승합,남,53세,상해없음,승용,여,32세,경상
2023110500100160,2023년 11월 5일 12시,일요일,대전광역시 서구 도안동,경상사고,0,0,1,0,차대차 - 정면충돌,신호위반,건조,맑음,교차로 - 교차로안,승용,여,50세,상해없음,이륜,남,36세,경상
2023110500100187,2023년 11월 5일 13시,일요일,대전광역시 서구 장안동,경상사고,0,0,1,0,차대사람 - 기타,안전운전불이행,건조,맑음,기타 - 기타,승용,여,31세,상해없음,보행자,남,58세,경상
2023110500100188,2023년 11월 5일 13시,일요일,대전광역시 유성구 봉명동,경상사고,0,0,3,0,차대차 - 측면충돌,교차로운행방법위반,건조,맑음,교차로 - 교차로횡단보도내,화물,남,55세,상해없음,승용,여,62세,경상
2023110500100224,2023년 11월 5일 14시,일요일,대전광역시 중구 산성동,경상사고,0,0,4,0,차대차 - 기타,안전거리미확보,건조,맑음,교차로 - 교차로횡단보도내,승용,남,72세,상해없음,승용,여,40세,상해없음
2023110500100225,2023년 11월 5일 14시,일요일,대전광역시 서구 장안동,중상사고,0,1,2,0,차대차 - 후진중충돌,안전운전불이행,건조,맑음,기타 - 기타,승합,남,35세,상해없음,승용,남,29세,경상
2023110500100250,2023년 11월 5일 15시,일요일,대전광역시 동구 가양동,경상사고,0,0,1,0,차대차 - 기타,신호위반,건조,맑음,교차로 - 교차로안,원동기,남,25세,상해없음,승용,남,34세,경상
2023110500100251,2023년 11월 5일 15시,일요일,대전광역시 유성구 복용동,경상사고,0,0,3,2,차대차 - 측면충돌,안전거리미확보,건조,흐림,교차로 - 교차로부근,승용,여,54세,부상신고,승용,여,32세,경상
2023110500100268,2023년 11월 5일 16시,일요일,대전광역시 중구 유천동,경상사고,0,0,1,0,차대차 - 기타,직진우회전진행방해,건조,맑음,교차로 - 교차로안,승용,여,35세,상해없음,원동기,남,45세,경상
2023110500100269,2023년 11월 5일 16시,일요일,대전광역시 서구 가장동,경상사고,0,0,2,0,차대차 - 기타,안전운전불이행,건조,맑음,단일로 - 기타,승용,남,75세,상해없음,승용,남,53세,경상
2023110500100270,2023년 11월 5일 16시,일요일,대전광역시 유성구 노은동,경상사고,0,0,1,0,차대차 - 측면충돌,안전거리미확보,건조,맑음,교차로 - 교차로부근,승용,남,52세,기타불명,승용,여,21세,경상
2023110500100305,2023년 11월 5일 17시,일요일,대전광역시 동구 가양동,경상사고,0,0,1,0,차대차 - 기타,신호위반,젖음/습기,비,교차로 - 교차로안,승용,남,29세,상해없음,이륜,남,28세,경상
2023110500100306,2023년 11월 5일 17시,일요일,대전광역시 대덕구 평촌동,중상사고,0,1,0,0,차대차 - 기타,안전운전불이행,젖음/습기,비,단일로 - 기타,승용,남,48세,상해없음,승용,여,56세,중상
2023110500100307,2023년 11월 5일 17시,일요일,대전광역시 유성구 노은동,경상사고,0,0,1,0,차대차 - 측면충돌,차로위반,젖음/습기,비,단일로 - 기타,승합,남,61세,상해없음,승용,남,45세,경상
2023110500100336,2023년 11월 5일 18시,일요일,대전광역시 중구 부사동,경상사고,0,0,1,0,차대차 - 추돌,안전운전불이행,젖음/습기,비,단일로 - 기타,승용,남,52세,상해없음,승용,여,59세,경상
2023110500100337,2023년 11월 5일 18시,일요일,대전광역시 유성구 관평동,경상사고,0,0,1,0,차대차 - 측면충돌,안전거리미확보,젖음/습기,비,단일로 - 기타,승용,여,40세,상해없음,승용,남,29세,경상
2023110500100375,2023년 11월 5일 19시,일요일,대전광역시 중구 오류동,중상사고,0,1,2,0,차대차 - 측면충돌,교차로운행방법위반,젖음/습기,비,단일로 - 기타,승용,여,34세,경상,승용,여,49세,중상
2023110500100376,2023년 11월 5일 19시,일요일,대전광역시 동구 가양동,경상사고,0,0,1,0,차대사람 - 길가장자리구역통행중,안전운전불이행,젖음/습기,비,단일로 - 기타,이륜,남,31세,상해없음,보행자,남,56세,경상