사고번호,사고일시,요일,시군구,사고내용,사망자수,중상자수,경상자수,부상신고자수,사고유형,법규위반,노면상태,기상상태,도로형태,가해운전자 차종,가해운전자 성별,가해운전자 연령,가해운전자 상해정도,피해운전자 차종,피해운전자 성별,피해운전자 연령,피해운전자 상해정도
2023111500100157,2023년 11월 15일 09시,수요일,대전광역시 서구 둔산동,경상사고,0,0,2,0,차대차 - 추돌,안전운전불이행,건조,맑음,교차로 - 교차로부근,승용,여,60세,상해없음,승용,남,39세,경상
2023111500100158,2023년 11월 15일 09시,수요일,대전광역시 유성구 봉명동,경상사고,0,0,2,0,차대차 - 추돌,안전운전불이행,건조,맑음,교차로 - 교차로부근,승용,여,61세,상해없음,승용,남,43세,경상
2023111500100267,2023년 11월 15일 12시,수요일,대전광역시 서구 월평동,경상사고,0,0,2,0,차대차 - 추돌,안전운전불이행,건조,맑음,교차로 - 교차로안,승용,남,26세,상해없음,승용,남,47세,경상
2023111500100329,2023년 11월 15일 14시,수요일,대전광역시 유성구 원내동,경상사고,0,0,1,0,차대차 - 기타,안전운전불이행,건조,맑음,교차로 - 교차로부근,화물,남,50세,기타불명,승용,남,46세,경상
2023111500100363,2023년 11월 15일 15시,수요일,대전광역시 중구 문창동,경상사고,0,0,4,0,차대차 - 기타,안전운전불이행,건조,맑음,교차로 - 교차로횡단보도내,승합,남,50세,상해없음,승용,남,26세,경상
2023111500100364,2023년 11월 15일 15시,수요일,대전광역시 서구 괴정동,중상사고,0,1,1,0,차대차 - 추돌,안전거리미확보,건조,맑음,기타 - 기타,승용,남,58세,상해없음,승용,남,64세,중상
2023111500100403,2023년 11월 15일 16시,수요일,대전광역시 중구 태평동,경상사고,0,0,1,0,차량단독 - 기타,안전운전불이행,건조,맑음,단일로 - 기타,승합,남,52세,상해없음,,,,
2023111500100450,2023년 11월 15일 17시,수요일,대전광역시 대덕구 목상동,중상사고,0,2,0,0,차대차 - 측면충돌,교차로운행방법위반,건조,맑음,교차로 - 교차로안,이륜,여,56세,중상,승용,남,63세,중상
2023111500100451,2023년 11월 15일 17시,수요일,대전광역시 대덕구 오정동,경상사고,0,0,1,0,차대차 - 기타,안전운전불이행,건조,맑음,단일로 - 기타,화물,남,68세,상해없음,승용,남,34세,경상
2023111500100505,2023년 11월 15일 18시,수요일,대전광역시 중구 문화동,경상사고,0,0,2,0,차대사람 - 기타,보행자보호의무위반,건조,맑음,교차로 - 교차로안,승용,여,30세,상해없음,보행자,여,31세,경상
2023111500100506,2023년 11월 15일 18시,수요일,대전광역시 유성구 탑립동,경상사고,0,0,1,0,차대차 - 기타,안전운전불이행,건조,맑음,기타 - 기타,승용,남,38세,상해없음,이륜,남,24세,경상
2023111500100507,2023년 11월 15일 18시,수요일,대전광역시 유성구 궁동,경상사고,0,0,1,0,차대차 - 기타,안전운전불이행,기타,맑음,기타 - 기타,승용,남,57세,상해없음,승용,남,22세,경상
2023111500100508,2023년 11월 15일 18시,수요일,대전광역시 유성구 봉명동,경상사고,0,0,1,0,차대차 - 기타,안전거리미확보,건조,맑음,기타 - 기타,승용,남,60세,기타불명,승용,남,67세,경상
2023111500100567,2023년 11월 15일 20시,수요일,대전광역시 중구 문창동,경상사고,0,0,1,0,차대차 - 기타,교차로운행방법위반,건조,맑음,교차로 - 교차로부근,승용,남,42세,상해없음,자전거,남,51세,경상
2023111500100568,2023년 11월 15일 20시,수요일,대전광역시 동구 중동,중상사고,0,1,0,0,차대사람 - 횡단중,보행자보호의무위반,건조,맑음,교차로 - 교차로횡단보도내,승용,남,48세,상해없음,보행자,남,70세,중상
2023111500100569,2023년 11월 15일 20시,수요일,대전광역시 대덕구 중리동,중상사고,0,1,0,0,차대차 - 측면충돌,신호위반,건조,맑음,교차로 - 교차로안,승용,남,33세,상해없음,이륜,남,58세,중상
2023111500100570,2023년 11월 15일 20시,수요일,대전광역시 대덕구 신일동,중상사고,0,1,0,0,차대차 - 기타,신호위반,건조,맑음,단일로 - 기타,이륜,남,25세,중상,승용,여,38세,상해없음
2023111500100618,2023년 11월 15일 22시,수요일,대전광역시 서구 둔산동,경상사고,0,0,1,0,차대사람 - 기타,안전운전불이행,건조,맑음,기타 - 기타,자전거,남,55세,상해없음,보행자,남,54세,경상
2023111500100634,2023년 11월 15일 23시,수요일,대전광역시 서구 도마동,경상사고,0,0,2,0,차대차 - 기타,직진우회전진행방해,건조,맑음,교차로 - 교차로안,승용,남,69세,경상,이륜,남,27세,경상
2023111600100079,2023년 11월 16일 08시,목요일,대전광역시 대덕구 상서동,경상사고,0,0,1,0,차대차 - 기타,신호위반,건조,맑음,단일로 - 기타,화물,남,62세,상해없음,승합,남,38세,경상
2023111600100108,2023년 11월 16일 09시,목요일,대전광역시 동구 성남동,경상사고,0,0,2,0,차대차 - 측면충돌,안전운전불이행,건조,흐림,교차로 - 교차로안,승용,남,77세,경상,승용,남,25세,경상
2023111600100109,2023년 11월 16일 09시,목요일,대전광역시 서구 도마동,경상사고,0,0,1,0,차대사람 - 기타,안전운전불이행,건조,맑음,기타 - 기타,승용,남,52세,기타불명,보행자,남,22세,경상
2023111600100110,2023년 11월 16일 09시,목요일,대전광역시 대덕구 비래동,중상사고,0,1,0,0,차대차 - 기타,안전운전불이행,건조,맑음,단일로 - 기타,승용,남,62세,상해없음,자전거,여,64세,중상
2023111600100146,2023년 11월 16일 10시,목요일,대전광역시 동구 판암동,경상사고,0,0,1,0,차대차 - 기타,교차로운행방법위반,건조,흐림,단일로 - 기타,승용,남,67세,상해없음,승용,여,44세,경상
2023111600100147,2023년 11월 16일 10시,목요일,대전광역시 유성구 봉명동,경상사고,0,0,1,0,차대차 - 측면충돌,안전운전불이행,건조,맑음,교차로 - 교차로안,화물,남,80세,상해없음,승용,여,29세,경상
2023111600100178,2023년 11월 16일 11시,목요일,대전광역시 중구 오류동,경상사고,0,0,2,0,차대차 - 추돌,안전거리미확보,젖음/습기,비,단일로 - 기타,승용,여,64세,상해없음,승용,남,79세,경상
2023111600100205,2023년 11월 16일 12시,목요일,대전광역시 서구 가수원동,중상사고,0,1,0,0,차대사람 - 기타,안전운전불이행,젖음/습기,비,단일로 - 기타,농기계,남,73세,상해없음,보행자,여,77세,중상
2023111600100206,2023년 11월 16일 12시,목요일,대전광역시 서구 도마동,경상사고,0,0,1,0,차대차 - 기타,차로위반,젖음/습기,흐림,단일로 - 기타,승용,여,50세,상해없음,승용,여,57세,경상
2023111600100207,2023년 11월 16일 12시,목요일,대전광역시 서구 관저동,경상사고,0,0,1,0,차대차 - 측면충돌,교차로운행방법위반,건조,맑음,교차로 - 교차로안,승용,여,64세,상해없음,승용,여,44세,경상
2023111600100234,2023년 11월 16일 13시,목요일,대전광역시 서구 둔산동,중상사고,0,1,0,0,차대차 - 후진중충돌,안전운전불이행,젖음/습기,비,단일로 - 기타,승용,남,69세,상해없음,승용,남,29세,중상
2023111600100235,2023년 11월 16일 13시,목요일,대전광역시 유성구 장대동,경상사고,0,0,1,0,차대차 - 추돌,안전운전불이행,건조,맑음,기타 - 기타,건설기계,남,69세,상해없음,승용,남,64세,경상
2023111600100236,2023년 11월 16일 13시,목요일,대전광역시 유성구 봉명동,경상사고,0,0,1,0,차대차 - 측면충돌,안전거리미확보,건조,맑음,기타 - 기타,화물,남,58세,기타불명,승용,남,32세,경상
2023111600100256,2023년 11월 16일 14시,목요일,대전광역시 중구 산성동,중상사고,0,1,1,0,차대차 - 측면충돌,기타,젖음/습기,비,교차로 - 교차로안,승용,남,62세,경상,승용,남,46세,중상
2023111600100257,2023년 11월 16일 14시,목요일,대전광역시 유성구 반석동,경상사고,0,0,2,1,차대차 - 추돌,안전운전불이행,젖음/습기,비,교차로 - 교차로부근,승합,남,69세,상해없음,화물,남,27세,경상
2023111600100291,2023년 11월 16일 15시,목요일,대전광역시 서구 월평동,경상사고,0,0,1,0,차대차 - 기타,안전운전불이행,젖음/습기,비,단일로 - 기타,승합,남,46세,상해없음,승용,남,65세,경상
2023111600100292,2023년 11월 16일 15시,목요일,대전광역시 유성구 노은동,경상사고,0,0,1,0,차대차 - 측면충돌,신호위반,젖음/습기,비,교차로 - 교차로안,승용,여,72세,상해없음,승용,남,51세,경상
2023111600100293,2023년 11월 16일 15시,목요일,대전광역시 유성구 장대동,중상사고,0,1,0,0,차대차 - 후진중충돌,안전운전불이행,젖음/습기,비,교차로 - 교차로안,승용,여,55세,상해없음,이륜,남,31세,중상
2023111600100332,2023년 11월 16일 16시,목요일,대전광역시 동구 용전동,경상사고,0,0,1,0,차대차 - 측면충돌,안전운전불이행,건조,맑음,교차로 - 교차로부근,화물,남,54세,상해없음,승용,여,54세,경상
2023111600100333,2023년 11월 16일 16시,목요일,대전광역시 서구 도안동,경상사고,0,0,1,0,차대차 - 추돌,안전운전불이행,건조,맑음,단일로 - 기타,승용,남,28세,상해없음,승용,남,29세,경상
2023111600100334,2023년 11월 16일 16시,목요일,대전광역시 서구 탄방동,중상사고,0,1,0,0,차대차 - 기타,안전운전불이행,젖음/습기,비,교차로 - 교차로안,승용,남,72세,상해없음,승용,여,30세,중상
2023111600100408,2023년 11월 16일 17시,목요일,대전광역시 대덕구 송촌동,경상사고,0,0,1,0,차대차 - 기타,안전거리미확보,젖음/습기,비,기타 - 기타,승용,남,76세,기타불명,이륜,남,31세,경상
2023111600100409,2023년 11월 16일 17시,목요일,대전광역시 유성구 송강동,경상사고,0,0,2,0,차대차 - 기타,안전거리미확보,젖음/습기,비,기타 - 기타,건설기계,남,45세,상해없음,승용,남,52세,경상
2023111600100410,2023년 11월 16일 17시,목요일,대전광역시 유성구 노은동,경상사고,0,0,1,0,차대차 - 측면충돌,안전거리미확보,건조,맑음,단일로 - 기타,화물,남,51세,상해없음,승용,여,28세,경상
2023111600100485,2023년 11월 16일 18시,목요일,대전광역시 유성구 상대동,경상사고,0,0,1,0,차대차 - 정면충돌,신호위반,건조,맑음,교차로 - 교차로안,이륜,남,20세 이하,기타불명,승합,남,68세,경상
2023111600100539,2023년 11월 16일 19시,목요일,대전광역시 중구 유천동,경상사고,0,0,3,0,차대차 - 기타,안전거리미확보,젖음/습기,비,단일로 - 기타,승용,남,33세,상해없음,승용,남,42세,경상
2023111600100600,2023년 11월 16일 21시,목요일,대전광역시 대덕구 오정동,경상사고,0,0,1,0,차대차 - 측면충돌,교차로운행방법위반,건조,맑음,교차로 - 교차로안,승용,여,43세,상해없음,승용,남,34세,경상
2023111600100645,2023년 11월 16일 23시,목요일,대전광역시 유성구 구암동,사망사고,1,0,0,0,차대차 - 기타,안전운전불이행,젖음/습기,비,단일로 - 기타,이륜,남,22세,사망,화물,남,56세,상해없음
2023111700100017,2023년 11월 17일 01시,금요일,대전광역시 동구 가양동,경상사고,0,0,1,0,차대사람 - 길가장자리구역통행중,안전운전불이행,건조,맑음,교차로 - 교차로안,승용,여,47세,상해없음,보행자,여,22세,경상
2023111700100018,2023년 11월 17일 01시,금요일,대전광역시 서구 갈마동,경상사고,0,0,3,0,차대차 - 측면충돌,안전운전불이행,젖음/습기,비,교차로 - 교차로안,승용,남,28세,기타불명,승용,남,43세,경상
2023111700100022,2023년 11월 17일 02시,금요일,대전광역시 서구 도안동,경상사고,0,0,1,0,차대차 - 기타,안전운전불이행,건조,맑음,단일로 - 기타,이륜,남,25세,상해없음,화물,남,50세,경상
2023111700100123,2023년 11월 17일 08시,금요일,대전광역시 동구 비룡동,경상사고,0,0,1,0,차대차 - 추돌,안전운전불이행,건조,맑음,단일로 - 기타,승합,남,43세,상해없음,승용,여,49세,경상
2023111700100144,2023년 11월 17일 08시,금요일,대전광역시 서구 가수원동,경상사고,0,0,1,0,차대사람 - 기타,안전운전불이행,건조,맑음,단일로 - 기타,승용,여,57세,상해없음,보행자,여,13세,경상
2023111700100145,2023년 11월 17일 08시,금요일,대전광역시 대덕구 오정동,부상신고사고,0,0,0,1,차대차 - 기타,교차로운행방법위반,건조,맑음,교차로 - 교차로안,승용,여,28세,상해없음,자전거,남,35세,부상신고
2023111700100146,2023년 11월 17일 08시,금요일,대전광역시 서구 월평동,경상사고,0,0,3,0,차대차 - 기타,안전운전불이행,건조,맑음,단일로 - 기타,승용,남,59세,상해없음,승합,남,36세,경상
2023111700100147,2023년 11월 17일 08시,금요일,대전광역시 서구 둔산동,경상사고,0,0,1,0,차대차 - 기타,안전운전불이행,건조,맑음,교차로 - 교차로부근,승용,남,26세,상해없음,승용,남,32세,경상
2023111700100183,2023년 11월 17일 09시,금요일,대전광역시 유성구 반석동,경상사고,0,0,1,0,차대차 - 후진중충돌,안전운전불이행,건조,맑음,교차로 - 교차로부근,승용,남,54세,기타불명,승용,남,35세,경상
2023111700100264,2023년 11월 17일 11시,금요일,대전광역시 중구 은행동,경상사고,0,0,1,0,차대사람 - 길가장자리구역통행중,안전운전불이행,건조,맑음,단일로 - 기타,승용,여,66세,상해없음,보행자,여,19세,경상
2023111700100265,2023년 11월 17일 11시,금요일,대전광역시 서구 탄방동,경상사고,0,0,1,0,차대차 - 기타,신호위반,건조,맑음,교차로 - 교차로부근,승용,남,81세 이상,상해없음,승용,남,38세,경상
2023111700100301,2023년 11월 17일 12시,금요일,대전광역시 유성구 봉명동,경상사고,0,0,3,0,차대차 - 측면충돌,신호위반,건조,맑음,교차로 - 교차로안,이륜,남,51세,상해없음,승합,남,32세,경상
2023111700100349,2023년 11월 17일 14시,금요일,대전광역시 유성구 자운동,부상신고사고,0,0,0,3,차대차 - 기타,안전운전불이행,젖음/습기,비,단일로 - 기타,화물,남,63세,상해없음,승용,남,22세,부상신고
2023111700100360,2023년 11월 17일 14시,금요일,대전광역시 동구 신하동,경상사고,0,0,2,0,차대차 - 측면충돌,중앙선침범,젖음/습기,눈,단일로 - 기타,승용,여,55세,상해없음,승용,여,57세,경상
2023111700100361,2023년 11월 17일 14시,금요일,대전광역시 서구 둔산동,경상사고,0,0,1,0,차대사람 - 기타,안전운전불이행,젖음/습기,비,단일로 - 기타,승용,여,30세,상해없음,보행자,여,32세,경상
2023111700100402,2023년 11월 17일 15시,금요일,대전광역시 중구 은행동,경상사고,0,0,2,0,차대차 - 기타,신호위반,건조,흐림,교차로 - 교차로안,승용,남,59세,상해없음,승용,남,68세,경상
2023111700100404,2023년 11월 17일 15시,금요일,대전광역시 서구 월평동,중상사고,0,1,3,0,차대차 - 추돌,안전운전불이행,젖음/습기,눈,교차로 - 교차로안,승용,남,63세,상해없음,승용,여,44세,경상
2023111700100405,2023년 11월 17일 15시,금요일,대전광역시 유성구 송강동,경상사고,0,0,1,0,차대차 - 추돌,안전운전불이행,건조,맑음,교차로 - 교차로부근,승용,남,55세,상해없음,승용,여,43세,경상
2023111700100448,2023년 11월 17일 16시,금요일,대전광역시 서구 도안동,경상사고,0,0,1,0,차대차 - 측면충돌,교차로운행방법위반,건조,맑음,교차로 - 교차로안,승용,남,52세,상해없음,이륜,남,28세,경상
2023111700100493,2023년 11월 17일 17시,금요일,대전광역시 중구 문창동,경상사고,0,0,1,0,차대사람 - 횡단중,보행자보호의무위반,건조,맑음,교차로 - 교차로횡단보도내,승용,남,62세,상해없음,보행자,남,54세,경상
2023111700100494,2023년 11월 17일 17시,금요일,대전광역시 중구 문화동,경상사고,0,0,1,0,차대차 - 기타,불법유턴,건조,맑음,교차로 - 교차로부근,승용,남,70세,상해없음,승용,여,43세,경상
2023111700100495,2023년 11월 17일 17시,금요일,대전광역시 중구 오류동,경상사고,0,0,3,0,차대차 - 추돌,안전거리미확보,건조,맑음,단일로 - 기타,승용,남,49세,상해없음,승용,남,40세,경상
2023111700100496,2023년 11월 17일 17시,금요일,대전광역시 동구 용전동,경상사고,0,0,1,0,차대차 - 측면충돌,기타,건조,맑음,단일로 - 기타,화물,남,59세,상해없음,승용,남,22세,경상
2023111700100567,2023년 11월 17일 18시,금요일,대전광역시 서구 도안동,경상사고,0,0,1,0,차대차 - 추돌,안전거리미확보,건조,맑음,교차로 - 교차로부근,특수,남,51세,상해없음,승용,여,44세,경상
2023111700100568,2023년 11월 17일 18시,금요일,대전광역시 서구 둔산동,경상사고,0,0,1,0,차대차 - 기타,중앙선침범,건조,맑음,단일로 - 기타,승용,남,73세,상해없음,승용,여,32세,경상
2023111700100569,2023년 11월 17일 18시,금요일,대전광역시 서구 둔산동,경상사고,0,0,1,0,차대차 - 측면충돌,안전거리미확보,건조,맑음,단일로 - 기타,승용,여,23세,상해없음,이륜,남,25세,경상
2023111700100570,2023년 11월 17일 18시,금요일,대전광역시 유성구 문지동,경상사고,0,0,2,0,차대차 - 추돌,안전운전불이행,건조,기타,기타 - 기타,승용,남,53세,기타불명,화물,남,39세,경상
2023111700100620,2023년 11월 17일 19시,금요일,대전광역시 동구 효동,중상사고,0,1,0,0,차대사람 - 횡단중,중앙선침범,건조,맑음,단일로 - 기타,승합,남,70세,상해없음,보행자,여,65세,중상
2023111700100679,2023년 11월 17일 21시,금요일,대전광역시 중구 용두동,경상사고,0,0,1,0,차대차 - 기타,안전운전불이행,건조,맑음,교차로 - 교차로부근,승용,여,51세,상해없음,승용,남,50세,경상
2023111700100680,2023년 11월 17일 21시,금요일,대전광역시 동구 용전동,경상사고,0,0,1,0,차대차 - 측면충돌,안전운전불이행,건조,맑음,교차로 - 교차로안,승용,남,44세,상해없음,승용,여,58세,경상
2023111700100681,2023년 11월 17일 21시,금요일,대전광역시 유성구 구암동,경상사고,0,0,1,0,차대차 - 측면충돌,안전거리미확보,젖음/습기,흐림,교차로 - 교차로부근,승용,여,51세,기타불명,승용,여,30세,경상
2023111700100711,2023년 11월 17일 22시,금요일,대전광역시 서구 월평동,경상사고,0,0,2,0,차대차 - 기타,안전거리미확보,젖음/습기,비,단일로 - 기타,승합,남,24세,기타불명,이륜,남,26세,경상
2023111800100017,2023년 11월 18일 00시,토요일,대전광역시 서구 탄방동,경상사고,0,0,2,0,차대차 - 측면충돌,안전거리미확보,서리/결빙,눈,단일로 - 기타,승용,남,22세,상해없음,승용,남,47세,경상
2023111800100052,2023년 11월 18일 04시,토요일,대전광역시 대덕구 오정동,경상사고,0,0,4,0,차대차 - 기타,중앙선침범,서리/결빙,눈,단일로 - 교량,화물,남,53세,상해없음,승용,여,66세,경상
2023111800100063,2023년 11월 18일 05시,토요일,대전광역시 동구 삼성동,경상사고,0,0,3,0,차대사람 - 차도통행중,안전거리미확보,서리/결빙,맑음,단일로 - 교량,승용,여,64세,상해없음,보행자,남,25세,경상
2023111800100064,2023년 11월 18일 05시,토요일,대전광역시 동구 삼성동,경상사고,0,0,1,0,차대차 - 측면충돌,안전운전불이행,서리/결빙,눈,단일로 - 교량,화물,남,57세,상해없음,승용,남,58세,경상
2023111800100104,2023년 11월 18일 07시,토요일,대전광역시 중구 유천동,경상사고,0,0,3,0,차대차 - 추돌,안전운전불이행,서리/결빙,눈,단일로 - 고가도로위,승용,남,50세,상해없음,화물,남,44세,경상
2023111800100105,2023년 11월 18일 07시,토요일,대전광역시 중구 용두동,중상사고,0,2,0,0,차대차 - 정면충돌,중앙선침범,서리/결빙,흐림,단일로 - 교량,승용,남,67세,상해없음,승용,남,53세,중상
2023111800100106,2023년 11월 18일 07시,토요일,대전광역시 서구 변동,경상사고,0,0,2,0,차대차 - 추돌,안전거리미확보,서리/결빙,흐림,교차로 - 교차로부근,승용,남,60세,상해없음,화물,남,52세,경상
2023111800100126,2023년 11월 18일 08시,토요일,대전광역시 동구 삼성동,경상사고,0,0,1,0,차대차 - 기타,안전운전불이행,젖음/습기,맑음,주차장 - 주차장,승용,남,62세,상해없음,승용,여,43세,경상
2023111800100127,2023년 11월 18일 08시,토요일,대전광역시 유성구 봉명동,경상사고,0,0,2,0,차대차 - 기타,안전운전불이행,건조,맑음,단일로 - 기타,승용,남,26세,상해없음,승용,남,29세,경상
2023111800100158,2023년 11월 18일 09시,토요일,대전광역시 유성구 원내동,경상사고,0,0,1,0,차대차 - 기타,안전운전불이행,젖음/습기,흐림,교차로 - 교차로안,승합,남,32세,상해없음,승용,여,37세,경상
2023111800100194,2023년 11월 18일 10시,토요일,대전광역시 서구 도마동,경상사고,0,0,1,0,차대사람 - 기타,안전운전불이행,건조,맑음,단일로 - 기타,승용,여,53세,상해없음,보행자,여,73세,경상
2023111800100236,2023년 11월 18일 11시,토요일,대전광역시 유성구 노은동,경상사고,0,0,2,0,차대차 - 측면충돌,차로위반,건조,맑음,단일로 - 기타,승용,여,24세,상해없음,승용,여,47세,경상
2023111800100274,2023년 11월 18일 12시,토요일,대전광역시 동구 가양동,경상사고,0,0,1,0,차대사람 - 횡단중,보행자보호의무위반,건조,맑음,단일로 - 기타,승용,남,63세,상해없음,보행자,여,31세,경상
2023111800100312,2023년 11월 18일 13시,토요일,대전광역시 중구 태평동,중상사고,0,1,0,0,차대사람 - 기타,안전운전불이행,건조,맑음,교차로 - 교차로부근,이륜,남,49세,기타불명,보행자,여,74세,중상
2023111800100313,2023년 11월 18일 13시,토요일,대전광역시 대덕구 신탄진동,경상사고,0,0,2,0,차대차 - 측면충돌,교차로운행방법위반,건조,맑음,교차로 - 교차로안,승용,남,50세,상해없음,승합,남,42세,경상
2023111800100314,2023년 11월 18일 13시,토요일,대전광역시 유성구 덕명동,경상사고,0,0,1,0,차대차 - 기타,교차로운행방법위반,건조,맑음,교차로 - 교차로안,승용,여,52세,상해없음,승용,남,34세,경상
2023111800100347,2023년 11월 18일 14시,토요일,대전광역시 동구 가양동,경상사고,0,0,2,0,차대차 - 기타,안전운전불이행,건조,맑음,교차로 - 교차로부근,승용,남,35세,상해없음,화물,남,40세,경상
2023111800100348,2023년 11월 18일 14시,토요일,대전광역시 서구 관저동,경상사고,0,0,3,0,차대차 - 기타,안전운전불이행,건조,맑음,교차로 - 교차로부근,승용,남,80세,상해없음,승용,여,52세,경상
2023111800100349,2023년 11월 18일 14시,토요일,대전광역시 유성구 하기동,경상사고,0,0,1,0,차대차 - 기타,안전거리미확보,건조,맑음,교차로 - 교차로안,승용,남,27세,상해없음,승용,남,52세,경상
2023111800100350,2023년 11월 18일 14시,토요일,대전광역시 유성구 봉산동,경상사고,0,0,1,0,차대차 - 기타,안전거리미확보,젖음/습기,비,기타 - 기타,승용,남,74세,상해없음,승용,남,37세,경상
2023111800100381,2023년 11월 18일 15시,토요일,대전광역시 중구 선화동,경상사고,0,0,1,0,차대차 - 기타,신호위반,건조,맑음,교차로 - 교차로안,승용,남,32세,상해없음,승용,남,43세,경상
2023111800100443,2023년 11월 18일 17시,토요일,대전광역시 중구 태평동,경상사고,0,0,2,0,차대차 - 기타,안전운전불이행,건조,맑음,단일로 - 기타,승용,남,25세,상해없음,승용,남,25세,경상
2023111800100444,2023년 11월 18일 17시,토요일,대전광역시 동구 자양동,경상사고,0,0,1,0,차대차 - 후진중충돌,안전운전불이행,건조,맑음,단일로 - 기타,승합,남,49세,상해없음,이륜,남,34세,경상
2023111800100445,2023년 11월 18일 17시,토요일,대전광역시 동구 삼성동,경상사고,0,0,2,0,차대차 - 측면충돌,안전운전불이행,건조,맑음,교차로 - 교차로안,화물,남,76세,기타불명,승용,남,30세,경상
2023111800100496,2023년 11월 18일 18시,토요일,대전광역시 중구 오류동,경상사고,0,0,9,0,차대차 - 추돌,안전운전불이행,건조,맑음,단일로 - 기타,승용,남,45세,상해없음,승합,남,59세,경상
2023111800100497,2023년 11월 18일 18시,토요일,대전광역시 유성구 노은동,중상사고,0,1,2,0,차대차 - 정면충돌,중앙선침범,건조,흐림,교차로 - 교차로부근,승용,남,70세,기타불명,승용,남,29세,중상
2023111800100524,2023년 11월 18일 19시,토요일,대전광역시 중구 중촌동,경상사고,0,0,4,0,차대차 - 추돌,안전운전불이행,건조,맑음,교차로 - 교차로부근,승용,남,73세,상해없음,승용,남,42세,경상
2023111800100525,2023년 11월 18일 19시,토요일,대전광역시 서구 월평동,경상사고,0,0,1,0,차대차 - 기타,안전운전불이행,건조,맑음,단일로 - 기타,승용,남,35세,상해없음,승합,남,56세,경상
2023111800100544,2023년 11월 18일 20시,토요일,대전광역시 중구 태평동,경상사고,0,0,2,0,차대차 - 기타,안전거리미확보,건조,맑음,교차로 - 교차로안,승용,남,53세,상해없음,승용,남,61세,경상
2023111800100545,2023년 11월 18일 20시,토요일,대전광역시 대덕구 중리동,경상사고,0,0,2,0,차대차 - 기타,안전거리미확보,건조,맑음,기타 - 기타,승용,여,52세,상해없음,승용,남,52세,경상
2023111800100546,2023년 11월 18일 20시,토요일,대전광역시 서구 월평동,중상사고,0,1,0,0,차대사람 - 기타,보행자보호의무위반,건조,맑음,단일로 - 기타,승용,여,46세,상해없음,보행자,여,67세,중상
2023111800100547,2023년 11월 18일 20시,토요일,대전광역시 유성구 문지동,경상사고,0,0,3,0,차대차 - 측면충돌,안전운전불이행,건조,맑음,기타 - 기타,승용,여,71세,상해없음,승용,여,42세,경상
2023111800100561,2023년 11월 18일 21시,토요일,대전광역시 서구 갈마동,경상사고,0,0,1,0,차대차 - 기타,안전운전불이행,건조,맑음,단일로 - 기타,승용,남,58세,상해없음,승용,남,23세,상해없음
2023111800100574,2023년 11월 18일 22시,토요일,대전광역시 서구 관저동,경상사고,0,0,2,0,차대사람 - 기타,안전운전불이행,건조,맑음,단일로 - 기타,승용,남,49세,상해없음,보행자,남,23세,경상
2023111800100585,2023년 11월 18일 23시,토요일,대전광역시 유성구 봉명동,경상사고,0,0,1,0,차대사람 - 보도통행중,기타,건조,맑음,단일로 - 기타,개인형이동수단(PM),남,60세,상해없음,보행자,남,32세,경상
2023111900100010,2023년 11월 19일 00시,일요일,대전광역시 서구 월평동,부상신고사고,0,0,0,1,차대사람 - 기타,안전운전불이행,건조,맑음,교차로 - 교차로부근,기타불명,기타불명,미분류,기타불명,보행자,남,29세,부상신고
2023111900100020,2023년 11월 19일 01시,일요일,대전광역시 유성구 구암동,경상사고,0,0,2,0,차대차 - 측면충돌,교차로운행방법위반,건조,맑음,교차로 - 교차로안,승용,남,24세,경상,승용,남,62세,경상
2023111900100051,2023년 11월 19일 06시,일요일,대전광역시 서구 갈마동,경상사고,0,0,1,0,차대차 - 추돌,안전운전불이행,건조,맑음,교차로 - 교차로부근,승용,남,32세,상해없음,이륜,남,36세,경상
2023111900100118,2023년 11월 19일 10시,일요일,대전광역시 서구 장안동,경상사고,0,0,2,0,차대차 - 추돌,안전운전불이행,건조,맑음,단일로 - 기타,화물,남,58세,상해없음,승용,남,56세,경상
2023111900100119,2023년 11월 19일 10시,일요일,대전광역시 유성구 봉명동,경상사고,0,0,3,0,차대차 - 기타,안전거리미확보,건조,맑음,기타 - 기타,승용,남,42세,경상,승용,남,43세,경상
2023111900100142,2023년 11월 19일 11시,일요일,대전광역시 대덕구 신대동,경상사고,0,0,1,0,차대차 - 추돌,안전운전불이행,건조,맑음,단일로 - 고가도로위,승용,남,46세,기타불명,승용,남,32세,경상
2023111900100143,2023년 11월 19일 11시,일요일,대전광역시 서구 갈마동,경상사고,0,0,1,0,차대차 - 기타,중앙선침범,건조,맑음,교차로 - 교차로부근,이륜,남,24세,경상,승용,남,67세,상해없음
2023111900100189,2023년 11월 19일 13시,일요일,대전광역시 서구 관저동,경상사고,0,0,2,0,차대차 - 기타,안전운전불이행,건조,맑음,단일로 - 기타,승용,남,42세,상해없음,승용,남,42세,경상
2023111900100190,2023년 11월 19일 13시,일요일,대전광역시 서구 월평동,경상사고,0,0,4,0,차대차 - 기타,중앙선침범,건조,맑음,교차로 - 교차로부근,승용,남,23세,상해없음,승용,여,43세,경상