사고번호,사고일시,요일,시군구,사고내용,사망자수,중상자수,경상자수,부상신고자수,사고유형,법규위반,노면상태,기상상태,도로형태,가해운전자 차종,가해운전자 성별,가해운전자 연령,가해운전자 상해정도,피해운전자 차종,피해운전자 성별,피해운전자 연령,피해운전자 상해정도
2023120600100369,2023년 12월 6일 17시,수요일,대전광역시 유성구 원내동,경상사고,0,0,3,0,차대차 - 추돌,안전운전불이행,젖음/습기,비,단일로 - 기타,화물,남,63세,상해없음,승용,여,22세,경상
2023120600100396,2023년 12월 6일 17시,수요일,대전광역시 중구 산성동,중상사고,0,1,0,0,차대차 - 추돌,안전운전불이행,젖음/습기,비,단일로 - 교량,승용,여,62세,상해없음,화물,남,61세,중상
2023120600100397,2023년 12월 6일 17시,수요일,대전광역시 동구 가양동,중상사고,0,1,0,0,차대사람 - 차도통행중,안전운전불이행,건조,맑음,단일로 - 기타,승용,남,71세,상해없음,보행자,여,75세,중상
2023120600100399,2023년 12월 6일 17시,수요일,대전광역시 대덕구 오정동,경상사고,0,0,2,0,차대차 - 추돌,안전운전불이행,건조,맑음,단일로 - 기타,승용,남,58세,상해없음,승용,남,41세,경상
2023120600100400,2023년 12월 6일 17시,수요일,대전광역시 서구 갈마동,경상사고,0,0,1,0,차대차 - 기타,신호위반,젖음/습기,비,교차로 - 교차로횡단보도내,승용,남,50세,상해없음,개인형이동수단(PM),여,21세,경상
2023120600100527,2023년 12월 6일 19시,수요일,대전광역시 서구 갈마동,경상사고,0,0,1,0,차대차 - 측면충돌,안전운전불이행,젖음/습기,흐림,교차로 - 교차로안,승용,남,32세,상해없음,이륜,남,41세,경상
2023120600100528,2023년 12월 6일 19시,수요일,대전광역시 유성구 도룡동,경상사고,0,0,1,0,차대차 - 기타,안전운전불이행,건조,맑음,교차로 - 교차로부근,승용,남,47세,상해없음,화물,남,47세,경상
2023120600100549,2023년 12월 6일 20시,수요일,대전광역시 서구 괴정동,경상사고,0,0,1,0,차대차 - 기타,안전운전불이행,건조,맑음,교차로 - 교차로안,이륜,남,30세,상해없음,승용,남,35세,경상
2023120600100572,2023년 12월 6일 21시,수요일,대전광역시 유성구 봉명동,경상사고,0,0,1,0,차대차 - 추돌,안전운전불이행,젖음/습기,맑음,단일로 - 기타,승용,남,23세,상해없음,이륜,남,44세,경상
2023120600100590,2023년 12월 6일 22시,수요일,대전광역시 서구 탄방동,경상사고,0,0,1,0,차대차 - 기타,안전운전불이행,건조,맑음,교차로 - 교차로부근,승용,여,31세,상해없음,이륜,남,29세,경상
2023120600100599,2023년 12월 6일 23시,수요일,대전광역시 동구 삼성동,경상사고,0,0,2,0,차대차 - 정면충돌,신호위반,건조,맑음,교차로 - 교차로안,승용,남,53세,상해없음,승용,여,58세,경상
2023120700100014,2023년 12월 7일 01시,목요일,대전광역시 유성구 방동,경상사고,0,0,3,0,차대차 - 기타,안전운전불이행,건조,맑음,기타 - 기타,승용,남,24세,상해없음,승용,남,49세,경상
2023120700100018,2023년 12월 7일 02시,목요일,대전광역시 서구 도마동,경상사고,0,0,2,0,차대사람 - 차도통행중,안전운전불이행,건조,맑음,단일로 - 기타,승용,남,39세,상해없음,보행자,남,21세,경상
2023120700100069,2023년 12월 7일 07시,목요일,대전광역시 대덕구 신탄진동,경상사고,0,0,1,0,차대차 - 측면충돌,안전거리미확보,건조,맑음,교차로 - 교차로부근,승용,남,34세,기타불명,화물,남,41세,경상
2023120700100116,2023년 12월 7일 08시,목요일,대전광역시 대덕구 오정동,경상사고,0,0,2,0,차대차 - 기타,안전운전불이행,건조,맑음,단일로 - 기타,승용,남,27세,상해없음,승용,남,26세,경상
2023120700100117,2023년 12월 7일 08시,목요일,대전광역시 대덕구 중리동,경상사고,0,0,1,0,차대차 - 기타,교차로운행방법위반,건조,맑음,단일로 - 기타,승용,여,56세,상해없음,승합,남,55세,상해없음
2023120700100138,2023년 12월 7일 09시,목요일,대전광역시 중구 대흥동,경상사고,0,0,1,0,차대차 - 추돌,안전운전불이행,건조,맑음,단일로 - 기타,승용,남,67세,상해없음,승용,여,33세,경상
2023120700100139,2023년 12월 7일 09시,목요일,대전광역시 동구 성남동,경상사고,0,0,2,0,차대차 - 추돌,안전운전불이행,건조,맑음,교차로 - 교차로부근,승용,여,34세,상해없음,승용,남,66세,경상
2023120700100140,2023년 12월 7일 09시,목요일,대전광역시 유성구 구암동,경상사고,0,0,20,0,차대차 - 기타,신호위반,건조,맑음,교차로 - 교차로안,승용,여,59세,상해없음,승합,남,49세,경상
2023120700100173,2023년 12월 7일 10시,목요일,대전광역시 동구 인동,경상사고,0,0,1,0,차대차 - 기타,신호위반,건조,맑음,교차로 - 교차로부근,화물,남,56세,상해없음,승용,여,27세,경상
2023120700100174,2023년 12월 7일 10시,목요일,대전광역시 서구 만년동,중상사고,0,1,0,0,차대차 - 기타,안전운전불이행,건조,맑음,단일로 - 기타,자전거,남,47세,기타불명,자전거,남,67세,중상
2023120700100225,2023년 12월 7일 12시,목요일,대전광역시 중구 유천동,경상사고,0,0,1,0,차대차 - 측면충돌,안전운전불이행,건조,맑음,교차로 - 교차로안,승용,여,57세,상해없음,승용,여,30세,경상
2023120700100226,2023년 12월 7일 12시,목요일,대전광역시 유성구 지족동,경상사고,0,0,1,0,차대차 - 추돌,안전운전불이행,건조,맑음,기타 - 기타,화물,남,46세,상해없음,승용,여,41세,경상
2023120700100267,2023년 12월 7일 13시,목요일,대전광역시 서구 월평동,경상사고,0,0,1,0,차대차 - 기타,안전운전불이행,건조,맑음,교차로 - 교차로안,기타불명,기타불명,미분류,기타불명,승용,여,22세,경상
2023120700100302,2023년 12월 7일 14시,목요일,대전광역시 서구 용문동,경상사고,0,0,1,0,차대차 - 추돌,안전운전불이행,건조,맑음,교차로 - 교차로부근,승용,남,40세,상해없음,승합,남,57세,경상
2023120700100303,2023년 12월 7일 14시,목요일,대전광역시 대덕구 비래동,경상사고,0,0,2,0,차대차 - 기타,안전운전불이행,건조,맑음,기타 - 기타,화물,남,55세,상해없음,화물,남,69세,경상
2023120700100304,2023년 12월 7일 14시,목요일,대전광역시 대덕구 비래동,경상사고,0,0,1,0,차대사람 - 횡단중,보행자보호의무위반,건조,맑음,교차로 - 교차로횡단보도내,승용,남,62세,상해없음,보행자,여,73세,경상
2023120700100305,2023년 12월 7일 14시,목요일,대전광역시 유성구 원내동,경상사고,0,0,1,0,차대차 - 기타,안전운전불이행,건조,맑음,교차로 - 교차로안,승용,여,57세,상해없음,승용,남,45세,경상
2023120700100416,2023년 12월 7일 17시,목요일,대전광역시 동구 용전동,경상사고,0,0,1,0,차대차 - 측면충돌,안전운전불이행,건조,맑음,단일로 - 기타,승용,남,58세,상해없음,이륜,남,32세,경상
2023120700100417,2023년 12월 7일 17시,목요일,대전광역시 서구 도마동,경상사고,0,0,1,0,차대차 - 측면충돌,안전운전불이행,건조,맑음,단일로 - 기타,승용,남,39세,상해없음,이륜,남,19세,경상
2023120700100478,2023년 12월 7일 18시,목요일,대전광역시 서구 관저동,경상사고,0,0,1,0,차대사람 - 횡단중,보행자보호의무위반,건조,맑음,교차로 - 교차로횡단보도내,화물,남,44세,상해없음,보행자,여,34세,경상
2023120700100479,2023년 12월 7일 18시,목요일,대전광역시 대덕구 문평동,경상사고,0,0,1,0,차대차 - 측면충돌,안전운전불이행,건조,맑음,교차로 - 교차로부근,특수,남,50세,상해없음,승용,남,42세,경상
2023120700100480,2023년 12월 7일 18시,목요일,대전광역시 유성구 봉명동,경상사고,0,0,1,0,차대차 - 기타,신호위반,건조,맑음,교차로 - 교차로안,승용,여,61세,상해없음,승용,여,26세,경상
2023120700100481,2023년 12월 7일 18시,목요일,대전광역시 유성구 추목동,중상사고,0,1,0,0,차대차 - 정면충돌,안전운전불이행,건조,맑음,단일로 - 기타,승용,여,44세,상해없음,자전거,남,12세 이하,중상
2023120700100518,2023년 12월 7일 19시,목요일,대전광역시 서구 내동,중상사고,0,1,0,0,차대사람 - 횡단중,안전운전불이행,건조,맑음,기타 - 기타,승용,남,68세,기타불명,보행자,여,64세,중상
2023120700100519,2023년 12월 7일 19시,목요일,대전광역시 서구 둔산동,경상사고,0,0,1,0,차대차 - 추돌,안전운전불이행,건조,맑음,단일로 - 기타,승용,남,46세,상해없음,승용,여,52세,경상
2023120700100582,2023년 12월 7일 22시,목요일,대전광역시 서구 갈마동,경상사고,0,0,1,0,차대차 - 기타,안전거리미확보,건조,맑음,단일로 - 기타,승용,남,62세,상해없음,승용,남,25세,경상
2023120800100073,2023년 12월 8일 07시,금요일,대전광역시 중구 대사동,경상사고,0,0,1,0,차대차 - 기타,안전운전불이행,건조,맑음,교차로 - 교차로부근,화물,남,44세,상해없음,화물,남,64세,경상
2023120800100110,2023년 12월 8일 08시,금요일,대전광역시 동구 신흥동,경상사고,0,0,1,0,차대차 - 정면충돌,신호위반,건조,맑음,교차로 - 교차로안,승용,여,57세,상해없음,승용,남,38세,경상
2023120800100228,2023년 12월 8일 12시,금요일,대전광역시 동구 원동,경상사고,0,0,3,0,차대차 - 정면충돌,안전운전불이행,건조,맑음,교차로 - 교차로안,승용,여,43세,경상,승용,여,52세,경상
2023120800100229,2023년 12월 8일 12시,금요일,대전광역시 유성구 신성동,경상사고,0,0,1,0,차대차 - 정면충돌,신호위반,건조,맑음,교차로 - 교차로안,승용,남,45세,상해없음,승용,남,75세,경상
2023120800100230,2023년 12월 8일 12시,금요일,대전광역시 유성구 봉명동,경상사고,0,0,1,0,차대차 - 기타,안전운전불이행,건조,맑음,기타 - 기타,승용,남,63세,기타불명,이륜,남,47세,경상
2023120800100266,2023년 12월 8일 13시,금요일,대전광역시 유성구 관평동,경상사고,0,0,1,0,차대차 - 추돌,안전운전불이행,건조,맑음,단일로 - 기타,승용,여,71세,상해없음,승용,여,37세,경상
2023120800100312,2023년 12월 8일 14시,금요일,대전광역시 중구 부사동,경상사고,0,0,1,0,차대차 - 추돌,안전거리미확보,건조,맑음,교차로 - 교차로안,승용,남,41세,상해없음,승용,여,41세,경상
2023120800100313,2023년 12월 8일 14시,금요일,대전광역시 유성구 궁동,경상사고,0,0,1,0,차대사람 - 기타,안전운전불이행,건조,맑음,기타 - 기타,개인형이동수단(PM),남,21세,상해없음,보행자,남,22세,경상
2023120800100363,2023년 12월 8일 15시,금요일,대전광역시 동구 삼성동,경상사고,0,0,1,0,차대차 - 추돌,안전거리미확보,건조,맑음,교차로 - 교차로안,승용,남,23세,상해없음,승용,여,44세,경상
2023120800100364,2023년 12월 8일 15시,금요일,대전광역시 유성구 구암동,경상사고,0,0,3,0,차대차 - 측면충돌,신호위반,기타,기타,기타 - 기타,승용,여,31세,상해없음,승용,남,39세,경상
2023120800100395,2023년 12월 8일 16시,금요일,대전광역시 서구 내동,경상사고,0,0,1,0,차대차 - 측면충돌,안전운전불이행,건조,맑음,단일로 - 기타,승용,여,62세,상해없음,승용,남,31세,경상
2023120800100436,2023년 12월 8일 17시,금요일,대전광역시 동구 효동,중상사고,0,1,0,0,차대사람 - 횡단중,안전운전불이행,건조,맑음,단일로 - 교량,승용,남,64세,상해없음,보행자,여,81세 이상,중상
2023120800100437,2023년 12월 8일 17시,금요일,대전광역시 유성구 노은동,경상사고,0,0,1,0,차대사람 - 횡단중,보행자보호의무위반,건조,맑음,교차로 - 교차로횡단보도내,승용,남,68세,상해없음,보행자,여,29세,경상
2023120800100438,2023년 12월 8일 17시,금요일,대전광역시 유성구 원신흥동,경상사고,0,0,1,0,차대차 - 기타,안전운전불이행,건조,맑음,교차로 - 교차로안,승용,여,64세,상해없음,이륜,남,24세,경상
2023120800100439,2023년 12월 8일 17시,금요일,대전광역시 유성구 관평동,중상사고,0,1,0,0,차대차 - 측면충돌,직진우회전진행방해,건조,맑음,교차로 - 교차로안,승용,남,35세,상해없음,이륜,남,21세,중상
2023120800100478,2023년 12월 8일 18시,금요일,대전광역시 대덕구 상서동,경상사고,0,0,1,0,차대차 - 측면충돌,안전운전불이행,건조,맑음,단일로 - 기타,승용,남,33세,상해없음,승용,여,52세,경상
2023120800100509,2023년 12월 8일 18시,금요일,대전광역시 서구 둔산동,경상사고,0,0,1,0,차대차 - 기타,안전운전불이행,건조,맑음,교차로 - 교차로부근,승용,여,53세,상해없음,원동기,남,39세,경상
2023120800100510,2023년 12월 8일 18시,금요일,대전광역시 서구 월평동,중상사고,0,2,0,0,차대차 - 기타,안전거리미확보,건조,맑음,단일로 - 기타,승용,남,66세,상해없음,승용,여,43세,상해없음
2023120800100557,2023년 12월 8일 19시,금요일,대전광역시 중구 문화동,경상사고,0,0,1,0,차대차 - 측면충돌,안전운전불이행,건조,맑음,교차로 - 교차로안,승용,여,49세,상해없음,승용,여,61세,경상
2023120800100558,2023년 12월 8일 19시,금요일,대전광역시 대덕구 덕암동,경상사고,0,0,1,0,차대차 - 측면충돌,안전운전불이행,건조,맑음,단일로 - 기타,화물,남,65세,상해없음,승용,여,29세,경상
2023120800100579,2023년 12월 8일 20시,금요일,대전광역시 대덕구 목상동,경상사고,0,0,1,0,차대차 - 기타,안전운전불이행,건조,맑음,단일로 - 기타,승용,남,38세,상해없음,승용,남,27세,경상
2023120800100580,2023년 12월 8일 20시,금요일,대전광역시 서구 탄방동,경상사고,0,0,1,0,차대차 - 기타,안전운전불이행,건조,맑음,단일로 - 기타,승용,남,60세,상해없음,승용,남,39세,경상
2023120800100607,2023년 12월 8일 21시,금요일,대전광역시 중구 중촌동,중상사고,0,1,0,0,차대차 - 측면충돌,안전운전불이행,건조,맑음,교차로 - 교차로부근,승용,남,33세,상해없음,원동기,남,57세,중상
2023120800100608,2023년 12월 8일 21시,금요일,대전광역시 대덕구 목상동,중상사고,0,1,1,0,차대차 - 기타,신호위반,건조,맑음,교차로 - 교차로안,승용,남,68세,중상,승용,남,48세,경상
2023120800100609,2023년 12월 8일 21시,금요일,대전광역시 유성구 봉명동,경상사고,0,0,1,0,차대차 - 측면충돌,안전운전불이행,건조,맑음,교차로 - 교차로횡단보도내,승용,남,27세,상해없음,개인형이동수단(PM),남,53세,경상
2023120800100610,2023년 12월 8일 21시,금요일,대전광역시 유성구 원신흥동,중상사고,0,1,0,0,차대차 - 정면충돌,안전운전불이행,건조,맑음,기타 - 기타,승용,남,40세,상해없음,승용,여,50세,중상
2023120800100630,2023년 12월 8일 22시,금요일,대전광역시 중구 유천동,경상사고,0,0,1,0,차대사람 - 기타,안전운전불이행,건조,맑음,단일로 - 기타,승용,남,39세,상해없음,보행자,남,25세,경상
2023120800100631,2023년 12월 8일 22시,금요일,대전광역시 서구 복수동,중상사고,0,1,0,0,차대사람 - 기타,보행자보호의무위반,건조,기타,단일로 - 기타,개인형이동수단(PM),남,20세 이하,상해없음,보행자,남,12세 이하,중상
2023120800100632,2023년 12월 8일 22시,금요일,대전광역시 서구 관저동,경상사고,0,0,1,0,차대차 - 기타,신호위반,건조,맑음,교차로 - 교차로안,기타불명,기타불명,미분류,기타불명,자전거,남,14세,경상
2023120800100633,2023년 12월 8일 22시,금요일,대전광역시 유성구 노은동,경상사고,0,0,2,0,차대차 - 기타,신호위반,건조,맑음,교차로 - 교차로안,기타불명,기타불명,미분류,기타불명,승용,남,25세,경상
2023120900100037,2023년 12월 9일 02시,토요일,대전광역시 서구 복수동,중상사고,0,1,4,0,차대차 - 기타,신호위반,건조,맑음,교차로 - 교차로안,승용,여,59세,경상,승용,남,61세,중상
2023120900100075,2023년 12월 9일 06시,토요일,대전광역시 중구 태평동,경상사고,0,0,1,0,차대차 - 추돌,안전운전불이행,건조,맑음,교차로 - 교차로부근,승용,남,27세,상해없음,승용,여,51세,경상
2023120900100094,2023년 12월 9일 07시,토요일,대전광역시 유성구 궁동,경상사고,0,0,1,0,차대사람 - 횡단중,안전운전불이행,건조,맑음,기타 - 기타,승합,남,61세,상해없음,보행자,여,25세,경상
2023120900100105,2023년 12월 9일 08시,토요일,대전광역시 동구 대동,경상사고,0,0,2,0,차대차 - 기타,신호위반,건조,맑음,교차로 - 교차로안,승용,남,28세,상해없음,승용,남,62세,경상
2023120900100157,2023년 12월 9일 10시,토요일,대전광역시 서구 월평동,경상사고,0,0,1,0,차대차 - 측면충돌,신호위반,건조,맑음,단일로 - 기타,승용,남,75세,상해없음,승용,남,59세,경상
2023120900100158,2023년 12월 9일 10시,토요일,대전광역시 유성구 관평동,경상사고,0,0,1,0,차대차 - 기타,안전운전불이행,건조,맑음,단일로 - 기타,자전거,남,30세,경상,승용,여,36세,상해없음
2023120900100190,2023년 12월 9일 11시,토요일,대전광역시 동구 대동,중상사고,0,1,0,0,차대차 - 측면충돌,안전운전불이행,건조,맑음,교차로 - 교차로안,화물,남,49세,상해없음,이륜,남,66세,중상
2023120900100191,2023년 12월 9일 11시,토요일,대전광역시 동구 가양동,경상사고,0,0,2,0,차대차 - 추돌,안전운전불이행,건조,맑음,단일로 - 기타,승용,남,72세,상해없음,승용,여,26세,경상
2023120900100228,2023년 12월 9일 12시,토요일,대전광역시 중구 대흥동,경상사고,0,0,1,0,차대차 - 기타,안전거리미확보,건조,맑음,교차로 - 교차로안,승용,여,65세,상해없음,승용,여,23세,경상
2023120900100229,2023년 12월 9일 12시,토요일,대전광역시 서구 탄방동,경상사고,0,0,1,0,차대차 - 측면충돌,안전거리미확보,건조,맑음,단일로 - 기타,승용,남,78세,상해없음,이륜,남,46세,경상
2023120900100230,2023년 12월 9일 12시,토요일,대전광역시 유성구 노은동,경상사고,0,0,2,0,차대차 - 측면충돌,안전거리미확보,건조,맑음,교차로 - 교차로부근,승용,남,58세,경상,승합,남,50세,경상
2023120900100302,2023년 12월 9일 14시,토요일,대전광역시 유성구 원내동,경상사고,0,0,1,0,차대차 - 기타,안전운전불이행,건조,맑음,기타 - 기타,승용,여,62세,상해없음,이륜,남,41세,경상
2023120900100337,2023년 12월 9일 15시,토요일,대전광역시 유성구 도룡동,부상신고사고,0,0,0,1,차대차 - 측면충돌,신호위반,건조,맑음,교차로 - 교차로안,승용,남,56세,상해없음,승용,남,51세,부상신고
2023120900100338,2023년 12월 9일 15시,토요일,대전광역시 유성구 송강동,경상사고,0,0,1,0,차대차 - 측면충돌,안전운전불이행,건조,맑음,교차로 - 교차로부근,승용,여,59세,상해없음,승용,여,35세,경상
2023120900100366,2023년 12월 9일 16시,토요일,대전광역시 동구 용전동,경상사고,0,0,2,0,차대차 - 기타,안전운전불이행,건조,맑음,단일로 - 기타,승용,여,64세,경상,승용,남,60세,경상
2023120900100367,2023년 12월 9일 16시,토요일,대전광역시 대덕구 중리동,경상사고,0,0,2,0,차대차 - 추돌,안전거리미확보,건조,맑음,교차로 - 교차로안,승용,남,21세,상해없음,승용,남,46세,경상
2023120900100446,2023년 12월 9일 18시,토요일,대전광역시 서구 도마동,중상사고,0,1,0,0,차대사람 - 횡단중,보행자보호의무위반,건조,맑음,교차로 - 교차로횡단보도내,승합,남,59세,상해없음,보행자,남,73세,중상
2023120900100503,2023년 12월 9일 20시,토요일,대전광역시 동구 용전동,경상사고,0,0,1,0,차대사람 - 기타,안전운전불이행,건조,맑음,단일로 - 기타,승합,남,56세,상해없음,보행자,여,39세,경상
2023120900100553,2023년 12월 9일 22시,토요일,대전광역시 서구 둔산동,중상사고,0,1,0,0,차대차 - 기타,안전운전불이행,건조,맑음,교차로 - 교차로안,승용,남,58세,기타불명,원동기,남,42세,중상
2023120900100554,2023년 12월 9일 22시,토요일,대전광역시 유성구 관평동,경상사고,0,0,1,0,차대차 - 측면충돌,신호위반,건조,맑음,교차로 - 교차로안,승용,남,31세,기타불명,승용,남,41세,경상
2023120900100555,2023년 12월 9일 22시,토요일,대전광역시 유성구 원신흥동,중상사고,0,1,0,0,차대차 - 기타,교차로운행방법위반,건조,맑음,교차로 - 교차로안,이륜,남,40세,상해없음,이륜,남,36세,중상
2023120900100572,2023년 12월 9일 23시,토요일,대전광역시 중구 유천동,경상사고,0,0,1,0,차대차 - 측면충돌,교차로운행방법위반,건조,맑음,교차로 - 교차로횡단보도내,승합,남,48세,상해없음,자전거,남,23세,경상
2023121000100020,2023년 12월 10일 00시,일요일,대전광역시 서구 갈마동,경상사고,0,0,1,0,차대차 - 기타,안전운전불이행,건조,맑음,단일로 - 기타,승용,남,20세 이하,기타불명,이륜,남,17세,경상
2023121000100042,2023년 12월 10일 02시,일요일,대전광역시 중구 대흥동,경상사고,0,0,1,0,차대사람 - 차도통행중,안전운전불이행,건조,맑음,교차로 - 교차로부근,이륜,남,20세 이하,상해없음,보행자,남,27세,경상
2023121000100155,2023년 12월 10일 12시,일요일,대전광역시 유성구 원내동,경상사고,0,0,4,0,차대차 - 기타,안전거리미확보,건조,맑음,기타 - 기타,승용,여,28세,상해없음,승용,여,33세,경상
2023121000100201,2023년 12월 10일 14시,일요일,대전광역시 동구 자양동,경상사고,0,0,1,0,차대차 - 측면충돌,안전운전불이행,건조,맑음,교차로 - 교차로안,이륜,남,43세,상해없음,승용,남,30세,경상
2023121000100202,2023년 12월 10일 14시,일요일,대전광역시 동구 판암동,경상사고,0,0,3,0,차대차 - 기타,안전운전불이행,건조,맑음,단일로 - 기타,승용,여,28세,상해없음,승용,남,40세,경상
2023121000100203,2023년 12월 10일 14시,일요일,대전광역시 서구 갈마동,경상사고,0,0,1,0,차대차 - 기타,안전운전불이행,건조,맑음,교차로 - 교차로안,이륜,남,31세,상해없음,화물,남,54세,경상
2023121000100237,2023년 12월 10일 15시,일요일,대전광역시 동구 신흥동,경상사고,0,0,1,0,차대차 - 후진중충돌,안전운전불이행,건조,맑음,교차로 - 교차로부근,승용,남,66세,상해없음,승용,남,60세,경상
2023121000100305,2023년 12월 10일 17시,일요일,대전광역시 동구 성남동,경상사고,0,0,1,0,차대차 - 기타,안전운전불이행,건조,맑음,단일로 - 기타,승용,남,67세,상해없음,원동기,남,39세,경상
2023121000100306,2023년 12월 10일 17시,일요일,대전광역시 대덕구 오정동,경상사고,0,0,1,0,차대차 - 기타,안전운전불이행,건조,맑음,단일로 - 기타,승용,남,45세,상해없음,자전거,남,81세 이상,경상
2023121000100354,2023년 12월 10일 18시,일요일,대전광역시 서구 복수동,중상사고,0,1,0,0,차대사람 - 보도통행중,안전운전불이행,건조,맑음,기타 - 기타,승용,여,40세,상해없음,보행자,남,69세,중상
2023121100100005,2023년 12월 11일 00시,월요일,대전광역시 유성구 전민동,경상사고,0,0,1,0,차대차 - 기타,안전운전불이행,건조,맑음,기타 - 기타,승용,여,55세,상해없음,승용,여,62세,경상
2023121100100012,2023년 12월 11일 01시,월요일,대전광역시 서구 도마동,경상사고,0,0,3,0,차대차 - 추돌,안전운전불이행,건조,맑음,교차로 - 교차로안,승용,남,35세,상해없음,승용,남,35세,경상
2023121100100020,2023년 12월 11일 03시,월요일,대전광역시 중구 유천동,경상사고,0,0,3,0,차대차 - 추돌,안전운전불이행,건조,맑음,교차로 - 교차로안,승용,남,28세,상해없음,승용,남,48세,경상
2023121100100059,2023년 12월 11일 06시,월요일,대전광역시 중구 대흥동,경상사고,0,0,2,0,차대차 - 기타,신호위반,건조,맑음,교차로 - 교차로안,승용,남,59세,상해없음,승용,여,50세,경상
2023121100100138,2023년 12월 11일 08시,월요일,대전광역시 유성구 구룡동,부상신고사고,0,0,0,1,차대차 - 추돌,안전거리미확보,건조,맑음,단일로 - 터널,승용,남,40세,상해없음,승용,남,32세,부상신고
2023121100100163,2023년 12월 11일 09시,월요일,대전광역시 중구 용두동,경상사고,0,0,1,0,차대차 - 기타,신호위반,젖음/습기,비,교차로 - 교차로안,승용,여,70세,상해없음,승용,남,61세,경상
2023121100100194,2023년 12월 11일 10시,월요일,대전광역시 중구 사정동,중상사고,0,1,1,0,차대차 - 기타,안전운전불이행,젖음/습기,흐림,교차로 - 교차로부근,건설기계,남,57세,상해없음,승용,남,40세,중상
2023121100100219,2023년 12월 11일 11시,월요일,대전광역시 유성구 관평동,경상사고,0,0,2,0,차대차 - 측면충돌,신호위반,젖음/습기,비,교차로 - 교차로부근,승용,여,62세,상해없음,승용,남,34세,경상
2023121100100220,2023년 12월 11일 11시,월요일,대전광역시 유성구 어은동,경상사고,0,0,2,0,차대차 - 측면충돌,직진우회전진행방해,젖음/습기,비,교차로 - 교차로안,승용,여,35세,경상,승용,남,68세,경상
2023121100100253,2023년 12월 11일 12시,월요일,대전광역시 동구 자양동,경상사고,0,0,1,0,차대사람 - 횡단중,보행자보호의무위반,젖음/습기,비,교차로 - 교차로횡단보도내,화물,여,69세,상해없음,보행자,여,20세,경상
2023121100100254,2023년 12월 11일 12시,월요일,대전광역시 대덕구 비래동,경상사고,0,0,1,0,차대차 - 기타,안전거리미확보,젖음/습기,비,기타 - 기타,승용,여,52세,상해없음,화물,남,48세,경상
2023121100100280,2023년 12월 11일 13시,월요일,대전광역시 서구 용문동,경상사고,0,0,1,0,차대사람 - 차도통행중,안전운전불이행,건조,맑음,단일로 - 기타,이륜,남,27세,상해없음,보행자,여,33세,경상
2023121100100308,2023년 12월 11일 14시,월요일,대전광역시 대덕구 오정동,중상사고,0,1,0,0,차량단독 - 기타,안전운전불이행,건조,맑음,단일로 - 기타,승합,남,42세,상해없음,,,,
2023121100100437,2023년 12월 11일 17시,월요일,대전광역시 중구 태평동,경상사고,0,0,1,0,차대차 - 기타,신호위반,젖음/습기,비,교차로 - 교차로안,승용,남,35세,기타불명,승용,남,61세,경상
2023121100100438,2023년 12월 11일 17시,월요일,대전광역시 동구 중동,경상사고,0,0,1,0,차대차 - 기타,안전운전불이행,젖음/습기,비,단일로 - 기타,화물,남,45세,상해없음,승용,여,58세,경상
2023121100100439,2023년 12월 11일 17시,월요일,대전광역시 동구 용전동,경상사고,0,0,1,0,차대차 - 후진중충돌,안전운전불이행,젖음/습기,비,단일로 - 기타,승용,남,27세,상해없음,이륜,남,58세,경상
2023121100100440,2023년 12월 11일 17시,월요일,대전광역시 서구 갈마동,경상사고,0,0,1,0,차대차 - 기타,신호위반,젖음/습기,비,단일로 - 기타,승용,남,69세,상해없음,승용,남,36세,경상
2023121100100556,2023년 12월 11일 18시,월요일,대전광역시 서구 괴정동,경상사고,0,0,1,0,차대차 - 기타,안전운전불이행,젖음/습기,비,교차로 - 교차로부근,화물,남,55세,상해없음,이륜,남,30세,경상
2023121100100557,2023년 12월 11일 18시,월요일,대전광역시 서구 만년동,경상사고,0,0,2,0,차대차 - 측면충돌,안전운전불이행,젖음/습기,비,교차로 - 교차로부근,승용,여,22세,상해없음,승용,여,41세,경상
2023121100100558,2023년 12월 11일 18시,월요일,대전광역시 유성구 노은동,중상사고,0,1,0,0,차대차 - 측면충돌,안전운전불이행,젖음/습기,비,기타 - 기타,승용,남,58세,상해없음,이륜,남,36세,중상
2023121100100559,2023년 12월 11일 18시,월요일,대전광역시 유성구 구암동,경상사고,0,0,1,0,차대차 - 기타,안전운전불이행,젖음/습기,비,교차로 - 교차로부근,화물,남,37세,상해없음,승용,남,24세,경상
2023121100100560,2023년 12월 11일 18시,월요일,대전광역시 유성구 노은동,중상사고,0,1,0,0,차대사람 - 기타,안전운전불이행,젖음/습기,비,단일로 - 기타,승용,남,49세,상해없음,보행자,남,58세,중상
2023121100100620,2023년 12월 11일 19시,월요일,대전광역시 서구 갈마동,경상사고,0,0,1,0,차대차 - 측면충돌,신호위반,젖음/습기,비,교차로 - 교차로안,승용,여,68세,상해없음,이륜,남,32세,경상
2023121100100656,2023년 12월 11일 20시,월요일,대전광역시 서구 변동,경상사고,0,0,1,0,차대사람 - 보도통행중,기타,젖음/습기,비,단일로 - 기타,승용,남,57세,상해없음,보행자,여,16세,경상